entropy_mean,entropy_slope,entropy_max,entropy_std,write_rate_mb_s,write_events_per_s,read_events_per_s,lba_variance,label,family
0.974198,1.39e-06,0.996131,0.120509,3.5931,920.0,850.9,64425501427878.89,0,AESCrypt-20200427_16-29-10
0.807378,7.73e-06,0.996259,0.291392,11.0701,2834.0333,6161.9333,246077465527750.34,1,Sodinokibi-20211007_21-57-41
0.48206,-8.6e-07,0.995916,0.209209,2.3264,646.6333,99.7667,102124777975896.28,1,Darkside-20210603_23-39-07
0.967257,-7e-08,0.996205,0.132663,27.102,6939.3333,6801.5,167507376487261.66,0,AESCrypt-20200516_00-49-54
0.993101,0.0,0.996262,0.027676,36.1525,9255.0667,11264.3,389138906730544.4,1,GandCrab4-20200828_00-44-46
0.974676,-6e-08,0.996354,0.110558,27.3655,7006.6333,7016.3,308137442136611.5,0,AESCrypt-20200526_01-32-14
0.204808,-0.00021408,0.994922,0.274992,0.2308,59.3,343.6667,456982274165142.9,0,Firefox-20210617_22-07-20
0.572682,1.422e-05,0.992217,0.349882,4.0672,1050.6333,451.5,447432265617904.75,1,Sodinokibi-20211007_20-17-30
0.9742,1e-08,0.996194,0.113189,19.5205,4997.3333,6634.3667,510362045078489.25,1,GandCrab4-20200828_19-52-42
0.087834,-3.38e-06,0.994901,0.224522,0.5024,128.6333,27.9,434726221902574.0,0,Firefox-20210617_23-42-02
0.549611,-2.153e-05,0.995912,0.154713,0.5544,141.9667,264.6,3521432416052394.5,0,Excel-20210707_20-55-44
0.987692,2.3e-07,0.996002,0.05531,10.9476,2802.6333,4793.0333,156853838433175.22,0,Zip-20200427_17-56-04
0.994289,-0.0,0.996346,0.004937,18.6494,4774.5,181.7333,261729240243905.56,0,SDelete-20210121_00-47-18
0.500167,-1.096e-05,0.994451,0.095865,0.241,61.8,34.1667,479484863079640.2,0,Firefox-20210611_00-25-47
0.337311,0.0,0.996045,0.446681,115.6943,29627.1667,817.7667,398791814859128.2,0,SDelete-20200516_02-39-13
0.337604,3.962e-05,0.995796,0.448793,1.2707,325.3,10.8,164783879777233.1,0,SDelete-20201208_22-40-07
0.400074,-5.7e-07,0.995748,0.310599,4.1193,1068.2667,131.8,509916260452333.75,1,Sodinokibi-20211012_22-17-50
0.241235,-5.061e-05,0.994922,0.316659,0.5654,145.0,605.9333,703090098194637.5,0,Firefox-20210617_22-42-33
0.568371,-7.25e-06,0.996074,0.270808,6.0614,1551.8,209.1667,192648711711096.34,1,Darkside-20210609_20-29-02
0.756202,-2.925e-05,0.990764,0.292312,0.6915,177.0333,164.1667,104580769196546.1,1,Sodinokibi-20211012_23-46-23
0.50479,6.68e-06,0.995015,0.335699,6.5903,1711.7667,473.0,685913974558725.4,1,Sodinokibi-20211013_01-17-52
0.418961,-3.62e-06,0.866168,0.198706,1.2864,329.7333,28.5,749732942315272.2,0,Firefox-20210618_00-03-32
0.33649,1e-07,0.995895,0.448091,35.6546,9130.9,309.9333,294366077064902.8,0,SDelete-20200427_15-52-59
0.765521,2.04e-06,0.99626,0.301944,12.9063,3304.0667,1004.3,1129004280438885.0,1,Sodinokibi-20210209_22-53-15
0.939509,-6.9e-07,0.996307,0.178645,44.2208,11320.7,6245.4667,1019288432713306.9,1,Ryuk-20200821_01-53-40
0.794414,6.24e-06,0.999632,0.29535,12.0579,3092.7333,2381.9,1014160318071175.9,1,WannaCry-20200707_23-37-46
0.984903,-1.3e-07,0.995912,0.067861,9.5952,2456.4,4908.5333,2066233483464337.8,0,Zip-20200420_15-48-51
0.537517,-4e-06,0.814855,0.131425,0.4715,121.0333,188.6333,426169528610283.56,0,Excel-20210708_21-56-09
0.547517,1.7e-06,0.995996,0.300929,11.2293,2874.8,3798.2333,2252448091066785.0,1,Ryuk-20200822_00-26-35
0.378401,3.414e-05,0.842774,0.223336,0.9788,250.7667,26.2,273177167424857.53,0,Firefox-20210714_22-23-06
0.510372,-8.19e-06,0.669276,0.128871,0.3324,85.2333,93.5,322845144408619.94,0,Excel-20210708_22-16-53
0.631286,-2.51e-06,0.995785,0.290179,3.3625,860.8,364.3667,302677935801931.06,1,Cerber-20200807_02-19-17
0.993793,1e-08,0.995875,0.022019,1.4125,361.8667,397.0333,1.1273535145034586e+16,0,Excel-20210708_23-22-23
0.986087,2.7e-07,0.995994,0.043049,10.6967,2738.4,4977.6667,21501409516109.16,0,Zip-20201215_19-35-06
0.3954,-0.00037615,0.553209,0.134889,0.0266,6.9,424.3667,54209340664920.77,1,Ryuk-20200821_01-37-50
0.560841,-2.327e-05,0.671415,0.089193,0.4041,103.5333,98.4,259310166341440.84,0,Excel-20210708_21-38-44
0.951572,-2.9e-07,0.996071,0.168335,9.2307,2372.7,2341.3667,139228727682317.22,1,TeslaCrypt-20200611_21-19-32
0.970469,1.8e-07,0.99632,0.121738,18.9034,4839.6333,3729.5,71469230522676.17,1,WannaCry-20200610_20-21-39
0.586259,-4.28e-06,0.995791,0.27716,1.2042,381.2,141.5333,459546817527747.3,1,GandCrab4-20200828_03-45-04
0.438774,-3.75e-06,0.995953,0.218748,1.9209,491.9667,91.5667,553511501648011.06,0,Firefox-20210617_22-42-33
0.861896,-1.07e-06,0.996248,0.253125,33.398,8550.2667,5903.4667,686446915912146.8,1,Sodinokibi-20210209_22-53-15
0.594135,-6.755e-05,0.996054,0.345833,1.0813,276.8667,746.2667,642621965047208.0,1,TeslaCrypt-20200414_16-11-05
0.971746,-6e-08,0.996252,0.118445,27.1681,6956.0,7266.9,237038789537221.62,0,AESCrypt-20200516_01-16-40
0.992598,-1e-08,0.996531,0.034325,8.313,2128.1333,2263.3,9475491694707.48,1,Cerber-20200805_19-34-10
0.443518,-2.49e-06,0.999418,0.227777,2.0316,520.2333,60.8667,1213400238740995.5,0,Firefox-20210610_23-13-14
0.711483,3.44e-06,0.995907,0.300067,3.4586,885.4,638.4333,414272762703290.25,1,Darkside-20210611_00-54-39
0.367282,6.541e-05,0.842798,0.224192,0.8683,222.4667,0.7,254533013841541.53,0,Firefox-20210714_22-08-39
0.453765,0.00011316,0.676597,0.102984,0.0784,20.1667,35.8333,525735187098997.0,1,Ryuk-20210624_01-18-09
0.540562,3.288e-05,0.995681,0.196246,0.3348,85.8333,21.7333,2245198289014511.0,0,Firefox-20210610_23-43-40
0.993125,9.3e-07,0.995755,0.033476,0.3106,79.6333,146.8,1951012845671652.5,0,Firefox-20210716_23-52-35
0.988936,-1.6e-07,0.99585,0.039285,10.7659,2756.0667,3786.9333,5340024648526.08,0,Zip-20201215_19-22-50
0.835785,3.7e-06,0.999632,0.265928,11.4955,2942.9,1194.6333,454994338057796.8,1,WannaCry-20201202_19-49-06
0.37751,-0.0250088,0.469166,0.146751,0.0016,0.4333,1.9,108644864684.31,1,Ryuk-20210624_00-57-13
0.713156,-7.6e-07,0.99633,0.313177,5.2602,1346.6333,877.5,471909914706214.25,1,GandCrab4-20200828_23-26-59
0.411109,3.58e-06,0.970605,0.199811,1.2358,316.4,28.0667,392547569162077.25,0,Firefox-20210611_00-02-39
0.985491,5.4e-07,0.995994,0.03822,7.5796,1940.4333,4782.2667,26214755707236.95,0,Zip-20201215_19-22-50
0.635073,1.73e-06,0.996082,0.296238,4.4779,1146.3333,652.0667,396566832067453.56,1,Darkside-20210609_22-50-01
0.771105,1.64e-06,0.996119,0.300354,13.0135,3331.6,939.6,1089921100575327.2,1,Sodinokibi-20210209_23-28-30
0.333962,-3e-08,0.995811,0.447174,49.9422,12789.0,313.1333,406173029205709.2,0,SDelete-20200516_03-00-19
0.992939,-6e-08,0.99583,0.009295,1.618,414.2,480.3667,823562144.0,0,Zip-20200516_03-43-17
0.492008,-3.61e-06,0.995807,0.207669,1.8484,520.8333,83.4,119650514948066.17,1,Darkside-20210527_23-18-40
0.56043,3.96e-06,0.996042,0.317627,7.5979,1945.1333,1420.0,2452300178323873.5,1,GandCrab4-20200829_03-17-01
0.985162,5.8e-07,0.995994,0.038843,7.2144,1846.9333,4550.9333,27412981973430.24,0,Zip-20201215_19-17-58
0.006203,1.6e-07,0.994536,0.062567,17.7971,4556.2,147.0667,69404956463993.2,1,WannaCry-20200520_21-15-53
0.977072,1.6e-07,0.99624,0.101002,17.8379,4582.3,5453.0,687331478129353.0,1,Cerber-20200807_19-33-19
0.988606,1.01e-06,0.995709,0.050129,2.9204,747.7,1095.0333,4610178619423.67,0,Zip-20201215_19-35-06
0.989487,-1.348e-05,0.995781,0.067831,0.1048,26.9667,94.2667,516351547873649.0,0,Firefox-20210716_23-52-35
0.523927,2.756e-05,0.670885,0.088253,0.6565,168.2,130.5,301069140815852.9,0,Excel-20210708_21-27-03
0.97556,1.3e-07,0.996246,0.109952,14.6776,3757.8667,6489.7,50389748910396.92,0,AESCrypt-20201126_22-48-16
0.22043,-7.215e-05,0.522008,0.177847,0.0166,4.2667,266.2667,25678470390558.87,0,Firefox-20210617_23-55-59
0.994214,0.0,0.996416,0.002406,54.3184,13967.6667,14050.4,128024245161007.95,1,Ryuk-20201119_19-05-04
0.967246,-2.6e-07,0.996211,0.137115,22.7272,5820.6,2107.3667,583061959513562.5,1,GandCrab4-20200828_01-53-12
0.532976,-0.00480093,0.994079,0.278247,0.0082,2.1333,0.5333,2307891510233996.5,1,Sodinokibi-20211004_23-50-38
0.963106,-1e-07,0.996446,0.140304,78.322,20050.6,14312.5,44680400395696.29,1,Ryuk-20210624_01-11-18
0.533821,-1.226e-05,0.993573,0.130421,1.197,306.5,362.2,1708162691082924.0,0,Excel-20210701_23-41-10
0.315441,5.416e-05,0.599263,0.163791,0.0869,22.4,144.5333,410587091054969.1,1,TeslaCrypt-20210616_21-49-02
0.973538,0.0,0.996257,0.114309,17.6846,4527.3667,4526.0667,161224220696597.16,0,AESCrypt-20200427_17-00-04
0.602868,3.03e-06,0.996056,0.295598,8.0074,2049.9,1679.0333,2084101991290757.8,1,Cerber-20200806_18-48-28
0.089459,-4.58e-06,0.994901,0.225903,0.5018,128.5,40.0333,361845558429830.5,0,Firefox-20210611_00-20-20
0.517562,7.76e-06,0.995435,0.197055,1.0823,277.3667,676.2,1.0310084542765892e+16,0,Excel-20210708_18-09-42
0.205037,-0.00095306,0.809297,0.184554,0.0307,8.0,47.2333,54494824813812.48,0,Firefox-20210610_23-20-21
0.994275,-0.0,0.99621,0.006875,5.3138,1360.5333,353.8,1498328766739230.5,1,Ryuk-20201119_20-16-12
0.955122,6e-08,0.99631,0.15356,64.398,16487.7667,25125.0,191800722970605.12,1,Sodinokibi-20211013_21-54-38
0.978826,1e-08,0.996348,0.098456,84.4319,21615.7333,22311.9,44673338267718.41,1,Sodinokibi-20211013_00-25-48
0.947938,4.96e-06,0.99601,0.168553,1.9173,490.8333,642.6333,324470153712893.0,0,AESCrypt-20200516_01-24-36
0.521351,6.92e-06,0.995573,0.17862,1.325,339.3667,822.2333,9695779172248428.0,0,Excel-20210707_21-01-51
0.987066,5e-08,0.99585,0.048411,10.9873,2812.8,6101.7,250618088872085.8,0,Zip-20200526_03-05-54
0.978614,1.47e-06,0.995994,0.064904,4.7376,1212.9333,3616.4333,7049771839918176.0,0,Zip-20200420_15-37-17
0.786713,-1.2e-07,0.996158,0.269355,33.1064,8475.2667,7432.3667,1210648052031329.2,1,Cerber-20200805_19-28-41
0.824528,3.25e-06,0.99626,0.289491,20.7131,5302.7667,10026.5,1596646391167216.0,1,Ryuk-20201217_19-52-44
0.993423,-6.2e-07,0.995819,0.028585,0.5408,138.6,82.5667,1227456246356005.0,0,Firefox-20210716_23-20-19
0.338099,9e-08,0.995827,0.447201,34.0709,8728.3333,277.8667,397027881625772.3,0,SDelete-20200415_15-59-21
0.977789,1e-07,0.9962,0.101358,12.1203,3103.2,3127.8667,44821082721569.61,0,AESCrypt-20201126_22-02-54
0.987442,-4.69e-06,0.99583,0.065013,0.9405,240.8,419.2667,40656908958191.9,0,Zip-20200526_02-51-42
0.988109,7e-08,0.99597,0.051708,13.1007,3353.8333,5236.9667,83871633089842.2,0,Zip-20200526_02-45-37
0.063789,-2.509e-05,0.994901,0.192694,0.4442,113.8,17.4333,332400583585780.8,0,Firefox-20210714_22-00-35
0.973121,7e-08,0.996259,0.116829,16.4899,4221.7,4246.9333,129512220570831.38,0,AESCrypt-20200420_11-24-46
0.989886,3.4e-07,0.99585,0.036782,2.6174,670.0667,1356.8,4242308583794.28,0,Zip-20201215_19-06-34
0.969028,6e-08,0.996386,0.127043,27.888,7140.6,7048.8667,253001999951141.66,0,AESCrypt-20200516_01-20-52
0.469015,1.428e-05,0.995818,0.209926,2.3391,598.8,598.9,261859266607557.25,1,Darkside-20210617_19-16-25
0.51648,3.38e-05,0.994339,0.119026,0.2206,56.6667,2.3333,460510984744625.06,0,Firefox-20210610_23-13-14
0.844078,-2.18e-06,0.996299,0.261968,16.63,4257.4,1597.9,395533720112965.1,1,Sodinokibi-20201204_23-54-00
0.965038,2.2e-07,0.99634,0.134196,14.4642,3703.3,4396.6,329881507291752.94,0,AESCrypt-20200526_00-44-12
0.518437,-8.87e-06,0.995521,0.178424,1.2806,327.9,386.9333,1.0045350611205934e+16,0,Excel-20210707_20-55-44
0.337361,2e-08,0.995933,0.445961,40.8967,10473.0667,276.0333,218171396481412.25,0,SDelete-20200415_15-13-46
0.484637,-5.72e-06,0.995736,0.193578,0.9211,235.9667,1830.0667,1963473204609304.8,1,Sodinokibi-20210209_23-00-20
0.613524,0.00012723,0.996207,0.353462,0.951,243.4667,503.6333,2296038556004116.0,1,Cerber-20200806_19-15-10
0.984572,-2.64e-06,0.996194,0.090118,1.3666,349.8667,52.1667,32041718206361.25,1,Darkside-20210607_18-16-49
0.954594,-1.7e-07,0.996153,0.154165,23.7656,6084.8667,3856.3333,141520508675723.8,1,WannaCry-20201202_22-16-29
0.994147,0.0,0.996248,0.007334,11.9462,3073.0,2064.0333,1486078280050456.5,1,WannaCry-20201028_22-01-46
0.968331,1e-08,0.996542,0.134757,35.1467,8997.7333,8809.1667,35661006545475.21,1,TeslaCrypt-20210126_19-18-43
0.334384,-0.0,0.996116,0.450561,121.7733,31174.2667,848.3,158342122851636.56,0,SDelete-20201208_22-40-07
0.11193,-2.28e-06,0.996101,0.254622,4.2249,1081.5667,0.1667,222220436889896.22,1,WannaCry-20200422_15-32-25
0.900323,-2.46e-06,0.996158,0.216255,1.2317,315.3333,39.5,196017896439603.25,1,Sodinokibi-20211013_22-00-05
0.325701,-0.00019051,0.833046,0.133274,0.1251,32.0667,0.0,215880119553824.8,1,Darkside-20210609_20-03-28
0.249904,0.00057843,0.750307,0.298553,0.0044,1.1667,0.1333,27856967623337.73,1,GandCrab4-20200828_21-54-13
0.824652,-8.3e-07,0.996189,0.2745,24.6074,6299.6333,2032.9667,602240952329112.0,1,Sodinokibi-20211013_22-18-00
0.741517,4.6e-06,0.996008,0.298282,3.6662,938.5667,729.5,404575559492078.5,1,Darkside-20210607_20-19-15
0.210458,0.00104804,0.551416,0.178464,0.031,8.0333,48.7,243116896134811.06,1,Ryuk-20200821_01-30-05
0.431641,-2.52e-06,0.99568,0.166198,3.305,846.1,108.6,103176661832155.75,1,Darkside-20210602_22-26-25
0.397208,-1.225e-05,0.98569,0.221498,2.4085,616.6333,895.0667,466690974716593.9,1,Ryuk-20200821_18-17-34
0.644118,-5.5e-07,0.996269,0.292526,11.6053,2970.9667,2203.5667,2076259501746919.5,1,GandCrab4-20200829_02-49-55
0.994277,0.0,0.9961,0.006717,5.5202,1413.2333,340.4,625110693531710.0,1,Darkside-20210717_01-42-02
0.994288,-0.0,0.996017,0.006027,6.9563,1780.8667,464.5333,463446511047841.4,1,Darkside-20210717_00-52-10
0.342732,1.87e-05,0.993786,0.171175,0.2331,59.6667,108.1,2492247024426392.0,1,Cerber-20200806_17-56-03
0.951458,-4.9e-07,0.996308,0.161023,51.6235,13215.6667,9362.6,748568043048736.9,1,Ryuk-20200821_02-14-07
0.414792,1.029e-05,0.996071,0.195116,2.9456,754.0667,295.2667,169142228405379.62,1,Darkside-20210527_21-59-16
0.443353,1.989e-05,0.993239,0.219173,1.1227,288.5,1938.2,1440477437280872.0,0,Excel-20210701_23-35-36
0.993826,1e-08,0.996075,0.021229,1.2347,316.2667,363.6333,1.13880002390552e+16,0,Excel-20210708_22-52-59
0.987382,3e-08,0.996461,0.067076,32.8861,8418.8667,8513.8333,293818594079578.75,1,TeslaCrypt-20200729_19-00-17
0.994293,0.0,0.996075,0.001273,4.7994,1229.4333,714.1,390922030048490.25,1,GandCrab4-20201124_19-49-48
0.993837,4e-08,0.995905,0.021239,0.7328,187.7667,177.9667,656166973858296.5,0,AESCrypt-20210120_22-22-23
0.974235,-0.0,0.996421,0.110865,17.7468,4543.2333,4458.4333,145283500636151.16,0,AESCrypt-20200427_16-52-26
0.158955,-3.485e-05,0.994922,0.240511,0.2478,63.5,355.3667,457818382817743.1,0,Firefox-20210617_23-13-25
0.991647,0.0,0.996317,0.043337,35.8319,9172.9667,9127.8667,170225802177002.44,1,TeslaCrypt-20200729_18-51-51
0.520308,1.64e-06,0.994897,0.1707,1.3698,353.0667,1132.5,2108346107229598.8,0,Excel-20210702_00-00-36
0.420454,1.87e-06,0.991581,0.187646,1.5105,386.7667,30.6,1000940050361821.1,0,Firefox-20210618_02-09-37
0.338675,-0.0,0.996015,0.442684,99.2433,25417.8667,1151.4,644433839662973.8,0,SDelete-20200526_02-19-24
0.519032,2.7e-06,0.995912,0.158442,0.9671,248.3333,542.3667,7398610651556578.0,0,Excel-20210708_18-09-42
0.455586,-0.00623707,0.506855,0.061465,0.0033,0.8333,12.8,20775781601.49,1,Ryuk-20200821_01-43-17
0.994076,6e-08,0.99599,0.01518,1.4217,364.0667,464.1,9650398081033320.0,0,Excel-20210708_23-34-51
0.533036,7.31e-06,0.995912,0.162134,0.6084,155.9333,420.5667,3429392551644324.0,0,Excel-20210708_18-04-14
0.530154,-1.069e-05,0.995686,0.17188,1.3057,334.4,512.8,8831952394211805.0,0,Excel-20210707_19-54-06
0.994073,1e-08,0.996123,0.015381,2.4642,631.0,115.6667,5584700734976843.0,0,Firefox-20210716_23-41-03
0.96595,-1.2e-07,0.996448,0.13365,72.5775,18579.9333,16518.5333,195026462452043.06,1,Ryuk-20200820_23-19-58
0.981731,1.2e-07,0.996167,0.089574,20.1081,5148.2333,3884.5333,44842731218667.74,0,AESCrypt-20201126_22-43-40
0.538059,-2.49e-06,0.99503,0.142601,1.6487,422.5333,1111.7333,1832663285874641.2,0,Excel-20210701_23-13-43
0.337879,0.0,0.996059,0.44408,114.7044,29374.3,875.7333,317538604827215.44,0,SDelete-20200516_01-45-54
0.968726,5e-08,0.996354,0.126887,16.4263,4205.4333,4373.3333,277209070338360.28,0,AESCrypt-20200427_17-22-00
0.414935,4e-08,0.991581,0.191105,1.4429,369.7333,27.6,555540937192085.0,0,Firefox-20210617_22-22-18
0.336779,-1e-08,0.995864,0.444913,120.4251,30841.4333,712.5667,915280939281307.8,0,SDelete-20200526_02-15-30
0.964653,1e-07,0.996393,0.135753,14.4638,3703.4,6638.6333,361372511205416.9,0,AESCrypt-20200516_01-20-52
0.884682,1.7e-06,0.996127,0.231693,9.4555,2420.7333,4446.5,341374287973252.06,1,Darkside-20210714_19-48-16
0.977753,1.59e-06,0.995994,0.06609,4.7878,1225.6667,3661.0,7012709668594231.0,0,Zip-20200420_15-44-56
0.335823,1e-08,0.996029,0.450002,94.5555,24206.5,712.3333,164976530579972.1,0,SDelete-20201208_22-22-19
0.967003,-2e-08,0.996363,0.127511,56.0886,14359.3667,14408.8333,86686706862639.67,1,Ryuk-20201217_19-08-09
0.966414,1.9e-07,0.996493,0.132658,9.2126,2358.4333,4340.9667,263304509553710.84,0,AESCrypt-20200427_16-52-26
0.993,-1e-08,0.99617,0.007686,10.3997,2840.6333,701.8667,851260266980035.5,1,Sodinokibi-20210120_19-23-36
0.551959,1.526e-05,0.994102,0.184801,0.7365,188.5333,250.1,1194263406301679.0,0,Excel-20210701_23-35-36
0.375019,-1.51e-06,0.995859,0.127802,3.3406,856.0,532.9667,246129855451803.06,1,Darkside-20210609_22-50-01
0.508705,5.14e-06,0.99535,0.155072,1.3512,346.1,672.7333,1.1136203111127842e+16,0,Excel-20210707_21-41-40
0.536455,1.945e-05,0.669276,0.116211,0.4403,112.9,107.3333,314151460789450.06,0,Excel-20210708_21-38-44
0.976441,1.7e-07,0.996254,0.106904,10.7364,2757.0667,2499.7667,119177033234369.97,1,GandCrab4-20200828_19-44-56
0.991093,-2e-08,0.995768,0.014544,9.0367,2313.4,4635.4667,103515678358982.34,0,Zip-20200427_18-13-08
0.988146,5e-08,0.995912,0.045903,8.3878,2147.2667,4314.4,6630988041316.96,0,Zip-20201215_19-31-00
0.148673,-9.71e-06,0.995555,0.302802,2.9529,757.9667,39.2,397811380311618.75,1,GandCrab4-20200828_21-16-03
0.902187,-5.3e-07,0.996482,0.221427,40.0174,10245.2333,8911.3667,311295947540883.1,1,Sodinokibi-20211007_02-31-03
0.53727,-1.059e-05,0.995686,0.186367,1.2583,322.1667,373.1333,9557372367057444.0,0,Excel-20210707_21-16-02
0.45269,4.85e-06,0.995953,0.205801,2.2739,582.3,16.3333,418279087625009.9,0,Firefox-20210714_22-23-06
0.535248,3.3e-07,0.995159,0.149357,1.5006,385.5667,1022.3,1847522013717008.8,0,Excel-20210701_22-39-11
0.994266,-0.0,0.996247,0.007374,6.8446,1752.3333,451.1333,421215059334575.4,1,Darkside-20210717_01-33-45
0.994301,0.0,0.996257,0.003718,23.4816,6011.5333,232.4667,224099940636389.2,0,SDelete-20210121_00-19-43
0.966991,1.39e-06,0.996306,0.132074,5.6488,1446.2,1548.1,651140149736538.4,0,AESCrypt-20200516_01-20-52
0.619895,2.31e-06,0.996101,0.299342,5.5486,1420.5,7741.4333,2174665635239750.5,1,Sodinokibi-20200826_00-04-47
0.297515,-0.00037924,0.80032,0.144245,0.0545,14.0,51.6667,278830665239018.53,1,Darkside-20210608_17-35-47
0.715883,3.13e-06,0.996272,0.303414,4.6721,1196.2,746.4,255529253879497.16,1,GandCrab4-20210126_22-37-34
0.639973,-2.99e-06,0.996218,0.287536,3.7825,1004.8333,181.3667,368501764550006.75,1,Darkside-20210603_23-39-07
0.472475,2.7e-07,0.995987,0.418808,9.4237,2428.8,710.3,1629666779681247.5,1,Sodinokibi-20211004_23-22-28
0.393899,-0.00771849,0.531256,0.130528,0.0016,0.4,0.0,221829357679396.38,1,Cerber-20200806_18-01-07
0.573127,-4.66e-06,0.996071,0.309642,8.8309,2260.7333,1168.1,2638868538473430.5,1,Sodinokibi-20200824_18-07-20
0.561832,-5.09e-06,0.97645,0.125888,0.2938,75.2,203.0,280578463363324.3,0,Excel-20210707_21-28-02
0.644901,-1.326e-05,0.996021,0.299401,1.1694,322.4333,806.2333,589485645994290.9,1,Ryuk-20200821_20-34-10
0.99127,-1.2e-07,0.995971,0.037008,2.5943,664.1333,769.3667,4885221132235448.0,0,Zip-20200420_15-14-21
0.9939,4e-08,0.996378,0.020142,1.7798,455.8333,582.2333,6433461358652894.0,0,Firefox-20210716_23-41-03
0.758959,-1.91e-06,0.996066,0.291862,7.6264,2011.3667,506.8667,2376523566378017.5,1,Sodinokibi-20200825_18-43-38
0.992367,2e-08,0.996072,0.037475,13.7874,3529.6333,2092.5,634393330959106.2,1,WannaCry-20200729_02-36-00
0.300714,0.00021222,0.725577,0.201586,0.1846,47.4,29.5667,975653000228356.6,1,Ryuk-20200822_00-32-05
0.994061,-1e-08,0.996161,0.015566,2.3729,607.6667,384.6333,7349784046600490.0,0,Firefox-20210716_23-34-19
0.993003,6e-08,0.996231,0.026205,13.7451,3518.7333,4005.8667,91982574122657.02,1,GandCrab4-20200827_01-46-49
0.374833,-2.57e-06,0.995726,0.117197,3.1388,804.3667,611.4333,280031763328758.5,1,Darkside-20210607_20-19-15
0.987699,1.3e-07,0.99597,0.054575,13.3077,3406.8667,5330.0667,396986679653347.2,0,Zip-20200516_03-49-10
0.42863,-6.13e-06,0.995953,0.228119,1.9752,505.8667,59.8,547746238117115.44,0,Firefox-20210617_22-48-55
0.785332,3.57e-06,0.996172,0.29215,2.3108,591.6,16.5,423226448987499.2,1,Sodinokibi-20211012_21-56-13
0.614688,1.71e-06,0.996003,0.30913,7.1485,1830.0333,4073.1333,2070924015472630.5,1,Sodinokibi-20200825_01-51-48
0.590651,0.00029974,0.995922,0.386334,0.1045,26.8,31.8,1785104767439224.8,1,Sodinokibi-20211018_21-28-50
0.434657,-1.16e-06,0.995953,0.218562,2.0314,520.0667,94.8333,532103976801080.0,0,Firefox-20210617_23-06-08
0.338789,1e-08,0.995923,0.441691,33.2375,8513.0333,410.4,181208929227972.44,0,SDelete-20200427_15-57-15
0.537298,2.27e-06,0.996052,0.312516,6.7907,1739.6333,1226.0,2331649550079231.5,1,GandCrab4-20200827_17-50-03
0.950273,3.8e-07,0.996316,0.160721,52.5802,13461.5667,17011.1333,842973506416510.0,1,GandCrab4-20200828_18-04-25
0.379317,2.081e-05,0.865256,0.203118,0.7954,203.7667,8.2667,267543600686931.9,0,Firefox-20210714_22-57-54
0.991065,-3.97e-06,0.995584,0.055821,0.1179,30.3,134.7667,4088828380605790.0,0,Firefox-20210717_00-20-12
0.588536,-6.18e-06,0.996123,0.280305,6.4339,1647.1333,198.1667,197206406984288.44,1,Darkside-20210607_17-26-07
0.533634,7.76e-06,0.814855,0.130692,0.4855,124.6,216.6333,473038260756689.25,0,Excel-20210708_22-06-31
0.07825,-1.378e-05,0.994901,0.21593,0.4961,127.1,50.6333,325989678279722.3,0,Firefox-20210714_21-42-43
0.967476,1e-07,0.996372,0.127141,49.9289,12782.9,7661.8,333834985128001.6,1,WannaCry-20200716_01-12-18
0.993775,-5e-08,0.995968,0.022589,1.4086,360.8667,348.7333,2693173431332196.0,0,Firefox-20210717_00-00-24
0.561831,1.661e-05,0.671415,0.102961,0.2861,73.3333,77.9667,182313851899735.97,0,Excel-20210708_22-11-45
0.994287,-0.0,0.996107,0.005929,7.1891,1840.4667,542.5,415816201234444.5,1,Darkside-20210717_00-36-40
0.992468,-8e-08,0.995971,0.006303,4.2336,1083.8,1342.5,4726260674568928.0,0,Zip-20200420_15-06-48
0.993006,0.0,0.996273,0.028976,49.2341,12603.9333,6151.4333,59091840701019.25,1,WannaCry-20200805_22-16-20
0.586346,-0.00014693,0.858225,0.256277,0.3535,90.5,353.3667,406532624610707.9,1,Darkside-20210602_19-20-10
0.626986,-4.898e-05,0.984966,0.192309,0.2996,77.1667,175.2333,214563019929032.34,0,Excel-20210707_21-11-24
0.99428,-0.0,0.996414,0.004485,25.0097,6406.9,3506.6333,4393279134853800.0,1,Darkside-20210717_01-42-02
0.405332,6.17e-06,0.995131,0.309294,1.4156,367.5,64.2667,753645097078365.2,1,Sodinokibi-20211013_19-24-15
0.994079,3e-08,0.996034,0.006514,3.8053,978.0,585.6667,383564295342656.4,1,GandCrab4-20201124_19-58-17
0.966099,-9e-08,0.99634,0.133932,27.9824,7164.5,7086.7,225269376075031.12,0,AESCrypt-20200526_01-40-49
0.318264,-0.0110642,0.352394,0.075454,0.0016,0.4333,279.9333,2883440345358.77,0,Zip-20200526_03-08-52
0.608028,-1.6e-07,0.996006,0.303474,8.9629,2294.5333,2438.0667,2161765978089534.0,1,Sodinokibi-20200824_17-47-34
0.68573,5.1e-07,0.996159,0.319057,15.2338,3899.9,1663.2,2322403583760345.5,1,Sodinokibi-20211013_19-24-15
0.64279,-1.072e-05,0.99615,0.287154,5.7109,1462.1667,664.1333,101207703752965.42,1,Darkside-20210714_19-15-11
0.993713,3.2e-07,0.995887,0.023583,0.6562,168.2333,172.3667,566089991422186.0,0,AESCrypt-20210120_22-09-27
0.337323,-3.115e-05,0.547375,0.071108,0.1144,29.3333,335.7,7655208714006.88,1,Cerber-20210126_20-24-41
0.993996,9e-08,0.996065,0.017139,1.4167,362.8333,376.6,9560584847152690.0,0,Excel-20210708_23-00-26
0.379163,-0.00026728,0.752744,0.226442,0.2841,72.7333,0.0,376827690088622.1,0,Firefox-20210618_00-12-16
0.387548,1.514e-05,0.841624,0.207321,0.8767,224.5333,0.4,590761137600852.0,0,Firefox-20210714_21-53-48
0.53516,2.232e-05,0.669276,0.114985,0.4498,115.3333,110.2333,333126934579990.0,0,Excel-20210708_21-49-25
0.973705,1e-07,0.996578,0.117293,8.8432,2271.6,2921.3,175601833355058.88,1,GandCrab4-20200828_03-45-04
0.244412,-4.554e-05,0.994922,0.317112,0.5713,146.5333,724.1667,697186696612043.6,0,Firefox-20210617_22-36-15
0.778958,1.67e-06,0.996211,0.305623,41.9313,10734.6333,13848.0333,1828013860587576.0,1,GandCrab4-20200828_21-16-03
0.084421,7.66e-06,0.994901,0.220736,0.5187,132.8667,28.1333,462763319750125.75,0,Firefox-20210617_22-48-55
0.376244,3.703e-05,0.842692,0.226416,0.5342,136.8667,0.2333,561634971358962.75,0,Firefox-20210714_22-08-39
0.96135,2e-08,0.996402,0.150536,51.981,13307.7,12725.2,93724382804758.02,1,TeslaCrypt-20200610_02-06-15
0.140391,6.493e-05,0.995953,0.300503,0.6312,161.7,124.1,382090053954657.2,0,Firefox-20210610_23-33-03
0.986155,1e-07,0.995846,0.057032,8.9401,2288.7333,4604.5667,117214017164366.92,0,Zip-20200427_17-51-34
0.972837,-2e-07,0.996295,0.118632,17.8239,4562.9667,4244.4667,231980513910228.62,0,AESCrypt-20200420_11-46-24
0.358614,-1.85e-06,0.995715,0.40521,2.3017,589.3,18.0,432224393549169.6,0,SDelete-20201208_22-22-19
0.641584,9.8e-06,0.995941,0.324243,3.9347,1007.6,514.7333,8137402178795474.0,1,Ryuk-20200821_20-39-50
0.974875,-7e-08,0.996267,0.110792,27.3924,7013.6667,7293.0667,652948026491147.9,0,AESCrypt-20200516_00-49-54
0.761489,-5.3e-07,0.996347,0.29859,20.0019,5120.5667,2073.9,775042942159258.4,1,Sodinokibi-20210209_22-23-44
0.988951,-1e-07,0.99597,0.051041,6.9679,1783.9333,3531.0667,21421273040095.33,0,Zip-20201215_19-17-58
0.993888,-0.0,0.995938,0.020084,1.3738,351.9,383.3667,9481535680564378.0,0,Excel-20210708_23-11-29
0.633333,-6.32e-06,0.996587,0.277152,2.9833,763.7667,896.9333,582559143837478.8,1,Cerber-20200807_03-11-10
0.99382,6e-08,0.996023,0.020739,1.0164,260.4333,223.0,1.0110751379755108e+16,0,Excel-20210708_23-22-23
0.973086,-3e-08,0.99639,0.112386,26.5296,6791.6667,6383.4667,23330564558327.38,1,Cerber-20210126_20-58-01
0.925696,8.4e-07,0.999632,0.199884,40.3395,10327.1333,9602.1667,76719469397713.2,1,WannaCry-20201029_22-44-12
0.994148,-0.0,0.995923,0.013186,2.7783,711.3667,156.6667,6649346252446250.0,0,Firefox-20210716_23-52-35
0.596076,4.87e-06,0.996228,0.314519,11.5443,2955.4667,4854.9333,3006405100631902.5,1,Ryuk-20201027_22-50-35
0.973567,-1e-08,0.996316,0.112621,28.3699,7263.2333,6975.6,314636031461093.2,1,GandCrab4-20200828_03-37-15
0.429537,-1.92e-06,0.991581,0.196281,1.6618,425.4333,39.7667,4841180627077681.0,0,Firefox-20210617_23-13-25
0.126697,0.00019817,0.994757,0.207362,0.1271,32.7333,70.2,446830059414240.4,0,Firefox-20210616_19-27-04
0.981629,0.0,0.99645,0.086396,73.0272,18695.6,8740.8,65193000253506.8,1,WannaCry-20201202_22-03-20
0.774335,6.2e-07,0.996263,0.277986,35.4396,9072.6333,13818.2667,1527861050227221.0,1,Cerber-20200730_01-52-53
0.538706,1e-06,0.995114,0.136608,1.3243,340.0333,1079.1333,2008862803763500.2,0,Excel-20210701_23-49-20
0.992553,-4.82e-06,0.995778,0.040338,0.1481,38.0333,105.3333,2531422775383455.0,0,Firefox-20210716_23-41-03
0.70302,-5.96e-06,0.996113,0.317732,5.9905,1533.6,741.5333,437892657914661.56,1,Ryuk-20200821_20-39-50
0.095124,1.188e-05,0.994901,0.231421,0.494,126.5,33.3667,650097031606682.6,0,Firefox-20210618_00-12-16
0.340243,1e-08,0.996042,0.441022,36.3435,9309.3667,397.8333,320081931470101.75,0,SDelete-20200415_16-03-11
0.991896,-1.4e-07,0.995749,0.00382,2.3,588.8,820.9,39196308313326.51,0,Zip-20200427_17-51-34
0.32817,5.1e-07,0.995921,0.456769,9.3511,2394.3333,52.8,68485171566708.8,0,SDelete-20200427_15-40-11
0.71458,-7.25e-06,0.996044,0.315295,5.8878,1507.2667,731.9,411525766886365.6,1,Ryuk-20200820_18-27-04
0.989735,-0.0,0.99583,0.036509,6.4076,1640.3333,2378.9667,167051132495680.28,0,Zip-20200516_03-39-25
0.526812,7.75e-06,0.992423,0.344543,6.0636,1572.1333,460.8333,480059289129541.1,1,Sodinokibi-20211012_23-12-12
0.382408,6.485e-05,0.883426,0.223692,0.3263,83.5667,6.5667,1008052004923977.4,0,Firefox-20210610_23-33-03
0.865405,-2.13e-05,0.99605,0.249624,1.2303,314.9667,39.3333,202563736866194.28,1,Sodinokibi-20211012_22-55-54
0.410992,-9.88e-06,0.996086,0.224556,4.0114,1027.0667,777.8,1362567635486807.2,1,Ryuk-20200821_21-46-47
0.975038,1e-08,0.996307,0.1065,82.3825,21090.7333,10503.3333,91501785029041.62,1,WannaCry-20201202_21-58-48
0.993713,-1.1e-07,0.995828,0.024109,0.6279,160.9,133.9667,357591527614696.9,0,AESCrypt-20210120_22-42-16
0.094536,0.00026129,0.687322,0.175727,0.0545,14.0333,45.0333,302043010169477.44,0,Firefox-20210714_22-16-14
0.550849,0.00018028,0.995498,0.27281,0.4428,113.3667,445.9,902465570159084.1,1,Cerber-20200729_03-32-47
0.539018,1.87e-06,0.994498,0.18709,0.9958,254.9667,319.4,1539570125711016.5,0,Excel-20210701_23-49-20
0.174023,-2.41e-05,0.993702,0.260447,0.3816,97.8667,331.1333,401066837202237.56,0,Firefox-20210610_23-13-14
0.994293,0.0,0.99621,0.004185,19.1656,4906.6667,280.6,48636682779487.64,0,SDelete-20210121_01-02-35
0.36673,1e-06,0.996059,0.446096,19.1426,4902.2,377.9333,541173112606996.4,0,SDelete-20200516_01-45-54
0.278119,7.937e-05,0.707514,0.125235,0.0987,25.3,60.0667,158568617180720.53,1,Darkside-20210607_18-02-24
0.194937,-0.00384348,0.514282,0.182771,0.0044,1.1333,9.2333,7633215656444.18,1,Cerber-20200807_00-46-51
0.389441,-6.048e-05,0.712197,0.130692,0.2142,54.9,351.4667,973007582351392.0,1,Cerber-20200806_21-40-06
0.617091,4.05e-06,0.996027,0.292964,3.9543,1012.3667,832.2333,405285115751488.75,1,Darkside-20210602_22-42-17
0.990132,4e-08,0.99597,0.038226,12.5084,3202.2333,5173.5667,120245908138885.19,0,Zip-20200526_02-38-57
0.409739,2.31e-06,0.994569,0.201706,1.418,363.0333,46.0333,1298019953068177.5,0,Firefox-20210611_00-20-20
0.657157,2.146e-05,0.985429,0.297572,0.6248,160.0,58.3667,3717215340281101.0,0,Excel-20210707_19-35-58
0.27408,0.00046392,0.515615,0.114295,0.0076,1.9667,9.8333,31542959657563.05,1,GandCrab4-20200829_04-07-10
0.978933,0.0,0.99627,0.098135,67.6382,17316.1,18370.7667,46995653351002.61,1,Sodinokibi-20211007_22-04-45
0.104565,0.00018269,0.994508,0.194744,0.2141,55.0667,95.7,331586078546250.2,0,Firefox-20210714_22-16-14
0.68503,-2.66e-06,0.996492,0.309745,4.4631,1204.9,415.1,383042862806290.94,1,Ryuk-20200820_17-34-56
0.986857,-1.31e-06,0.995917,0.071723,1.6499,422.4667,25.5,29827336397744.28,1,Darkside-20210607_17-48-20
0.621525,8.43e-06,0.996244,0.352858,3.9191,1003.4,548.1667,205987269887078.75,1,GandCrab4-20210126_22-54-12
0.630876,2.1e-07,0.996096,0.430194,12.0335,3094.1333,54.2333,367843995988796.5,1,Darkside-20210607_18-02-24
0.994105,0.0,0.996211,0.009123,15.5639,4001.3333,2606.5,351022548669368.1,1,WannaCry-20201028_22-46-38
0.459835,3.93e-06,0.995953,0.199328,2.2461,575.2,16.3667,381563612874490.44,0,Firefox-20210714_21-42-43
0.44603,-0.00015581,0.926702,0.225211,0.253,65.2,78.7333,1635505387377918.8,1,Sodinokibi-20200824_20-33-30
0.423914,-3e-07,0.995881,0.340231,14.1671,3648.1667,258.4667,599766676150851.6,1,Sodinokibi-20211007_22-04-45
0.249135,-0.00047204,0.605168,0.164185,0.027,7.0,259.3667,242288237727103.44,0,Firefox-20210617_22-29-38
0.602484,1.46e-06,0.996239,0.314104,22.0344,5640.8333,2995.0667,2827699118668623.5,1,Ryuk-20200822_00-50-07
0.994209,-4e-08,0.996185,0.009866,1.1842,303.2333,405.7667,8666246038360262.0,0,AESCrypt-20210120_22-42-16
0.993082,-1e-07,0.996266,0.025833,1.1145,285.3,102.5,14521085314042.2,0,AESCrypt-20200526_01-32-14
0.33655,-1e-08,0.995712,0.445308,38.2958,9808.0667,332.5333,158547364274898.8,0,SDelete-20200427_15-35-09
0.541931,-8.65e-06,0.989424,0.103824,0.5827,151.4,149.2667,746063109860435.9,0,Excel-20210707_21-37-06
0.432749,-1.292e-05,0.995681,0.223806,1.4458,370.1667,24.6333,867871545745049.1,0,Firefox-20210610_23-56-12
0.438935,-4.59e-06,0.995953,0.222451,1.8029,461.5333,61.3667,743353177471084.0,0,Firefox-20210618_00-12-16
0.911695,-6.2e-07,0.996449,0.211891,36.1821,9263.7667,4939.9667,306936219068259.5,1,WannaCry-20201202_20-19-14
0.921987,-6.88e-06,0.99607,0.188017,0.8563,219.3333,44.5667,317707922621007.2,1,Ryuk-20201217_19-32-15
0.337773,0.0,0.995913,0.446245,126.0191,32272.3333,730.6,912134027275571.6,0,SDelete-20200526_02-28-35
0.178026,-4.19e-05,0.994922,0.266607,0.5012,128.5333,2201.4333,980613742639103.4,0,Firefox-20210617_21-54-16
0.976609,0.0,0.996292,0.104606,87.4871,22397.9667,22677.3,56872382191737.1,1,Sodinokibi-20211013_18-05-04
0.338286,0.0,0.99614,0.444324,114.4813,29317.3,836.7,377019472342676.75,0,SDelete-20200516_02-13-58
0.534255,4.7e-07,0.99442,0.199868,1.1332,290.4,484.1667,1593152082311363.5,0,Excel-20210702_00-27-20
0.968971,-4e-08,0.996364,0.123362,89.7468,22976.9,21053.2,110883213302587.0,1,Sodinokibi-20211008_00-06-32
0.418516,-9.4e-06,0.994754,0.334932,0.3678,95.2,7.2,790024049697154.5,1,Sodinokibi-20211014_20-21-28
0.440382,1.75e-06,0.991581,0.167229,1.428,365.7,70.6,566157172617413.0,0,Firefox-20210618_00-12-16
0.958645,8.7e-07,0.996182,0.142209,7.2718,1861.6667,8200.7,1015872711940531.2,1,Ryuk-20200820_18-03-08
0.506498,-4.322e-05,0.668132,0.083365,0.442,113.3,115.2,323881986596139.5,0,Excel-20210708_21-44-34
0.565934,2.29e-06,0.955533,0.112524,0.2879,73.7333,511.7333,547367477949477.9,0,Excel-20210701_23-35-36
0.518772,9.12e-06,0.564668,0.028063,0.2001,51.2667,0.5667,2299390207961.14,0,Firefox-20210617_22-22-18
0.518417,-4.52e-06,0.571474,0.034358,0.1695,43.4333,0.0,25440540446099.61,0,Firefox-20210617_22-42-33
0.385779,-0.00055456,0.652652,0.168431,0.0554,14.3,991.5,1151978689740065.8,1,Sodinokibi-20210209_22-23-44
0.64497,-5.881e-05,0.995915,0.353275,1.4518,371.6667,606.5667,2350604603317320.0,1,TeslaCrypt-20210616_21-43-24
0.943322,2.28e-06,0.996224,0.18236,11.7915,3072.5333,2603.0333,861970245242818.0,1,Ryuk-20200821_16-48-45
0.97431,5e-08,0.996424,0.111025,18.3072,4686.7667,4910.3,112454552878545.14,0,AESCrypt-20200427_16-36-30
0.952872,-1.02e-06,0.996214,0.155747,9.3404,2391.5333,1971.0,267649822112692.78,1,Sodinokibi-20200825_02-02-37
0.54976,6.05e-06,0.995825,0.34824,6.2839,1627.8,486.0,547601769929170.25,1,Sodinokibi-20211007_01-52-01
0.972865,1e-08,0.996506,0.115126,28.1745,7213.5,7466.7333,198526474039714.97,0,AESCrypt-20200516_01-04-14
0.920137,1.55e-06,0.996338,0.21816,4.1296,1057.2667,730.5333,3271033339345217.5,1,GandCrab4-20200829_04-13-35
0.640136,4.18e-06,0.986246,0.31542,2.3173,593.4333,411.8667,6256348698848672.0,0,Excel-20210708_18-15-31
0.416917,-0.0021025,0.697572,0.120006,0.0046,1.2,5.1,29042112922258.84,1,GandCrab4-20200829_04-53-47
0.964351,5.8e-07,0.996169,0.144646,4.7161,1207.3333,1229.8333,98479753124234.89,1,TeslaCrypt-20200707_20-10-09
0.968014,2e-08,0.996203,0.135726,33.5208,8581.5333,8436.2333,34513367563388.73,1,TeslaCrypt-20210624_00-41-32
0.224579,0.00010491,0.994922,0.265218,0.2957,75.7333,2055.0667,463726183801117.56,0,Firefox-20210617_23-55-59
0.339258,4e-08,0.99584,0.443107,37.2098,9529.8667,279.9,162076180422213.12,0,SDelete-20200427_15-48-25
0.337252,7.9e-07,0.995971,0.436892,6.3192,1617.8667,54.0,205791347100149.72,0,SDelete-20201208_22-35-33
0.536046,1.98e-06,0.994102,0.17755,1.0807,276.8333,584.3667,2144462899187461.2,0,Excel-20210701_23-23-28
0.993704,-2e-08,0.996213,0.023905,1.1945,305.9667,364.9,1.0189721193476542e+16,0,Excel-20210708_23-22-23
0.967522,-1.7e-07,0.996373,0.141671,12.3564,3164.3333,448.9667,4308606579051577.5,1,GandCrab4-20200827_02-54-47
0.470797,1.514e-05,0.99618,0.212833,2.1124,541.0,553.0,166031017847737.9,1,Darkside-20210602_21-59-52
0.563179,-6.3e-07,0.670885,0.082458,0.4485,114.9667,131.0667,350921432168138.3,0,Excel-20210708_21-44-34
0.280523,3.773e-05,0.718185,0.161984,0.3004,76.9333,257.6667,2789980329208688.0,1,Cerber-20200807_18-58-19
0.970863,-2e-08,0.996413,0.120656,71.9995,18431.9667,16521.7,140366394703370.94,1,Ryuk-20200820_23-24-53
0.990248,-0.0,0.99597,0.039429,12.9793,3322.7667,5211.0667,393903483930818.9,0,Zip-20200516_03-46-13
0.098826,2.004e-05,0.995044,0.236596,0.5627,144.4333,19.2333,360540582228366.75,0,Firefox-20210611_00-31-32
0.922923,-7.5e-07,0.996259,0.213691,35.1049,8995.8,5359.6667,228393557107945.8,1,Ryuk-20201217_19-32-15
0.966853,-1e-07,0.996206,0.127036,43.8988,11238.6,7332.1667,65481358847560.16,1,WannaCry-20201029_22-00-11
0.571773,1.57e-05,0.991662,0.343869,3.4532,892.8667,375.0,518707369792933.25,1,Sodinokibi-20211006_22-13-07
0.972667,-2e-08,0.99629,0.115565,27.13,6946.5,7145.4667,485904323065490.25,0,AESCrypt-20200516_01-24-36
0.351474,0.00124683,0.550689,0.148968,0.0077,2.0,63.7,10103180933693.76,1,TeslaCrypt-20200414_16-16-28
0.93085,-4.9e-07,0.996311,0.187977,41.9154,10730.9333,6738.2,248070143509945.7,1,Sodinokibi-20211007_22-57-55
0.981325,1.2e-07,0.996368,0.092934,59.574,15251.0333,15456.5333,272641130991182.44,1,TeslaCrypt-20200729_00-35-35
0.993095,6.5e-07,0.995837,0.033348,0.5753,147.5,2136.1333,3531600603517988.0,0,Firefox-20210717_00-06-50
0.975544,-1.2e-07,0.996188,0.109608,17.5119,4483.2667,4212.8333,166765579735089.47,0,AESCrypt-20200420_11-37-07
0.401459,6.66e-06,0.991581,0.20441,1.5831,405.5333,34.8,854024708964600.0,0,Firefox-20210617_22-42-33
0.339219,2e-08,0.995756,0.443307,35.7851,9164.9,411.9667,337836208054919.06,0,SDelete-20200415_15-49-05
0.884634,7.57e-06,0.995968,0.234539,1.6827,430.8,37.9,171693440645888.88,1,Sodinokibi-20211007_02-36-54
0.513072,-1.194e-05,0.995686,0.162521,1.3379,342.6667,536.0667,1.1013064152740798e+16,0,Excel-20210707_19-35-58
0.967856,6e-07,0.996191,0.129055,11.2268,2874.4333,2994.5,52008500404163.52,0,AESCrypt-20201126_22-02-54
0.98806,5e-08,0.995912,0.042638,11.1673,2858.8667,6099.0667,386963186629618.56,0,Zip-20200516_03-49-10
0.507306,-2.1e-06,0.99583,0.306667,4.8909,1252.1,1196.6333,3108846938108892.0,1,Sodinokibi-20200824_18-01-32
0.448455,-5.5e-07,0.996046,0.288316,9.8574,2742.4333,821.5333,423646597236135.06,1,Darkside-20210602_19-53-37
0.563335,1.309e-05,0.99213,0.18127,1.2716,325.7,294.6667,1474572918530939.2,0,Excel-20210701_22-34-07
0.578496,-4.03e-06,0.996018,0.286519,4.3057,1102.2667,447.2,376333519975785.3,1,Darkside-20210527_22-17-25
0.994059,-1e-08,0.996157,0.015228,1.2333,315.8,83.4,186128547780718.5,1,Darkside-20210717_01-16-41
0.462907,4.44e-06,0.995953,0.196912,2.2211,568.8,41.4333,401798014699666.4,0,Firefox-20210714_22-08-39
0.994152,-1e-08,0.996224,0.012361,3.0389,778.0667,152.6667,5949515738727247.0,0,Firefox-20210716_23-20-19
0.96771,-2e-08,0.996179,0.129324,13.1107,3356.5333,1465.8333,136631330330955.78,1,Sodinokibi-20200825_01-40-10
0.841147,3.38e-06,0.996246,0.273607,16.3599,4188.3333,7518.6333,1776010350309939.5,1,Cerber-20200807_21-55-28
0.093286,-1.48e-06,0.994901,0.231268,0.4745,121.5,19.5,380075673473588.2,0,Firefox-20210611_00-37-11
0.671691,-4.5e-06,0.995864,0.31176,3.4632,945.5,365.7333,413158717613383.0,1,Ryuk-20200820_18-08-51
0.376351,6.77e-06,0.991509,0.35867,9.4777,2453.2333,332.1333,400317484226382.06,1,Sodinokibi-20211012_22-44-28
0.979086,1.95e-06,0.995994,0.057271,4.2923,1098.8667,3794.0,267530163248265.4,0,Zip-20200427_18-13-08
0.338897,2e-08,0.995752,0.44322,37.0083,9478.6333,282.2667,160648667073474.5,0,SDelete-20200427_16-01-24
0.970614,3e-08,0.996552,0.120098,80.025,20487.3,26770.3,217624870283070.9,1,Sodinokibi-20211006_20-13-40
0.978444,-1.5e-07,0.996205,0.100355,12.5644,3216.8667,2792.0667,54009763566815.36,0,AESCrypt-20201126_23-23-18
0.69361,-5.1e-07,0.996343,0.311027,13.8833,3554.2,2590.0333,550275976710718.3,1,GandCrab4-20200829_02-10-05
0.993759,0.0,0.996392,0.018846,40.0607,10255.5333,10683.7,8013598933550.39,1,GandCrab4-20200827_17-27-08
0.514989,8.7e-07,0.99535,0.151052,1.124,288.2,791.5667,6826265210589515.0,0,Excel-20210707_19-17-37
0.403451,2.106e-05,0.843328,0.191285,0.9898,253.5333,6.2667,568386164192191.5,0,Firefox-20210714_22-37-47
0.840258,1.758e-05,0.996328,0.271743,3.2835,867.8667,1152.4333,891311406092892.9,1,TeslaCrypt-20200729_18-38-45
0.28118,-0.0006212,0.995408,0.230783,0.0263,6.7333,281.0667,120142757620969.97,0,Firefox-20210611_00-14-43
0.539943,-9.4e-07,0.9957,0.141366,1.6252,417.4667,1027.5333,1748657393947292.8,0,Excel-20210701_22-56-38
0.454552,-1.56e-06,0.999684,0.217983,2.066,528.9,126.8,1203020160779595.8,0,Firefox-20210611_00-02-39
0.353313,0.00141811,0.529347,0.207075,0.0034,0.8667,0.2667,3363037828974969.0,1,Cerber-20200806_18-36-08
0.180044,0.00025781,0.994757,0.240929,0.2608,67.0333,287.1667,394414223336478.9,0,Firefox-20210611_00-31-32
0.338196,0.0,0.995861,0.443313,103.2639,26447.0,763.1333,687663088940535.9,0,SDelete-20200526_02-24-19
0.98961,-6e-08,0.99583,0.037686,6.4547,1652.4333,2278.6667,100381807678861.38,0,Zip-20200526_02-48-42
0.32529,-2.43e-06,0.906993,0.157292,0.0972,24.9,5.5333,645590856001724.5,1,Sodinokibi-20211004_23-10-24
0.955019,-8e-08,0.996105,0.163513,8.956,2292.8333,2247.0333,100520966918420.3,1,TeslaCrypt-20200611_21-08-21
0.236523,-0.0001265,0.993702,0.320845,0.4189,107.2667,1627.2,566875436974194.9,0,Firefox-20210618_00-12-16
0.346373,0.00125042,0.697604,0.175976,0.0102,2.6333,50.8333,386220793832164.6,1,GandCrab4-20200829_05-02-30
0.967514,-6e-08,0.996328,0.132514,26.8305,6869.7333,6802.3,174539177301687.38,0,AESCrypt-20200516_00-53-53
0.930151,4.3e-07,0.996445,0.188342,17.2572,4418.0,3936.7,92311193182418.64,1,Darkside-20210714_20-26-58
0.987999,1.9e-07,0.99597,0.057209,6.1365,1570.9667,2288.0,4931023700447.97,0,Zip-20201215_19-47-48
0.976905,3.5e-07,0.995994,0.080115,6.9724,1784.9667,853.1667,739216516472899.0,0,Zip-20200526_02-55-21
0.987862,4e-08,0.99597,0.053221,13.0734,3346.8667,5257.1,176814485079511.28,0,Zip-20200526_02-48-42
0.619409,0.0001276,0.995884,0.353698,0.934,239.1333,501.6,2223781738488875.0,1,Cerber-20200730_02-09-34
0.989457,-4e-08,0.996417,0.059667,78.9211,20205.6,18627.4,129402712138587.28,1,GandCrab4-20200827_03-48-38
0.994281,-0.0,0.996158,0.005595,17.8284,4564.4,229.8667,17694613877507.91,0,SDelete-20210121_00-00-16
0.487057,1.46e-06,0.995953,0.217413,2.1128,541.1333,101.8333,1484986740359999.0,0,Firefox-20210611_00-31-32
0.557228,1.544e-05,0.989424,0.223765,0.9759,249.8333,535.2333,1656499398663423.2,0,Excel-20210707_21-06-39
0.34046,0.0,0.995859,0.437861,104.924,26871.4333,769.8667,598797732318677.2,0,SDelete-20200516_02-44-26
0.973128,-1e-08,0.996138,0.114576,8.6957,2226.1333,4286.7,177544305283704.97,0,AESCrypt-20200427_17-40-13
0.453974,-4.74e-06,0.995713,0.184031,3.4354,879.4667,158.5667,117646672761857.52,1,Darkside-20210610_21-43-54
0.98755,1.8e-07,0.996002,0.055658,10.8507,2777.8333,4958.8333,142402834970676.88,0,Zip-20200427_17-59-25
0.975729,0.0,0.996493,0.107646,28.322,7251.5333,7306.7,291051511805326.4,0,AESCrypt-20200526_01-40-49
0.386205,-1.611e-05,0.813526,0.307171,0.3194,83.2333,0.1333,557093047833821.75,1,Darkside-20210607_17-34-12
0.83283,-7.2e-07,0.996198,0.26971,8.4453,2227.5,1115.6667,1491883625048283.0,1,Sodinokibi-20200825_19-50-13
0.970019,-5e-08,0.996335,0.125004,27.9388,7153.4667,6951.8,171488606180725.0,0,AESCrypt-20200516_01-12-44
0.350089,-0.00020177,0.592224,0.164592,0.0037,0.9667,29.4333,75741253159193.67,1,Sodinokibi-20210624_00-11-20
0.447931,-8.75e-06,0.970605,0.182281,1.2105,310.1,9.7333,460403137414126.25,0,Firefox-20210610_22-34-03
0.186306,6.53e-05,0.993702,0.287228,0.2427,62.1333,63.7,389775120201676.7,0,Firefox-20210610_23-56-12
0.682777,-6.46e-06,0.995913,0.311902,1.9894,589.0,369.5667,421855646333843.9,1,Ryuk-20200821_19-50-48
0.993557,-0.0,0.996318,0.022584,50.2486,12863.6333,13154.2333,7509751542640.48,1,Cerber-20200730_01-37-24
0.994218,-0.0,0.996333,0.006106,17.2612,4432.0,6374.1667,148202667949563.34,1,Cerber-20210121_19-42-39
0.649718,-8.65e-06,0.995876,0.292349,4.5248,1158.3667,331.1667,237207094780845.06,1,Darkside-20210610_21-43-54
0.990564,-7e-08,0.99597,0.038068,7.0127,1795.3,2644.7333,2256437820665.29,0,Zip-20201215_19-43-13
0.6968,-5e-08,0.996192,0.314252,13.2469,3391.2333,1412.7667,2350453336735705.5,1,Sodinokibi-20200825_17-54-14
0.994181,-0.0,0.996239,0.006452,18.0636,4644.1,2443.7,1689416062890799.8,1,WannaCry-20201028_22-33-43
0.596022,3.8e-07,0.995942,0.284795,6.6848,1711.3667,863.7333,416372120473260.75,1,Darkside-20210617_03-27-51
0.539789,-8.88e-06,0.669667,0.101905,0.5832,149.4667,151.5333,250725456693201.8,0,Excel-20210707_19-17-37
0.541681,-4.11e-06,0.99442,0.161785,1.3825,353.9667,502.2667,1920621562115330.8,0,Excel-20210701_23-35-36
0.969182,2.7e-07,0.996184,0.129285,5.463,1398.7,1433.7333,59765522573516.62,0,AESCrypt-20201126_22-48-16
0.77882,7.8e-07,0.996201,0.297993,13.7531,3520.9,948.4667,1010205705629091.6,1,Sodinokibi-20210209_23-00-20
0.415516,1.17e-06,0.875633,0.197757,1.2528,320.7333,2.0,638997211928306.8,0,Firefox-20210617_23-42-02
0.649307,5.9e-07,0.996273,0.30151,6.7988,1740.5,1377.1667,3042781178223504.0,1,GandCrab4-20200829_03-58-37
0.699764,6.22e-06,0.996139,0.286785,4.3497,1113.6,886.1667,549090686191352.3,1,Cerber-20200807_18-16-47
0.447234,-4.28e-06,0.995895,0.189481,3.0805,788.7,121.7667,99492372962202.05,1,Darkside-20210602_21-59-52
0.991123,2e-08,0.999632,0.046062,96.6711,24748.0,14597.2,254551606523755.3,1,WannaCry-20200729_01-45-54
0.345026,0.00211757,0.532346,0.150585,0.0079,2.0667,0.5333,79755816541269.4,1,Cerber-20200806_17-38-41
0.994303,-0.0,0.996187,0.003955,23.2692,5957.2333,211.1,27817459082046.87,0,SDelete-20210121_00-38-17
0.99428,0.0,0.996065,0.001532,4.8167,1234.1333,645.0333,392742224434450.5,1,GandCrab4-20201124_22-14-48
0.427014,1.554e-05,0.843377,0.16545,0.9092,232.9,25.6667,486882536488622.1,0,Firefox-20210714_22-50-41
0.717887,-2.28e-06,0.996178,0.303424,7.8909,2020.0667,1208.5,403006717996723.7,1,GandCrab4-20200828_02-47-58
0.511337,1.196e-05,0.877121,0.063723,0.2823,72.3,2.6667,2275297581589619.0,0,Firefox-20210617_22-48-55
0.599465,1.3e-06,0.996018,0.286847,6.3071,1614.7333,964.8333,383938711040732.2,1,Darkside-20210528_00-27-42
0.993794,-2e-08,0.995858,0.022204,0.2487,63.8333,221.7333,207199499930331.1,0,Zip-20201209_22-23-26
0.373008,-1.99e-06,0.995941,0.121139,3.3206,851.5333,556.8333,280166090071603.25,1,Darkside-20210608_19-46-23
0.523748,-6.98e-06,0.993086,0.142648,1.2234,314.0667,361.7333,1480298054146057.5,0,Excel-20210702_00-00-36
0.555928,1.75e-06,0.996332,0.310533,12.6697,3243.5,4021.7,2274651351809760.5,1,Ryuk-20200822_00-50-07
0.971852,3.7e-07,0.996136,0.120341,10.4231,2668.4333,4681.5,173708756502895.03,0,AESCrypt-20200427_17-28-53
0.968791,1.8e-07,0.996083,0.129647,7.6461,1957.4333,3679.1333,239031737807878.03,0,AESCrypt-20200427_17-00-04
0.77216,1.77e-06,0.996415,0.307683,42.0428,10763.2667,13286.5667,1813401281682194.0,1,GandCrab4-20200828_21-54-13
0.566518,2.1e-07,0.996193,0.300619,23.1503,5926.5333,4082.5333,2744153355429630.5,1,Sodinokibi-20200824_19-01-31
0.994286,0.0,0.996384,0.00487,22.3823,5730.2333,284.6667,58977870687886.42,0,SDelete-20210121_00-19-43
0.688943,2.28e-06,0.996133,0.301008,10.5749,2707.2,2611.5333,410029223577424.56,1,GandCrab4-20200828_18-28-23
0.980126,1.38e-06,0.995994,0.055799,5.2829,1352.4333,4232.2,247694970957827.2,0,Zip-20200427_18-03-08
0.413062,1.082e-05,0.907707,0.199903,1.2343,316.2667,28.0333,710272694987066.4,0,Firefox-20210617_23-35-32
0.471359,-0.0004499,0.995044,0.234723,0.1404,36.0333,27.3667,1049033640035380.8,1,Sodinokibi-20211006_17-57-07
0.994242,0.0,0.996159,0.004053,17.3714,4460.1667,6002.5667,161362910050796.84,1,Cerber-20210121_19-24-27
0.99209,-1e-07,0.995755,0.006567,3.0668,785.1,1358.7,53677928551779.8,0,Zip-20200427_17-59-25
0.68222,4.218e-05,0.996124,0.292703,2.0029,512.8,5595.3,1401093880410684.8,1,Sodinokibi-20211013_19-56-03
0.28152,-0.00101783,0.994701,0.260094,0.0195,5.0,281.1667,157956278022538.5,0,Firefox-20210611_00-20-20
0.619239,6.182e-05,0.995834,0.335401,1.2491,319.7667,505.3667,2413019572446750.5,1,Cerber-20200730_01-52-53
0.586341,-1.4e-07,0.996062,0.305152,20.1108,5148.4333,5087.0667,2241896003172812.8,1,GandCrab4-20200828_21-22-21
0.993754,-6e-08,0.996009,0.022081,1.24,317.7333,455.5667,1.0090107799286252e+16,0,Excel-20210708_22-35-48
0.511352,1.426e-05,0.99442,0.20378,1.0048,257.2667,318.7333,2156542932309084.2,0,Excel-20210701_23-54-57
0.338732,0.0,0.995913,0.443059,98.5565,25241.7333,1150.7667,703694854519873.2,0,SDelete-20200526_02-28-35
0.983812,-1.82e-06,0.996105,0.077444,2.495,638.7333,608.4667,73661305579478.88,0,AESCrypt-20200420_11-30-02
0.993704,-1.37e-06,0.995776,0.022706,0.2441,62.7333,297.5,382131894945624.25,0,Zip-20201210_20-09-17
0.755813,1.51e-06,0.996224,0.300708,5.5492,1420.6333,1828.8,495072320681712.3,1,Sodinokibi-20200824_20-05-55
0.452673,-0.00118532,0.654868,0.161092,0.012,3.1,2.9,25138238013120.22,1,Sodinokibi-20211006_21-52-51
0.979497,-2.7e-07,0.996253,0.096971,12.4758,3193.9,1834.0,170428706201762.44,1,Ryuk-20200820_18-21-11
0.993227,8e-08,0.995801,0.030478,0.5919,151.7667,2805.1667,3566287375354783.0,0,Firefox-20210716_23-26-55
0.791312,7.5e-07,0.996178,0.290428,13.5833,3477.4333,1902.0667,620629077862776.8,1,Sodinokibi-20211008_00-18-25
0.441275,2.444e-05,0.993239,0.225543,1.1371,292.3667,2903.0667,1342934808883662.8,0,Excel-20210701_22-34-07
0.632889,8.27e-06,0.996035,0.309777,10.9543,2804.5,1387.4,213858518022024.3,1,GandCrab4-20210126_22-29-31
0.684899,6.16e-06,0.996065,0.288414,4.6884,1200.3,980.6,498258070268370.75,1,Cerber-20200807_01-06-08
0.967634,-1e-08,0.996216,0.12964,27.7195,7097.2333,7091.5,348761722214495.56,0,AESCrypt-20200526_01-27-25
0.993767,2.9e-07,0.995897,0.022402,0.696,178.3333,420.4667,8512770231554854.0,0,Excel-20210708_23-40-10
0.392348,-0.00691995,0.561133,0.136718,0.0024,0.6333,0.0,109646275499060.05,1,Sodinokibi-20211013_19-56-03
0.146757,9.145e-05,0.994508,0.217064,0.0705,18.1333,33.5667,327607703878130.56,0,Firefox-20210610_23-20-21
0.614177,2.895e-05,0.995886,0.333428,1.288,329.8333,554.3333,2350987244053320.5,1,Cerber-20200730_01-21-20
0.960824,1e-08,0.99648,0.151099,51.9125,13290.4,12829.7,126308819032407.23,1,TeslaCrypt-20200716_02-19-43
0.27612,-5.85e-05,0.993702,0.316813,0.4974,127.6,2444.3333,927022314312870.2,0,Firefox-20210617_22-29-38
0.725257,5.33e-06,0.995639,0.301656,0.9467,306.9667,151.8667,488991816542148.06,1,Sodinokibi-20200825_19-50-13
0.637992,-2.87e-06,0.999632,0.314892,1.7686,457.0333,651.4667,1492329823690616.0,1,WannaCry-20200407_17-52-44
0.634509,7.2e-07,0.999939,0.33173,7.1178,1822.1667,1159.7333,2556900279223879.5,1,Ryuk-20200821_23-47-38
0.445281,-8.5e-06,0.995692,0.192174,1.9029,487.3,31.0,681457228067258.1,0,Firefox-20210617_21-54-16
0.420202,-3.81e-06,0.999684,0.199121,1.3101,335.6,34.6,609019759208037.2,0,Firefox-20210610_23-13-14
0.528759,-3.91e-06,0.995918,0.248573,5.503,1408.8,234.7333,202865725691189.03,1,Darkside-20210603_22-25-22
0.968958,-2e-07,0.996317,0.127109,12.4079,3176.9,2518.2333,107018044630156.77,0,AESCrypt-20201126_22-43-40
0.605826,-2.07e-06,0.996058,0.284821,8.0362,2057.3,1268.0333,1414921179666291.8,1,WannaCry-20200407_10-04-23
0.597723,-4.97e-06,0.994285,0.293995,1.9668,503.5333,396.5,8634733331566585.0,0,Excel-20210707_21-23-17
0.62991,-1.126e-05,0.995856,0.278694,2.3533,649.5,531.4667,462047910445985.25,1,Cerber-20200807_02-36-54
0.635023,4e-08,0.996001,0.297035,9.5412,2442.7,1482.9333,403391365297483.94,1,Ryuk-20201217_19-21-26
0.97438,-3e-08,0.996487,0.108824,77.5326,19849.4,9571.7667,215560136104650.8,1,WannaCry-20200716_01-08-53
0.573721,-0.00040435,0.995482,0.312934,0.2401,61.5,3.8667,269893904982440.72,1,Darkside-20210608_18-00-51
0.993333,1e-08,0.995865,0.024708,0.8992,232.0667,276.1667,1525844707371420.2,0,AESCrypt-20210120_22-31-13
0.338532,3e-08,0.996016,0.444446,38.644,9897.0,295.8,164620474880177.94,0,SDelete-20200427_15-44-23
1.5e-05,-1e-08,0.202302,0.00177,1.7001,435.2333,0.1667,158179548052.33,1,WannaCry-20200513_21-23-49
0.527622,8.51e-06,0.669276,0.11272,0.3562,91.4,108.3,361744617526022.06,0,Excel-20210708_21-33-17
0.119711,-2.039e-05,0.994922,0.243922,0.4115,105.5333,80.7667,473224709816536.6,0,Firefox-20210616_19-27-04
0.078157,8.7e-06,0.994901,0.221175,0.4528,116.0,43.1667,337010020476869.6,0,Firefox-20210714_22-23-06
0.423852,-9.57e-06,0.987533,0.19997,1.7428,446.4333,43.5,4552709037945393.0,0,Firefox-20210617_22-07-20
0.91163,1.2e-06,0.996605,0.215617,25.6501,6567.0,16506.0,443094818980919.56,1,Sodinokibi-20210209_21-56-18
0.975217,1e-07,0.996325,0.111179,17.9344,4591.3,5036.3,134038407494191.95,0,AESCrypt-20200427_17-28-53
0.759467,2.92e-06,0.996028,0.303186,4.1028,1121.2333,855.7667,472449057109614.6,1,Ryuk-20200820_18-08-51
0.425466,-0.00132654,0.894922,0.271022,0.0454,11.7667,0.0,543957127760392.8,1,Sodinokibi-20211013_00-09-46
0.988206,0.0,0.995768,0.04431,8.8247,2259.1333,4516.4667,3188788781733814.5,0,Zip-20200420_15-53-17
0.305354,0.0015512,0.642815,0.14284,0.0208,5.3333,3.3333,2603125306060580.5,1,GandCrab4-20200828_23-19-04
0.350307,7.51e-05,0.529138,0.135664,0.0066,1.7,0.0333,124977514715057.9,1,GandCrab4-20200829_00-31-14
0.994219,3.3e-07,0.995853,0.001764,0.1115,28.5667,128.9333,4104224511447338.0,0,Firefox-20210717_00-12-47
0.36895,-2.55e-06,0.996026,0.309945,13.2936,3426.5667,126.9333,581238723819957.4,1,Sodinokibi-20211007_22-37-47
0.483552,-3.66e-06,0.996148,0.281683,5.0357,1289.1667,881.3,2810248329978212.0,1,GandCrab4-20200828_19-05-45
0.994248,1e-08,0.995931,0.001615,0.2629,67.5,318.9333,318558503301219.6,0,Zip-20201210_19-38-32
0.976808,-1.5e-07,0.996173,0.111636,7.241,1853.7333,0.5333,13754095766648.03,1,Darkside-20210714_19-32-29
0.992824,1.77e-06,0.995637,0.037241,0.2508,64.3333,144.2,1066491254766552.8,0,Firefox-20210716_23-26-55
0.973052,-2e-08,0.996198,0.11573,27.5372,7050.6333,7395.7,185399036578489.7,0,AESCrypt-20200526_00-32-39
0.940645,2.659e-05,0.996012,0.190362,0.7037,181.2667,186.8667,142041774855503.66,1,TeslaCrypt-20200611_21-15-45
0.982202,1.2e-07,0.996362,0.088497,13.7674,3524.9,3189.1667,57925362342972.11,0,AESCrypt-20201126_22-38-44
0.637932,-8.8e-07,0.996152,0.288096,4.0641,1040.4333,419.2333,385101857587247.94,1,Darkside-20210604_00-43-19
0.285808,-1.734e-05,0.994922,0.324006,0.5047,129.4667,1738.1,739601453380170.2,0,Firefox-20210617_22-22-18
0.500886,-9.93e-06,0.993086,0.228016,1.2276,314.7333,1852.8,1396796202029267.0,0,Excel-20210701_23-23-28
0.700485,1.335e-05,0.995914,0.298568,3.5972,920.9333,1291.5333,572464432900739.0,1,GandCrab4-20200827_02-02-43
0.973847,1.8e-07,0.996129,0.114528,8.7348,2236.3,2132.6667,110920336969959.77,0,AESCrypt-20200516_00-49-54
0.975667,-1e-08,0.996413,0.107171,18.1942,4657.7667,4433.5333,119155075369512.78,0,AESCrypt-20200427_16-43-56
0.880958,2.92e-06,0.996266,0.274222,10.0991,2585.3667,3755.8667,1569775178436551.5,1,GandCrab4-20200828_19-22-15
0.681277,9e-07,0.996114,0.32462,17.8675,4574.1,2053.7333,2254256266863282.5,1,Sodinokibi-20211013_20-14-49
0.993966,0.0,0.996608,0.01503,91.0488,23308.5,23905.1667,6509172912571.16,1,GandCrab4-20200828_02-01-37
0.95157,3e-07,0.996282,0.166797,37.9549,9716.8333,9890.2333,153264141224945.25,1,TeslaCrypt-20200716_02-23-06
0.591129,-2.778e-05,0.995511,0.312193,1.1799,302.1333,199.7,9066722777891188.0,0,Excel-20210707_19-17-37
0.636981,-5.65e-06,0.990342,0.341816,1.0559,271.7667,169.5667,392126177912643.2,1,Sodinokibi-20211007_19-28-45
0.576861,-4.88e-06,0.996052,0.300799,5.7832,1480.5,931.0667,3093255744380825.5,1,Ryuk-20200821_17-07-55
0.989758,4.2e-07,0.995709,0.041985,4.2754,1094.6,1519.8667,3277113786742.49,0,Zip-20201215_19-39-01
0.638558,-8e-06,0.995919,0.289658,4.3975,1125.8,261.7,217922806490025.28,1,Darkside-20210607_20-36-38
0.275522,-0.00068791,0.670009,0.187839,0.0138,3.6333,78.0333,76510332345061.92,0,Firefox-20210610_23-43-40
0.519174,3.794e-05,0.670885,0.086661,0.5529,141.6333,64.0333,311364529375913.44,0,Excel-20210708_22-01-42
0.342863,-0.00234319,0.528783,0.154144,0.0033,0.8333,0.0667,646273827654623.6,1,GandCrab4-20200829_01-29-54
0.510197,4.6e-06,0.989424,0.125996,0.7263,185.9333,447.4667,308128028202221.06,0,Excel-20210707_21-01-51
0.337639,4e-08,0.995752,0.445803,37.5163,9608.2667,431.7333,159158242580040.1,0,SDelete-20200427_16-01-24
0.975602,1.6e-07,0.996372,0.107127,16.6894,4272.5667,4340.1333,140131035917404.44,0,AESCrypt-20200420_11-30-02
0.507431,-0.00011074,0.694988,0.16101,0.175,44.8667,600.4,741699287657894.5,0,Excel-20210701_23-23-28
0.992924,2e-08,0.996222,0.03154,15.6317,4002.0333,3903.8333,19945007455062.64,1,Cerber-20200805_18-57-22
0.958237,7.9e-07,0.995994,0.133956,4.7278,1210.3333,3605.1,7783239309803640.0,0,Zip-20200420_15-02-05
0.977657,4.6e-07,0.995994,0.074441,6.9004,1766.5333,3037.8667,705356095537148.2,0,Zip-20200526_02-48-42
0.082353,-6.86e-06,0.994901,0.226095,0.4397,112.6333,42.2333,336997893021600.4,0,Firefox-20210714_22-08-39
0.597055,-0.00017665,0.992464,0.329267,0.549,140.5667,82.5333,364904682252509.3,1,Sodinokibi-20211007_22-51-29
0.513622,-1.494e-05,0.670227,0.101729,0.5457,139.9,120.2333,301691020631335.8,0,Excel-20210708_22-11-45
0.96836,2e-08,0.996267,0.13476,37.8318,9685.0667,9139.7,35247051619010.95,1,TeslaCrypt-20210624_00-16-22
0.969476,-2.2e-07,0.996372,0.122721,9.518,2436.6,4482.8333,170096627264756.66,0,AESCrypt-20200420_11-12-26
0.635242,0.00013672,0.996031,0.361256,0.8702,222.8,482.7667,2127243176122383.2,1,Cerber-20200806_19-10-20
0.966916,7e-08,0.99627,0.129038,16.7103,4278.3,4302.9,293257715624646.75,0,AESCrypt-20200526_01-27-25
0.534031,-6.32e-06,0.995131,0.121603,0.9348,239.7667,598.8667,2444088332424445.0,0,Excel-20210707_21-47-18
0.712467,3.5e-07,0.99617,0.308194,12.8766,3296.5,2216.5667,530368647633597.06,1,GandCrab4-20200829_01-21-37
0.533279,5e-07,0.99485,0.179169,0.8817,226.0333,294.9333,1842422886741176.0,0,Excel-20210702_00-00-36
0.985512,-1.1e-07,0.995846,0.058718,9.3626,2396.8667,4681.8,133036401788875.56,0,Zip-20200427_18-22-02
0.433811,6.4e-07,0.991581,0.176605,1.4464,370.6333,27.4333,526582271361287.1,0,Firefox-20210617_22-36-15
0.974994,3e-08,0.996312,0.113001,18.3701,4702.9333,4270.5333,180253396920023.53,0,AESCrypt-20200427_16-23-28
0.224149,-0.00165807,0.450323,0.15277,0.0237,6.1333,248.2667,199722347521911.97,0,Firefox-20210617_22-42-33
0.522934,-7.88e-06,0.669276,0.122752,0.3899,99.9667,93.6667,314535755988783.9,0,Excel-20210708_22-06-31
0.99019,3e-08,0.99597,0.039933,13.0464,3339.9667,5220.6667,357052030596710.8,0,Zip-20200516_03-29-39
0.099755,2.469e-05,0.995044,0.238565,0.5335,136.7333,19.9,516604113991839.3,0,Firefox-20210617_22-42-33
0.751112,-1e-06,0.996199,0.318541,23.3058,5966.4,2356.3333,1171117377159940.8,1,Sodinokibi-20211006_17-40-55
0.336553,0.0,0.99591,0.451545,128.2504,32832.3667,884.1,50740497191953.73,0,SDelete-20210624_02-02-14
0.348152,0.00017197,0.929244,0.149177,0.0949,24.3333,35.4,2229618980518067.0,1,Cerber-20200806_18-31-25
0.993776,-1.1e-07,0.995944,0.022616,0.6616,169.5,161.5333,1.014185849377283e+16,0,Firefox-20210716_23-13-43
0.974127,7e-08,0.996464,0.114119,6.9866,1788.8333,1860.2,44049298536812.28,0,AESCrypt-20201126_22-02-54
0.46332,-1.8e-06,0.999418,0.209995,2.0193,516.9333,131.4667,1254589161504314.0,0,Firefox-20210611_00-08-44
0.38517,-0.01732527,0.529138,0.155851,0.0012,0.3,0.0,538408076941984.0,1,Darkside-20210609_19-48-28
0.463795,-2.5e-06,0.995953,0.212185,2.0132,515.3667,128.7667,1214226635962279.2,0,Firefox-20210610_23-49-44
0.593253,1.26e-06,0.996227,0.279597,6.5939,1688.1667,1094.2333,383494726995137.0,1,Darkside-20210603_22-42-29
0.985257,-2e-07,0.995846,0.06047,9.4313,2414.4333,4607.1,126339781068100.89,0,Zip-20200427_18-06-42
0.961707,-7e-08,0.996351,0.138716,83.1327,21283.1333,15887.9667,157946604392982.0,1,Sodinokibi-20211006_19-54-39
0.566664,3.525e-05,0.989424,0.200308,0.9043,231.7,635.7667,621651487659396.8,0,Excel-20210708_18-09-42
0.988813,1.8e-07,0.996131,0.056082,3.163,809.7333,686.3667,6566396728149.85,0,AESCrypt-20200420_11-12-26
0.99385,-6.4e-07,0.995798,0.018667,0.3303,84.9,332.4667,136685840531452.83,0,Zip-20201210_20-09-17
0.977546,-4.1e-07,0.996245,0.103155,12.0296,3080.0333,2430.0333,94180283003300.52,0,AESCrypt-20201126_22-33-50
0.5422,-1.345e-05,0.993643,0.13903,1.2307,315.9333,385.7667,1625352402707074.0,0,Excel-20210702_00-27-20
0.529679,-6.01e-06,0.996007,0.361731,5.5317,1430.2667,165.9333,603893017263951.5,1,Sodinokibi-20211013_21-54-38
0.333754,4.2e-07,0.995752,0.457089,18.4139,4714.9667,54.2667,85864012851302.62,0,SDelete-20200427_16-01-24
0.462747,-1.653e-05,0.909812,0.2117,0.3527,91.1667,1027.0,1075214627397033.6,0,Excel-20210701_22-50-01
0.956925,-5.3e-07,0.996294,0.149934,2.9567,757.0333,993.6,245962417327929.9,0,AESCrypt-20200516_01-28-29
0.275024,-0.00070395,0.99442,0.234957,0.0253,6.5333,281.1667,124446067021231.6,0,Firefox-20210611_00-31-32
0.992344,-0.0,0.995864,0.007283,9.9833,2555.7333,3830.5333,142340818202703.88,0,Zip-20200427_18-28-26
0.53448,-1.32e-06,0.995866,0.300017,5.0735,1298.8333,776.2667,3145457432823422.5,1,Ryuk-20200821_23-35-28
0.747784,-9.25e-06,0.996105,0.283761,4.1706,1067.7,513.0333,458151325725761.4,1,Cerber-20200807_03-11-10
0.337385,3e-08,0.996042,0.445682,37.9942,9730.3,302.7667,295047352542289.4,0,SDelete-20200415_16-03-11
0.537767,1.076e-05,0.670885,0.085799,0.8678,222.3,189.8667,334317803630303.1,0,Excel-20210708_22-16-53
0.993719,3e-08,0.996176,0.023152,1.176,301.2333,423.4,1.1001646698328452e+16,0,Excel-20210708_23-00-26
0.993303,-2.28e-06,0.995801,0.030617,0.2681,68.8,194.9333,516443364003908.5,1,Cerber-20210121_19-24-27
0.475401,4.8e-07,0.995777,0.403423,12.2925,3170.4667,827.5333,1638918571436997.0,1,Sodinokibi-20211013_20-14-49
0.985375,3.5e-07,0.996399,0.072412,2.8353,725.8667,416.2,44340393055232.82,1,WannaCry-20200707_23-24-42
0.956501,7e-08,0.996405,0.150802,61.4873,15742.3667,20533.7667,145030500232692.12,1,Sodinokibi-20211006_17-51-50
0.524753,1.47e-05,0.995912,0.168856,0.5373,137.6333,383.5667,2987198271128818.0,0,Excel-20210707_21-41-40
0.634269,-1.374e-05,0.99557,0.314112,0.3266,83.6667,219.8333,1235918297321282.5,1,Ryuk-20200822_01-15-36
0.336146,2e-08,0.995866,0.450249,10.6933,2738.6,36.5333,94917825172093.52,0,SDelete-20200427_16-12-07
0.33926,3e-08,0.995847,0.441784,36.6437,9385.0667,342.0333,186466840517699.75,0,SDelete-20200427_16-05-47
0.977612,6e-08,0.996485,0.100413,26.6448,6848.8333,7117.3667,209174414711406.44,1,GandCrab4-20200828_03-53-08
0.97318,-3.1e-07,0.996113,0.121024,5.4044,1383.6333,1333.6667,136149088852036.33,0,AESCrypt-20200526_01-21-48
0.589462,2.23e-06,0.996064,0.288132,8.6248,2208.0,1638.3667,2128208817964348.2,1,Cerber-20200806_19-10-20
0.993701,1.1e-07,0.996016,0.023783,1.154,295.6333,392.8,1.0377031271541544e+16,0,Excel-20210708_23-34-51
0.46784,6.1e-07,0.995955,0.279071,10.6471,2794.6,1075.7333,339133310990088.8,1,Darkside-20210602_19-33-18
0.993648,-4e-08,0.995992,0.024819,0.7029,180.0667,168.7667,1.1161415554718036e+16,0,Excel-20210708_22-52-59
0.335506,0.0,0.996099,0.449741,114.2802,29256.0333,847.7667,166562713552371.4,0,SDelete-20201208_22-17-32
0.656025,-2.1e-07,0.996199,0.290161,7.6093,1977.4333,1189.3333,2119992096914339.0,1,Cerber-20200807_18-46-27
0.321075,-4.14e-05,0.933166,0.251754,0.1032,26.5333,145.7,516978092792378.2,1,TeslaCrypt-20200514_19-14-08
0.994104,-1e-08,0.996185,0.014409,2.3048,590.1333,72.5,3415655467237110.5,0,Firefox-20210717_00-00-24
0.595488,-7.93e-06,0.995782,0.285892,3.0306,775.9,261.8667,315540379203717.7,1,Cerber-20200729_03-28-14
0.973384,-5e-08,0.996317,0.116872,16.493,4222.2667,4440.0,89484690663881.03,0,AESCrypt-20200420_11-03-56
0.349631,2.039e-05,0.490757,0.10721,0.0055,1.4333,20.6667,1091746827977.0,1,TeslaCrypt-20200521_01-53-00
0.940936,3.7e-07,0.999632,0.175812,68.8601,17628.7,10831.7,243641753999244.62,1,WannaCry-20201202_20-19-14
0.993979,-3e-08,0.995817,0.018186,0.7343,188.1,197.8333,6508425234501558.0,0,AESCrypt-20210120_22-54-00
0.097457,2.094e-05,0.995044,0.240818,0.5096,130.5333,26.5,430476259324109.94,0,Firefox-20210617_22-00-56
0.993519,-0.0,0.996283,0.022665,42.1177,10782.1667,10500.4667,150664299810929.72,1,GandCrab4-20200827_01-46-49
0.335738,1.1e-07,0.996286,0.451132,34.7256,8891.9333,293.8,311185279300523.56,0,SDelete-20200415_15-33-51
0.977344,-2e-07,0.996355,0.102028,18.2315,4667.3667,4605.4667,245499863157865.03,0,AESCrypt-20200427_17-22-00
0.342381,-0.0,0.995936,0.438516,103.9076,26611.2,753.8,600147440055305.0,0,SDelete-20200516_02-18-01
0.967311,8e-08,0.996317,0.1274,58.1869,14897.4667,8209.3333,190120666452504.75,1,WannaCry-20201202_20-23-53
0.969014,1.41e-06,0.996156,0.122336,3.8459,984.6,3770.9,52382505008081.32,1,Sodinokibi-20211006_19-36-31
0.347232,0.00052211,0.603704,0.149288,0.0148,3.8,9.0333,245215230070400.6,1,TeslaCrypt-20210616_22-08-22
0.993883,6.8e-07,0.995903,0.019577,0.3224,82.8,327.3667,460016723553338.44,0,Zip-20201210_19-28-46
0.972791,-3e-08,0.996268,0.114426,19.2593,4930.4,5272.0667,54889490549530.2,0,AESCrypt-20200427_16-23-28
0.968172,4e-08,0.996353,0.125918,30.5451,7823.0333,8233.0,296513679611570.6,1,Cerber-20200807_18-07-10
0.991269,4e-08,0.996278,0.045835,32.5718,8338.4333,8404.1,180000535671447.5,1,TeslaCrypt-20200729_19-25-21
0.993032,-0.0,0.996354,0.030669,92.3026,23629.5,23617.2333,8864690208855.86,1,GandCrab4-20200828_01-19-32
0.230243,-0.0049147,0.462389,0.125169,0.0061,1.5667,0.0,11349853450.06,1,Darkside-20210608_18-08-59
0.529316,-1.365e-05,0.995686,0.177215,1.2498,319.9667,357.1333,9253419273158252.0,0,Excel-20210707_21-32-38
0.975582,1.79e-06,0.995994,0.072336,4.5302,1159.7667,3751.0333,260006405421406.28,0,Zip-20200427_17-59-25
0.977951,1.55e-06,0.995994,0.065021,4.8537,1242.5667,4139.8333,247030100210672.88,0,Zip-20200427_18-06-42
0.86829,-0.00010729,0.99576,0.263105,0.3884,99.5,223.0333,2604027161997631.5,1,Ryuk-20200821_18-17-34
0.338158,0.0,0.995864,0.442867,99.9991,25611.4667,743.4,687110661736468.9,0,SDelete-20200526_02-15-30
0.813081,-1.14e-06,0.996312,0.294893,42.2653,10821.2,2593.3,904703367170328.6,1,Sodinokibi-20211014_19-42-40
0.35768,0.00061953,0.605812,0.148436,0.0073,1.9,1.2667,126286142714639.14,1,Ryuk-20200821_22-10-20
0.308765,-0.00327968,0.605812,0.178556,0.003,0.8,0.9,92862774120064.0,1,Darkside-20210617_02-42-17
0.343138,2.2e-07,0.996042,0.43416,8.2444,2113.0333,64.7,347677387249038.9,0,SDelete-20200415_16-03-11
0.43608,-0.00010058,0.995914,0.322534,0.6869,176.6,241.4,643022689305843.6,1,Cerber-20200806_22-01-34
0.106818,0.00015511,0.994757,0.199762,0.2137,55.0,616.2,340535424720472.0,0,Firefox-20210714_22-23-06
0.376353,-0.00433543,0.538846,0.134251,0.0029,0.7667,0.0,4552894797817.17,1,Sodinokibi-20211013_20-14-49
0.814569,-7.1e-07,0.996395,0.279876,23.7278,6074.4333,2053.7667,620160324977398.1,1,Sodinokibi-20211012_22-55-54
0.952719,1.7e-07,0.996368,0.167162,46.7171,11959.9,11676.2667,214067341571278.3,1,TeslaCrypt-20200610_02-03-08
0.526799,4.9e-06,0.991996,0.189336,1.1387,293.7333,279.8667,1726670569014228.5,0,Excel-20210702_00-27-20
0.170224,-3.856e-05,0.994922,0.263596,0.3981,102.0,445.5333,1217300200482663.0,0,Firefox-20210617_23-06-08
0.977276,0.0,0.996267,0.103183,20.8904,5348.4,5009.1333,177913084613954.4,1,GandCrab4-20200828_02-39-36
0.279694,5.296e-05,0.713421,0.160391,0.3065,78.5,332.3,2817297669151054.0,1,Cerber-20200806_20-08-06
0.738104,-7.17e-06,0.99591,0.285063,4.3586,1115.8667,614.0,496599234174673.5,1,Cerber-20200729_17-23-52
0.306922,0.00022165,0.801831,0.166301,0.0542,13.9333,3.9,294279871472711.0,1,Darkside-20210608_18-24-58
0.595705,1.8e-07,0.996188,0.302229,19.532,5000.2333,4955.1,2235355578968537.0,1,GandCrab4-20200829_04-41-13
0.994102,5e-08,0.996127,0.014579,1.164,298.1333,304.2667,4701547665560572.0,0,AESCrypt-20210120_22-09-27
0.901464,-8.671e-05,0.995994,0.212471,0.5839,149.5,38.8333,170715682818744.3,1,Sodinokibi-20211007_19-34-14
0.911505,4.2e-07,0.996397,0.212939,69.1416,17701.8667,29568.2333,536589380718159.3,1,Sodinokibi-20211004_23-28-07
0.992071,0.0,0.995953,0.008106,13.9004,3558.5,5731.5333,307184477123284.06,0,Zip-20200516_03-56-35
0.730826,1.45e-06,0.996232,0.315558,5.1894,1329.6667,929.2333,466513193491210.3,1,Ryuk-20200821_20-57-54
0.965895,-7e-08,0.996463,0.1335,23.1972,5939.0667,7948.7,186260575730469.75,1,GandCrab4-20200828_19-38-02
0.728945,6.8e-07,0.996043,0.309701,5.3336,1365.4,1422.7667,447864983816090.5,1,Ryuk-20200820_17-54-33
0.33667,7e-08,0.996016,0.447758,35.7898,9165.1,309.6,315996094650531.1,0,SDelete-20200427_15-44-23
0.373549,-0.00172902,0.550496,0.162483,0.0031,0.8,0.0333,64640313555567.3,1,Darkside-20210608_17-52-10
0.966392,1.9e-07,0.996102,0.135615,8.5287,2183.4,3871.8333,228228620966571.94,0,AESCrypt-20200420_11-37-07
0.581719,-4.5e-06,0.906087,0.230189,1.6325,418.0,935.4667,468732567291355.56,1,Darkside-20210602_19-13-21
0.973382,3e-08,0.996319,0.113176,17.0503,4364.9,4333.3333,112707632956074.31,0,AESCrypt-20200420_11-08-22
0.283021,-0.00099886,0.581079,0.169589,0.0427,10.9667,364.1,65512280329739.12,0,Firefox-20210618_02-09-37
0.990439,4.2e-07,0.99583,0.036826,2.6973,690.5333,863.0667,27167514244466.04,0,Zip-20200526_02-55-21
0.865921,8.36e-06,0.996073,0.300435,5.0249,1286.4667,835.5,3060377962485626.0,1,GandCrab4-20200829_04-34-15
0.520231,1.47e-06,0.989424,0.111719,0.7107,181.9667,255.9667,222646654970234.88,0,Excel-20210707_21-32-38
0.680393,-9.45e-06,0.995944,0.300935,5.7685,1476.7333,681.8,442419502306153.56,1,GandCrab4-20200828_02-54-47
0.994223,3e-08,0.996087,0.00181,0.2913,74.8333,314.0667,190994187329588.94,0,Zip-20201209_22-23-26
0.477807,0.0003261,0.923599,0.316427,0.0152,3.9,100.5333,17981247413387.84,1,TeslaCrypt-20200414_16-21-29
0.525199,-7.51e-06,0.669276,0.120661,0.4138,106.1,120.8333,287262360839756.8,0,Excel-20210708_22-11-45
0.50789,-3.847e-05,0.668132,0.084439,0.4704,120.5333,95.3667,324558173991164.5,0,Excel-20210708_21-33-17
0.652701,7.42e-06,0.99596,0.323821,5.1625,1367.5333,1129.9333,473206251300765.6,1,WannaCry-20200407_17-52-44
0.947528,6e-08,0.996262,0.165949,43.2861,11082.5333,12377.6,864489776282670.6,1,Ryuk-20201027_22-30-13
0.974707,-1e-08,0.996516,0.107723,85.0681,21778.4333,10500.6,216428571586236.5,1,WannaCry-20200716_01-12-18
0.972539,-0.0,0.996301,0.116315,10.1746,2604.7,4455.1333,221480568207179.62,0,AESCrypt-20200420_11-41-59
0.601843,8.9e-07,0.999939,0.310358,24.3444,6232.2667,3251.3,2761860174705839.5,1,Ryuk-20200822_00-26-35
0.956277,4e-08,0.996437,0.151636,64.0517,16399.1333,21494.7667,144135382073917.12,1,Sodinokibi-20211006_18-02-25
0.407113,6.74e-06,0.994569,0.205995,1.3738,351.7333,21.2333,686623845111746.6,0,Firefox-20210611_00-14-43
0.536166,-1.092e-05,0.995912,0.158594,0.5845,149.8,336.7333,5348147309705829.0,0,Excel-20210707_19-29-33
0.065438,-5.3e-07,0.995827,0.167464,19.9925,5118.1,633.4333,165443243514863.3,1,WannaCry-20200407_10-24-17
0.335628,-0.0,0.995819,0.448127,121.2188,31040.6667,932.1667,475456607585293.44,0,SDelete-20200516_01-41-13
0.364862,-0.06010022,0.468627,0.14912,0.0009,0.2333,0.0,2232300531.81,1,GandCrab4-20200829_04-21-02
0.143347,5.77e-05,0.995953,0.296855,0.697,178.5667,116.0,603687310351317.5,0,Firefox-20210617_21-54-16
0.990557,1.1e-07,0.99597,0.038798,5.019,1284.9,2555.9333,17234932408704.4,0,Zip-20201215_19-31-00
0.808302,8.04e-06,0.995973,0.278968,3.4636,915.5,10775.8667,476349320915477.56,1,Sodinokibi-20200825_18-43-38
0.993122,-0.0,0.996391,0.027031,40.7634,10435.4667,10490.5,16777723997824.11,1,GandCrab4-20200828_00-44-46
0.993148,-0.0,0.996368,0.027012,38.0762,9747.5333,11243.8667,305199006109915.9,1,GandCrab4-20200827_17-34-17
0.133624,5.28e-06,0.994922,0.259512,0.3314,85.0333,3227.6,320636162418967.8,0,Firefox-20210714_21-42-43
0.383176,-4.526e-05,0.999684,0.220374,0.3236,82.8333,3.6333,912119048869826.1,0,Firefox-20210610_23-49-44
0.166906,-1.765e-05,0.994922,0.264029,0.4761,122.0667,336.3667,485343314985371.2,0,Firefox-20210610_23-26-28
0.922774,-3.8e-07,0.996367,0.199831,49.2839,12617.7,12652.4333,230903289441275.88,1,Sodinokibi-20211007_01-52-01
0.994302,-0.0,0.996251,0.004102,23.1825,5935.0333,222.5667,31383731362654.12,0,SDelete-20210121_01-02-35
0.993916,-1e-07,0.996271,0.019044,0.9194,235.5,314.7,1.1361400675420154e+16,0,Excel-20210708_23-45-46
0.528416,4.355e-05,0.669276,0.121471,0.1676,43.0,37.5,384628143231629.1,0,Excel-20210708_21-44-34
0.85138,2.7e-07,0.996212,0.262568,6.1748,1580.8,291.6667,639665693057608.0,1,Sodinokibi-20211013_00-03-08
0.979792,1.5e-07,0.996429,0.095742,24.0312,6152.5667,4551.4,53561024753311.59,0,AESCrypt-20201126_22-48-16
0.994125,-2e-08,0.996032,0.009908,4.0322,1034.5333,726.5,386141875975805.25,1,GandCrab4-20201124_22-06-00
0.419595,-7.7e-07,0.999418,0.19864,1.3143,336.7667,34.5333,608753809775155.4,0,Firefox-20210610_22-41-24
0.905874,1.67e-06,0.996311,0.222233,20.5703,5266.5,16902.1,468678203357537.94,1,Sodinokibi-20210209_21-45-32
0.8356,3.2e-06,0.995967,0.262832,1.0255,262.5667,347.6,183511844138831.4,1,Sodinokibi-20200824_20-42-49
0.008917,2e-07,0.994536,0.071668,18.1346,4642.5333,272.9667,12504613039527.93,1,WannaCry-20200513_21-50-28
0.968398,-2e-08,0.996219,0.123153,28.8775,7393.3,7740.4333,170263995098238.28,1,Cerber-20200807_22-00-16
0.992376,-0.0,0.99638,0.034665,28.888,7396.1,7983.7,51045069248938.13,1,Cerber-20200805_18-57-22
0.651775,0.00010507,0.984017,0.242876,0.1473,37.7333,45.0667,7304261407307827.0,0,Excel-20210707_19-40-55
0.97568,-3.5e-07,0.996355,0.109467,7.483,1915.8333,1694.3667,127132962791152.22,1,Cerber-20200807_21-46-11
0.641239,-3.9e-07,0.996565,0.287064,7.6123,1979.9667,1283.0667,1920807082996931.2,1,Cerber-20200805_18-57-22
0.991281,-2.877e-05,0.995778,0.052756,0.0787,20.2,24.1333,599338272801872.5,0,Firefox-20210717_00-06-50
0.443139,3.24e-06,0.995825,0.172922,2.4434,625.5,274.6,140323808842448.11,1,Darkside-20210602_22-42-17
0.992896,0.0,0.996359,0.030641,96.6618,24745.7667,13457.2,262781842992855.5,1,WannaCry-20200729_01-42-19
0.121826,6.311e-05,0.994922,0.227093,0.1954,50.1667,95.5333,343465087001337.2,0,Firefox-20210610_22-34-03
0.964323,-7e-08,0.996301,0.130172,31.9583,8181.4,8656.1667,49594632395575.59,1,GandCrab4-20210126_22-29-31
0.345123,-0.00031311,0.75191,0.240037,0.2667,68.2667,1.5,328641062738458.9,0,Firefox-20210617_23-06-08
0.386913,-5.19e-06,0.922,0.292895,1.1113,288.1,120.7333,580252733310462.4,1,Sodinokibi-20211007_02-25-46
0.993719,0.0,0.996555,0.019492,86.2405,22077.6333,22174.1667,474431711175473.1,1,GandCrab4-20200827_02-44-19
0.722513,1.48e-06,0.996129,0.321779,5.4052,1383.7667,1295.4333,475763625587135.4,1,Ryuk-20200821_00-00-18
0.994242,0.0,0.996161,0.008859,6.4255,1645.0667,1148.1667,1047269700415026.0,1,Darkside-20210717_00-44-20
0.30957,-0.00072979,0.553757,0.140214,0.0142,3.7,22.8333,63946058098687.45,0,Firefox-20210617_21-54-16
0.337443,1e-07,0.996042,0.448522,34.6699,8880.6333,305.6667,394035949283022.56,0,SDelete-20200415_16-03-11
0.220081,-0.00014953,0.994922,0.281115,0.2305,59.4,354.1333,471928017944633.8,0,Firefox-20210618_00-03-32
0.578796,5.46e-06,0.996031,0.309351,6.6972,1767.8667,1569.5333,2113153959637901.0,1,Ryuk-20200820_20-11-37
0.967032,8e-08,0.996296,0.131213,26.7686,6853.4333,8025.4333,176463480454849.72,1,GandCrab4-20200828_20-00-43
0.807885,1.193e-05,0.996134,0.295259,2.2146,566.9333,16.6667,246814090592290.2,1,Sodinokibi-20211007_02-20-31
0.364462,4.279e-05,0.928769,0.237486,0.1516,39.0333,69.8333,370443178639448.6,1,Sodinokibi-20200824_20-38-24
0.994275,0.0,0.996071,0.001273,5.7332,1470.3667,1440.8,69184274664509.63,1,TeslaCrypt-20210121_22-11-44
0.971022,-1e-07,0.996229,0.122378,26.6659,6827.5333,6813.7667,259913848723127.97,0,AESCrypt-20200516_01-16-40
0.368841,0.00220116,0.68038,0.221955,0.0208,5.3667,163.4333,2072442925364594.8,0,Excel-20210701_22-28-40
0.341771,-0.00021198,0.72683,0.137375,0.093,23.8,35.9333,884553672221212.8,1,GandCrab4-20200829_02-03-38
0.530456,7.94e-06,0.994965,0.129923,1.2193,313.2333,997.3667,1603593362503071.0,0,Excel-20210701_23-35-36
0.338309,-2e-07,0.995886,0.44021,8.2842,2121.6667,60.2667,406794740927583.7,0,SDelete-20200526_01-51-28
0.808229,1.456e-05,0.996159,0.299583,3.6,945.1,1146.7667,1241349016719794.8,1,TeslaCrypt-20200805_21-18-49
0.529954,6.24e-06,0.995735,0.315127,1.7561,450.1667,580.6667,173369751336477.5,1,Cerber-20200807_00-27-33
0.99381,-0.0,0.99636,0.017469,41.293,10571.0333,10499.4333,85924216219680.52,1,GandCrab4-20200827_02-18-55
0.991861,6e-08,0.996002,0.019007,10.9081,2792.4667,4926.3667,116457924886000.27,0,Zip-20200427_18-03-08
0.993967,2e-08,0.995976,0.018565,0.7122,182.4667,186.3,71737916171598.55,0,AESCrypt-20210120_22-35-56
0.22844,-0.00041384,0.540637,0.163175,0.0268,6.9667,256.0,71468406182526.11,0,Firefox-20210617_22-15-49
0.615637,-6e-08,0.995845,0.291008,4.2815,1096.0667,494.5667,377529059454846.1,1,Darkside-20210527_22-51-21
0.976816,-1.028e-05,0.995997,0.102948,1.1014,281.9667,69.9,126101294693458.92,0,AESCrypt-20200427_17-40-13
0.813888,9.3e-06,0.99602,0.278876,4.8862,1250.9333,5831.0667,401414593753187.56,1,Sodinokibi-20200824_23-25-47
0.257156,0.00056652,0.605224,0.164718,0.0287,7.4,264.2,227469168533114.1,0,Firefox-20210617_22-00-56
0.956353,0.0,0.996217,0.160692,9.384,2402.4333,2353.3,97919844119555.22,1,TeslaCrypt-20200611_21-26-52
0.497554,-1.58e-06,0.996017,0.223882,3.7488,959.7,208.9667,129924578236091.81,1,Darkside-20210604_00-12-40
0.591912,1.6e-06,0.996092,0.288058,3.5988,921.3,480.0333,375876589670047.5,1,Darkside-20210607_20-19-15
0.723288,-1.007e-05,0.9961,0.297402,4.3109,1103.6,491.9,376639957743190.6,1,Darkside-20210602_22-08-05
0.084326,-6.14e-06,0.994901,0.217527,0.5542,141.9333,42.2,383576626899012.7,0,Firefox-20210610_22-54-18
0.344571,-0.00105961,0.922575,0.278041,0.0461,11.9,0.6667,984357609585115.0,1,Ryuk-20200821_23-35-28
0.99278,-0.0,0.996322,0.031218,54.9473,14066.5,14206.2333,26258727270025.43,1,Cerber-20200730_01-26-39
0.979601,2e-08,0.99622,0.096931,24.8562,6363.9,6896.2,49457488749214.77,0,AESCrypt-20201126_22-18-21
0.523843,-5.4e-07,0.989424,0.102644,0.7231,185.1333,320.5333,147129110121625.44,0,Excel-20210707_21-16-02
0.548839,-4.1e-07,0.99442,0.189201,1.2785,327.5,598.9,2297927621488506.0,0,Excel-20210701_22-50-01
0.395566,3.311e-05,0.842348,0.213827,0.9298,238.2333,26.2,288080886694916.44,0,Firefox-20210714_22-57-54
0.534059,-1.78e-06,0.996234,0.33787,10.8676,2792.9,1594.4333,1960629351177616.0,1,Sodinokibi-20211018_21-35-54
0.519121,3.39e-06,0.995435,0.164097,1.1381,291.8,637.3,8303705712288519.0,0,Excel-20210707_19-35-58
0.665482,-3.74e-06,0.996172,0.253848,2.6695,683.6,1604.0333,476452439431936.4,1,Darkside-20210602_19-20-10
0.977167,1.47e-06,0.995994,0.068779,5.0691,1297.7,4036.1667,237307756810586.16,0,Zip-20200427_17-46-52
0.33836,1.81e-06,0.995936,0.44422,6.754,1729.6,324.9,373009781072965.3,0,SDelete-20200516_02-18-01
0.417369,9.17e-06,0.987533,0.213587,1.3945,357.1667,32.1667,3385135766404341.0,0,Firefox-20210617_22-29-38
0.03991,-8.8e-07,0.994947,0.122839,21.9788,5626.6333,352.5667,208519148262982.53,1,WannaCry-20200513_21-43-50
0.300311,-0.00011616,0.984112,0.151177,0.1171,29.9667,48.7333,1894607117847293.5,1,GandCrab4-20200829_03-34-01
0.542165,-3.16e-06,0.99442,0.175461,1.0576,271.1,426.1667,1579779566957373.5,0,Excel-20210702_00-05-58
0.879722,8.2e-07,0.999939,0.242651,65.7511,16832.3,19404.1,1238538282330683.0,1,Ryuk-20200820_23-14-43
0.336915,0.0,0.99614,0.448066,130.0495,33302.9333,912.9,483706648271647.1,0,SDelete-20200516_02-13-58
0.431499,9.14e-06,0.995832,0.255451,2.2017,563.9333,477.5333,439745846813044.6,1,Ryuk-20200822_00-50-07
0.34706,-0.00180366,0.529138,0.158574,0.0033,0.8333,0.4333,377484105067976.94,1,GandCrab4-20200829_01-29-54
0.969866,1e-08,0.996153,0.123377,17.0402,4362.5,4613.8667,143934404606337.06,0,AESCrypt-20200420_10-52-25
0.857969,-2.98e-06,0.996267,0.221524,4.4189,1131.2667,1134.1333,240940092782225.66,1,Darkside-20210603_21-53-16
0.522281,-0.00021685,0.666517,0.185001,0.1724,44.9333,446.9,1087801436736586.9,0,Excel-20210702_00-16-52
0.473724,8.01e-06,0.996109,0.266159,3.2142,822.8667,479.6667,357756214267000.44,1,Darkside-20210609_22-23-16
0.460438,-3.51e-06,0.995953,0.21069,2.162,553.6667,143.2,1214166699043867.0,0,Firefox-20210610_23-06-00
0.626185,8.36e-06,0.99598,0.302106,2.0774,624.7,127.5333,375146436993763.1,1,GandCrab4-20200828_23-05-54
0.344997,0.00060207,0.554096,0.143584,0.0234,6.0667,1568.5,16267789679146.26,1,GandCrab4-20200828_23-05-54
0.338379,1.1e-07,0.982142,0.339464,9.5867,2480.5,151.4667,666890047185904.9,1,Sodinokibi-20211013_22-18-00
0.093329,1.026e-05,0.994901,0.229832,0.4938,126.7,68.5,358132174000189.44,0,Firefox-20210610_23-43-40
0.973882,0.0,0.996527,0.113136,29.5061,7554.3667,7447.0333,139939961312203.73,1,GandCrab4-20200828_18-58-38
0.527578,5.67e-06,0.99442,0.191294,1.07,274.1,529.7333,2266750053002864.5,0,Excel-20210701_22-34-07
0.700468,-4.28e-06,0.996214,0.300968,3.7087,949.5667,554.6667,180433062671513.3,1,Darkside-20210714_19-40-33
0.370738,-0.0013591,0.533652,0.160764,0.0021,0.5333,0.0,11566264224434.93,1,Cerber-20200806_17-56-03
0.975135,0.0,0.99629,0.106776,78.0102,19971.7,9645.5,79322322293196.23,1,WannaCry-20200610_00-01-25
0.822596,1.91e-06,0.99611,0.280304,7.3,1868.8333,312.7333,684376685321264.2,1,Sodinokibi-20211012_23-17-48
0.970886,-1.9e-07,0.996224,0.123408,25.0776,6420.7667,6089.5667,65717357131997.96,0,AESCrypt-20201126_22-29-13
0.99384,1e-08,0.996252,0.0075,3.4438,889.3333,685.8,285835460706105.2,1,GandCrab4-20201124_22-06-00
0.342142,-0.00059255,0.553392,0.13784,0.018,4.6333,1.6,26263005183773.47,1,Ryuk-20200821_22-31-26
0.720739,-8.54e-06,0.99593,0.297978,4.2682,1092.7,577.6667,389483151540627.6,1,Darkside-20210604_00-27-59
0.601091,1.24e-06,0.996154,0.288674,6.2287,1594.5667,772.3333,384868082266037.0,1,Darkside-20210608_18-24-58
0.993823,4e-08,0.996211,0.021033,1.4578,373.4333,385.3667,1.077282927208778e+16,0,Excel-20210708_23-05-31
0.507784,2.308e-05,0.668673,0.122477,0.2149,55.1333,58.4333,98315162333129.67,0,Excel-20210708_22-16-53
0.391684,1.48e-06,0.937327,0.306598,2.8766,746.3667,84.2667,492980993425717.0,1,Sodinokibi-20211013_22-52-05
0.99429,0.0,0.996247,0.004546,22.1931,5681.7667,327.0333,61814908360545.57,0,SDelete-20210121_00-47-18
0.771585,2.8e-06,0.996182,0.298178,14.2899,3658.3,727.5667,757897186805181.8,1,Sodinokibi-20211007_02-31-03
0.976573,-3e-08,0.996302,0.106071,25.1074,6428.3,7096.5667,53344889790428.85,0,AESCrypt-20201126_22-29-13
0.974612,-3e-07,0.996103,0.112276,9.7539,2497.3,3739.1333,62407385122911.42,0,AESCrypt-20201126_21-50-04
0.992379,2.6e-06,0.995798,0.040155,0.2743,70.4667,215.7667,981826228880320.2,1,Cerber-20210121_20-27-33
0.532169,7.11e-06,0.814855,0.131249,0.4753,122.0,199.7333,492497423421252.7,0,Excel-20210708_22-16-53
0.359871,7.98e-06,0.929244,0.150082,0.0854,21.8667,26.3,2451454798884471.5,1,Cerber-20200806_19-05-10
0.965245,0.0,0.996369,0.132637,86.2292,22075.7333,13208.9667,148396148991757.22,1,Sodinokibi-20211006_20-06-41
0.974536,-1e-08,0.99635,0.110541,32.2097,8246.3667,8336.0333,58316577798545.21,1,Cerber-20200807_21-50-52
0.083957,-2.4e-06,0.994901,0.217675,0.5499,140.8,40.3,362081684795699.2,0,Firefox-20210611_00-14-43
0.083928,-2.59e-06,0.994901,0.217924,0.5498,140.7667,40.4,390538116214414.2,0,Firefox-20210610_23-49-44
0.888548,2.38e-06,0.996223,0.255221,5.4303,1391.6333,3228.8333,311423469949910.8,1,Darkside-20210611_01-02-20
0.702575,-1.01e-06,0.996178,0.309579,13.742,3518.1,4718.4667,556285384049886.3,1,GandCrab4-20200827_03-08-06
0.583813,5.87e-06,0.995905,0.28493,3.6026,922.2667,587.0667,374949249992082.94,1,Darkside-20210602_22-58-51
0.989965,1.09e-06,0.995953,0.039454,1.8065,462.4667,870.3333,49919807960376.26,0,Zip-20200516_03-32-57
0.666575,-4.99e-06,0.996117,0.292169,4.6195,1182.7,561.8,528453750132373.06,1,Cerber-20200729_03-23-39
0.640887,9.3e-07,0.996196,0.294611,3.1502,871.1333,359.1,379101091136340.44,1,Darkside-20210608_19-46-23
0.522036,-4.03e-06,0.996048,0.282621,6.2241,1593.4,758.0,2908009010972324.0,1,GandCrab4-20200829_02-49-55
0.681074,6.9e-06,0.996001,0.303666,0.4727,140.3333,114.4,3037874392458440.5,1,Ryuk-20200821_17-14-54
0.994285,-0.0,0.996137,0.00483,14.9467,3826.6,151.1667,22370022489392.07,0,SDelete-20210121_00-47-18
0.317852,0.00018885,0.55532,0.127252,0.0198,5.1,0.2667,128012738849877.69,1,TeslaCrypt-20210616_22-17-35
0.982395,2.7e-07,0.996254,0.085235,28.7533,7360.9,12572.3667,408745153411055.7,1,Cerber-20200729_03-37-19
0.993561,-1e-07,0.995853,0.026778,0.6497,166.4667,43.7333,871252228388063.1,0,Firefox-20210716_23-34-19
0.99347,3e-08,0.996177,0.011505,6.1423,1621.4333,3246.2333,380126070965875.8,1,Cerber-20210121_19-35-03
0.974615,1e-08,0.996417,0.110819,28.4156,7275.4667,7301.8,335049570665909.7,0,AESCrypt-20200526_01-27-25
0.902842,1.49e-06,0.999632,0.226955,27.1903,6960.9,6018.4667,78168616282606.1,1,WannaCry-20201029_21-46-56
0.534659,-8e-08,0.996029,0.301373,2.1365,546.9667,787.3,2158723257145310.2,1,Ryuk-20200820_22-46-30
0.91832,3.5e-07,0.996201,0.20974,21.4367,5487.9333,169.7667,125773569719327.55,1,Ryuk-20201216_19-50-32
0.762509,2.42e-06,0.996286,0.301019,11.0211,2821.4667,589.5,538621230148356.75,1,Sodinokibi-20211013_00-25-48
0.742728,9.63e-06,0.996047,0.325142,5.6409,1444.0667,3295.4333,2410897030580449.5,1,GandCrab4-20200827_23-53-42
0.980767,-1.4e-07,0.996441,0.098612,43.956,11255.0,7589.3,99650735596849.7,1,GandCrab4-20200828_01-19-32
0.17061,2.56e-05,0.994922,0.278139,0.3579,91.6333,193.8667,385852591175164.44,0,Firefox-20210611_00-08-44
0.533241,-8.859e-05,0.912111,0.180959,0.2191,56.1667,699.4667,1159357352969081.2,1,Sodinokibi-20200824_22-49-16
0.364511,-0.00012715,0.906993,0.145491,0.0599,15.4,8.9667,674358694420464.0,1,Sodinokibi-20200826_01-45-12
0.512082,1.304e-05,0.995737,0.182013,1.5714,402.3,2002.7667,1263389565132586.5,1,Sodinokibi-20200824_20-42-49
0.52483,-1.297e-05,0.994964,0.148334,1.1882,304.3333,494.7667,8855252324382268.0,0,Excel-20210707_21-47-18
0.142534,7.414e-05,0.995953,0.309134,0.5834,149.7333,37.4333,426130830510891.8,0,Firefox-20210617_23-35-32
0.539174,8.9e-06,0.99535,0.121196,0.6376,163.3667,173.0,1082383800590397.6,0,Excel-20210707_19-23-49
0.320949,-2.7e-07,0.995878,0.425022,2.8306,725.1667,20.5667,253873862886482.28,0,SDelete-20200526_01-55-34
0.973012,2e-08,0.996103,0.116793,13.7951,3531.9667,6484.1667,57523142816822.44,0,AESCrypt-20201126_22-43-40
0.206241,0.00019761,0.994922,0.268461,0.2188,56.1333,99.3667,445947491380836.7,0,Firefox-20210617_22-29-38
0.990486,2e-08,0.999632,0.051738,124.2758,31814.7667,18930.5,286615812890601.25,1,WannaCry-20200805_18-42-29
0.994302,-0.0,0.996312,0.003649,17.9677,4599.9,195.7333,72324059939307.16,0,SDelete-20210121_00-05-35
0.338686,5e-08,0.995998,0.444446,38.5785,9880.1,287.9667,237623865255458.3,0,SDelete-20200415_15-53-48
0.497523,-7.47e-06,0.992868,0.181877,1.2473,319.4667,299.0333,1959481363824319.8,0,Excel-20210701_23-13-43
0.985787,-1.3e-07,0.99585,0.0577,11.0396,2826.2,6212.3333,424584901556607.7,0,Zip-20200516_03-29-39
0.667342,5.6e-07,0.996237,0.301109,7.6629,1961.8,981.6333,384285758217398.5,1,Darkside-20210602_20-11-43
0.98333,1.42e-06,0.996026,0.095679,4.6404,1187.9333,0.5667,72179880476475.97,1,Darkside-20210609_23-02-22
0.976636,9e-08,0.996334,0.107237,17.8243,4563.0333,4883.6333,135855607652551.48,0,AESCrypt-20200427_17-40-13
0.244669,-0.00013721,0.993702,0.332522,0.4175,107.1,169.3333,894038489156196.8,0,Firefox-20210617_22-00-56
0.974302,-1.6e-07,0.996148,0.110537,16.1499,4134.5333,3937.7333,103070273647836.0,0,AESCrypt-20200420_11-03-56
0.702385,-5.769e-05,0.995784,0.32399,0.9215,235.9667,347.2,449759240880308.3,1,Sodinokibi-20200824_21-45-49
0.463146,2.52e-06,0.995953,0.220158,1.8427,471.7333,104.7667,913641400110019.4,0,Firefox-20210611_00-37-11
0.405427,4.21e-06,0.875633,0.203834,1.2976,332.3667,52.4,619510032799104.4,0,Firefox-20210617_22-42-33
0.533995,3.31e-06,0.996266,0.248027,5.1439,1317.1,434.6333,57145783779105.42,1,Darkside-20210714_19-32-29
0.337343,-0.00059672,0.994594,0.178199,0.0418,10.7,0.8333,6209849352060241.0,1,GandCrab4-20200827_03-48-38
0.132483,1.506e-05,0.994953,0.246125,0.3407,87.6,340.9,398667907000756.25,0,Firefox-20210610_23-43-40
0.543191,-4.58e-06,0.996116,0.292506,6.7929,1739.0,881.4333,3002896925969283.5,1,GandCrab4-20200827_17-27-08
0.980635,-1.3e-07,0.996277,0.088566,17.8284,4611.5667,4921.7,225311379174305.97,1,Sodinokibi-20200824_23-05-52
0.969758,-2.5e-07,0.996129,0.117627,3.0768,787.6667,797.0,26767624172432.43,1,GandCrab4-20210126_22-44-54
0.336302,9e-08,0.995986,0.449291,35.2863,9036.1333,297.6333,324043048995858.25,0,SDelete-20200415_15-21-28
0.332286,-0.00610421,0.509501,0.146451,0.0034,0.8667,13.6667,22885299337206.94,1,TeslaCrypt-20200521_01-45-56
0.418536,-4.3e-07,0.995953,0.229704,1.8,460.9667,49.2667,479931624470173.94,0,Firefox-20210617_22-07-20
0.33928,0.0,0.996022,0.442092,35.9946,9219.4333,433.7333,244445328230316.66,0,SDelete-20200415_15-39-03
0.829349,-5.2e-07,0.996246,0.27281,24.6075,6299.6667,1866.6,592938253449422.8,1,Sodinokibi-20211012_23-57-15
0.987794,-5e-08,0.995846,0.044172,9.4286,2413.7333,4727.3667,119156468458955.22,0,Zip-20200427_17-59-25
0.095853,1.497e-05,0.995044,0.234279,0.5636,144.3667,18.2667,371170494671452.75,0,Firefox-20210610_23-06-00
0.975985,1.3e-07,0.996046,0.113005,4.3621,1116.7667,506.5667,121932313107184.72,1,WannaCry-20200707_23-20-52
0.874481,-6.73e-06,0.996173,0.247385,4.0708,1042.1667,17.7333,551914631671325.44,1,Sodinokibi-20211007_20-17-30
0.628532,-1.057e-05,0.989651,0.246853,0.7113,182.1,334.1,3518716675421370.5,0,Excel-20210707_21-01-51
0.939215,1.24e-06,0.996198,0.177112,13.0304,3336.1333,7536.4333,1250701651417710.0,1,Cerber-20200807_18-16-47
0.965113,3.5e-07,0.996275,0.137518,7.6214,1951.2,1812.6667,121351688174314.83,0,AESCrypt-20200526_00-32-39
0.991135,-3.63e-06,0.995853,0.05564,0.1175,30.1667,122.2667,3139366104046288.0,0,Firefox-20210716_23-34-19
0.447997,1.2e-07,0.995966,0.174285,4.4769,1146.1667,201.5667,101885808238680.5,1,Darkside-20210714_19-24-10
0.614813,-8.4e-06,0.995979,0.291716,2.7701,709.2,247.7667,422817638739603.0,1,Cerber-20200807_17-44-02
0.538975,7.47e-06,0.994109,0.189163,0.9701,248.5333,587.9333,2448712542656429.5,0,Excel-20210701_22-44-18
0.993908,-4e-08,0.996064,0.019704,1.198,306.9667,305.1,2720496168413380.0,0,AESCrypt-20210120_22-35-56
0.968603,-5e-08,0.996267,0.129011,27.3571,7004.8,6904.8,129239655370205.88,0,AESCrypt-20200526_00-32-39
0.495892,-0.00014504,0.995739,0.337237,0.5942,156.3333,253.8667,1161450701089989.2,1,Cerber-20200806_21-35-14
0.137755,0.00020106,0.994992,0.212576,0.1286,33.1,290.1,462379866893141.56,0,Firefox-20210610_23-33-03
0.658308,1.195e-05,0.995914,0.307541,1.3418,409.9,312.8,545979712898503.06,1,Ryuk-20200820_18-08-51
0.506538,3.79e-06,0.999684,0.13347,0.2911,74.5333,10.1667,1126900502848923.0,0,Firefox-20210611_00-20-20
0.157971,-6.099e-05,0.993702,0.252052,0.3604,92.6,2297.9333,1046854040885061.0,0,Firefox-20210618_00-03-32
0.409051,2.871e-05,0.842774,0.177843,0.8428,215.8333,0.1,414148541348299.06,0,Firefox-20210714_22-23-06
0.442051,-0.00015385,0.915833,0.197896,0.0478,12.8,64.6333,95801275249856.11,1,Darkside-20210617_02-42-17
0.994272,-1e-08,0.996181,0.005402,1.6924,433.3,14.8,101992663421199.6,0,SDelete-20210121_01-17-51
0.975059,1e-08,0.996362,0.108852,87.3311,22357.8667,25474.6333,55928733808103.01,1,Sodinokibi-20211012_22-28-35
0.154598,0.00011665,0.994757,0.224722,0.2468,63.2333,154.1,383044383505550.2,0,Firefox-20210611_00-08-44
0.633579,-3.21e-06,0.996057,0.287374,4.1139,1053.2,367.5667,374296011900829.6,1,Darkside-20210604_00-20-26
0.969477,-4e-08,0.996394,0.124617,27.9544,7157.4667,7124.2,216041904349160.12,0,AESCrypt-20200516_01-08-37
0.53216,-8.98e-06,0.993656,0.158829,1.2744,326.3,390.0667,1412218952292701.8,0,Excel-20210701_23-54-57
0.544137,2.51e-06,0.669667,0.101521,0.6487,166.2333,151.9333,351987909881571.4,0,Excel-20210708_18-04-14
0.932628,6e-07,0.999632,0.190364,52.6577,13480.7,9275.7,272669679771210.44,1,WannaCry-20201202_19-19-47
0.993547,-1.19e-06,0.995871,0.026315,0.1782,45.8,182.0333,124064060003671.81,0,Zip-20201210_19-12-32
0.52255,-5.64e-06,0.947072,0.126022,1.1886,305.5667,842.2,1611783715011328.0,0,Excel-20210701_22-44-18
0.994285,-0.0,0.996286,0.005555,14.6731,3756.6333,106.0333,33946798101026.21,0,SDelete-20210121_00-32-17
0.831577,-8.4e-07,0.996099,0.271511,25.1489,6438.3333,2012.9667,579951237640990.6,1,Sodinokibi-20211012_23-46-23
0.993232,1.5e-07,0.995879,0.030477,0.6014,154.2,2787.7667,3429645002914334.5,0,Firefox-20210716_23-52-35
0.115003,-0.00055025,0.687322,0.181669,0.061,15.7,8.2667,301237408217409.94,0,Firefox-20210714_21-53-48
0.993873,2e-08,0.996079,0.019573,1.3332,341.4667,316.0667,1.118167167304031e+16,0,Excel-20210708_22-35-48
0.482576,7.853e-05,0.955533,0.175604,0.179,46.9333,581.7,901631481529842.9,0,Excel-20210702_00-05-58
0.993398,2.1e-07,0.996043,0.029244,0.5489,140.7,452.3,8124812461037090.0,0,Excel-20210708_22-35-48
0.990962,1e-08,0.995912,0.01597,11.5512,2957.1333,5334.1667,7529233195326.9,0,Zip-20201215_19-47-48
0.993689,0.0,0.996498,0.019644,38.9367,9967.8333,10602.7,202409341387033.38,1,GandCrab4-20200827_17-27-08
0.657417,1.897e-05,0.995932,0.321534,5.0765,1301.3,4274.5333,754961381183868.4,1,Darkside-20210609_20-03-28
0.994036,0.0,0.996087,0.016704,2.2449,574.9,784.3333,1.2056790984585866e+16,0,Firefox-20210716_23-52-35
0.436095,2.885e-05,0.924243,0.300367,0.93,240.2333,294.1333,997197978094970.0,1,Sodinokibi-20200826_01-50-57
0.478896,5.65e-06,0.993239,0.22255,1.1916,306.7,1627.1333,1428684192928968.2,0,Excel-20210702_00-27-20
0.344233,7.6e-07,0.995762,0.447225,7.7542,1985.9333,63.4667,188635668813449.03,0,SDelete-20200526_01-46-46
0.994305,-0.0,0.99622,0.003368,29.6648,7594.5333,309.9667,29211175430709.25,0,SDelete-20210121_00-19-43
0.526328,-3.31e-06,0.996104,0.246209,5.6033,1435.6333,207.0,199516769856735.5,1,Darkside-20210527_21-49-15
0.624707,1.709e-05,0.995842,0.317922,1.6641,473.6667,6919.8333,2414505916878044.0,1,Ryuk-20200820_19-41-16
0.993231,1.3e-07,0.99579,0.031023,0.6524,167.2667,1881.8333,3439090517053022.5,0,Firefox-20210716_23-20-19
0.616679,-9.13e-06,0.99607,0.28347,4.4868,1148.6333,266.7667,211425473745510.3,1,Darkside-20210607_20-19-15
0.994003,-5e-08,0.996183,0.013442,2.272,583.1667,1154.3,324830081043303.5,1,Sodinokibi-20210120_19-53-51
0.975014,-2e-07,0.996252,0.110757,17.4753,4473.7667,4391.8333,163857247815103.25,0,AESCrypt-20200420_11-24-46
0.990809,-6.9e-07,0.995971,0.040059,2.409,616.7,1124.1667,19634055380451.06,0,Zip-20200420_15-02-05
0.479842,3.049e-05,0.701912,0.082484,0.1873,47.9667,646.4333,217546931503119.3,1,Sodinokibi-20200824_17-47-34
0.972201,5.27e-06,0.996068,0.11679,2.5396,650.1333,644.0667,203565856766853.7,0,AESCrypt-20200427_16-43-56
0.862568,-3.2e-07,0.996107,0.272045,4.7325,1224.9,4213.6,440163226806206.56,1,Darkside-20210610_22-17-09
0.596055,1.819e-05,0.995846,0.300213,2.7753,710.5667,5551.1333,1740557921781734.8,1,Sodinokibi-20211013_20-02-15
0.993041,4.7e-07,0.996065,0.033847,0.5466,140.1667,2228.8333,4485983442210813.0,0,Firefox-20210716_23-13-43
0.97282,1.49e-06,0.995994,0.084075,4.5554,1166.2,3809.0667,7238715444628781.0,0,Zip-20200420_15-06-48
0.66283,-6.7e-07,0.996197,0.292354,9.9694,2599.3667,2138.8,2004896301258698.0,1,GandCrab4-20200829_02-43-05
0.805321,6.58e-06,0.999632,0.299972,13.3496,3417.5333,2560.4333,998108082904117.4,1,WannaCry-20200707_23-46-19
0.915547,3.5e-07,0.996374,0.203804,13.4672,3447.7,4203.1333,169714930625151.28,1,Darkside-20210714_19-15-11
0.970867,-1e-07,0.996311,0.121181,19.2327,4923.7667,4604.7,181211151985598.22,0,AESCrypt-20200427_17-40-13
0.33667,-4e-08,0.995977,0.441798,36.145,9257.0667,273.2,197477343286000.3,0,SDelete-20200427_16-15-58
0.993139,3.4e-07,0.995872,0.033759,0.6345,162.6333,299.7,8070948660235391.0,0,Excel-20210708_22-52-59
0.372806,-1.95e-06,0.822519,0.103697,3.9593,1014.4333,679.1,193832201615907.6,1,Darkside-20210602_22-26-25
0.984099,7e-08,0.99633,0.078827,91.8868,23523.1667,25375.5667,470182113264647.06,1,GandCrab4-20200827_03-15-19
0.990084,2e-08,0.995909,0.040442,4.7858,1225.1667,1762.8333,2589979088558.17,0,Zip-20201215_19-22-50
0.543627,-1.118e-05,0.994842,0.150374,1.3042,334.0333,553.6,1760208594454708.2,0,Excel-20210701_22-28-40
0.487673,-5.28e-06,0.995953,0.240661,2.2087,565.6,89.7667,1482569738482581.2,0,Firefox-20210610_22-47-29
0.880383,8.66e-06,0.996266,0.257013,5.3772,1376.6,1504.3667,954101320071804.8,1,TeslaCrypt-20200611_21-37-59
0.994223,0.0,0.996338,0.00566,4.111,1055.6667,147.7333,1480580306992608.2,1,Ryuk-20201119_19-24-06
0.162799,0.00044206,0.71884,0.230121,0.079,20.4667,120.3667,309662681824421.4,0,Firefox-20210714_22-50-41
0.575839,-1.43e-06,0.996102,0.315313,5.7806,1502.2667,619.0,4890593718893495.0,1,Ryuk-20200821_20-34-10
0.508675,-9.85e-06,0.995686,0.166338,1.3027,333.6667,376.3333,1.0409791600628246e+16,0,Excel-20210708_18-04-14
0.933179,6.3e-07,0.996334,0.19245,27.7333,7099.9,7456.5333,68332459463623.34,1,GandCrab4-20210126_21-59-08
0.406004,-8.951e-05,0.753835,0.211183,0.3553,90.9667,2.9,356493639237594.9,0,Firefox-20210618_00-03-32
0.980741,-2.6e-07,0.996237,0.092086,7.7076,1973.4,1413.4,96415409147258.78,0,AESCrypt-20201126_21-50-04
0.832854,-3.068e-05,0.995823,0.277089,0.922,236.1,429.3667,2109027135534185.8,1,Ryuk-20200820_23-14-43
0.994159,-1e-08,0.995941,0.012577,3.0622,784.0333,276.6,9645556813457044.0,0,Firefox-20210716_23-26-55
0.963338,2.6e-07,0.996208,0.14677,18.9569,4853.1667,6844.1,521222111012717.25,1,GandCrab4-20200828_20-00-43
0.329119,-0.00013473,0.693447,0.163985,0.0697,17.8667,0.4,369509246710989.1,1,TeslaCrypt-20210616_20-08-38
0.543629,-1.1e-07,0.995807,0.327496,1.6066,413.1667,626.7333,620571165424866.1,1,Cerber-20200807_00-51-59
0.990601,3e-08,0.99597,0.036005,13.0726,3346.6333,5244.0333,541532313063292.7,0,Zip-20200516_03-52-41
0.979278,5.7e-07,0.996102,0.106798,6.3895,1638.6667,8.5,83412632538456.66,1,Darkside-20210610_22-17-09
0.965955,4e-08,0.99639,0.133473,25.8794,6626.1667,6276.6333,149456701825676.56,0,AESCrypt-20200526_00-39-43
0.743523,-6e-07,0.996101,0.320548,5.3953,1381.2333,1140.1667,504531731873149.56,1,Ryuk-20200821_00-44-06
0.616063,1.395e-05,0.995769,0.350104,4.0389,1041.8,528.7333,1154229375745552.5,1,Sodinokibi-20211013_19-49-56
0.471046,2.15e-06,0.984668,0.287796,0.689,176.8,400.8667,810257310598962.9,1,Ryuk-20200822_01-04-03
0.987924,-1.3e-07,0.99597,0.057933,6.1716,1580.0667,3107.6667,45897543460411.95,0,Zip-20201215_19-13-54
0.42587,-4.54e-06,0.987533,0.207722,1.3629,349.0667,34.0333,4504536180371557.0,0,Firefox-20210617_22-00-56
0.977893,4e-08,0.996451,0.101969,31.2737,8006.3333,8321.6,465936931757502.25,1,GandCrab4-20200828_03-21-29
0.497856,-1.754e-05,0.996207,0.299764,3.852,986.1667,1045.9333,770031158544374.2,1,Ryuk-20200821_18-23-03
0.986967,7e-08,0.995846,0.05207,10.7412,2749.8333,6144.4,66240769205205.91,0,Zip-20200526_02-59-07
0.990047,-2e-08,0.995864,0.036231,2.9018,742.8667,923.6,66713391296928.0,0,Zip-20200427_17-56-04
0.533602,4.88e-06,0.995386,0.165206,0.6542,167.6667,317.4667,5475125761032792.0,0,Excel-20210707_19-17-37
0.507125,-7.319e-05,0.91563,0.201597,0.3316,85.3667,549.4667,940625202131288.0,0,Excel-20210702_00-00-36
0.079829,2.15e-06,0.994901,0.209486,0.6104,156.3333,4.1,454432568823698.1,0,Firefox-20210617_22-29-38
0.904638,4.53e-06,0.996216,0.229946,10.7174,2770.9,6265.8667,1011833335749232.8,1,Cerber-20200805_18-57-22
0.96141,-2.2e-07,0.99637,0.139004,61.527,15751.5333,12275.2333,126532036081570.61,1,Sodinokibi-20211008_00-00-19
0.441,-2.7e-06,0.995692,0.197033,1.9442,497.8667,50.7333,548610174847418.2,0,Firefox-20210617_23-35-32
0.412272,-0.00036411,0.740733,0.151911,0.0266,8.1333,0.3,257518816071055.44,1,GandCrab4-20200828_21-47-52
0.971652,2e-08,0.996472,0.116365,76.1398,19492.8,18867.7,294955944128328.6,1,GandCrab4-20200828_20-48-47
0.75374,-4.726e-05,0.991847,0.304619,0.5612,143.7333,142.7667,150674178840801.34,1,Sodinokibi-20211018_19-52-51
0.091654,-2.45e-06,0.994901,0.231169,0.4641,118.8333,41.2,363150251407035.6,0,Firefox-20210610_23-56-12
0.340514,-1e-08,0.996099,0.440316,45.1303,11553.7333,363.5667,247128703849038.97,0,SDelete-20201208_22-17-32
0.188884,0.00014686,0.994922,0.256736,0.2624,67.2333,122.4667,442565201661404.0,0,Firefox-20210617_23-42-02
0.933805,2.44e-06,0.996191,0.207656,7.8433,2009.7,1002.2,214230797310027.72,1,Darkside-20210609_22-50-01
0.98606,3e-07,0.995912,0.05821,9.0433,2315.1333,4777.7333,4733947388636948.0,0,Zip-20200420_15-02-05
0.858896,-7.9e-07,0.996198,0.254069,27.3098,6991.4667,2709.3667,495194241838033.25,1,Sodinokibi-20211013_23-09-40
0.994033,-1e-08,0.996063,0.015957,2.7242,697.9,676.1333,9157162357118942.0,0,Firefox-20210717_00-20-12
0.605941,-3.8e-07,0.996347,0.286335,6.4407,1648.9333,1092.0667,393519338928424.1,1,Darkside-20210617_19-39-03
0.467735,3.92e-06,0.996367,0.260954,3.1392,803.7,468.2333,343481835550954.56,1,Darkside-20210607_19-55-49
0.966754,-2e-08,0.996249,0.139704,54.4089,13929.3667,13484.7667,87847785969644.39,1,TeslaCrypt-20200610_02-03-08
0.993565,-3.5e-07,0.995985,0.022991,0.241,62.1333,220.5,459590455963742.25,0,Zip-20201210_19-19-03
0.993624,0.0,0.996139,0.007614,5.4455,1436.8667,5997.6,341213583454411.0,1,Sodinokibi-20210120_19-47-02
0.767337,-5.19e-06,0.996271,0.302553,5.1306,1371.7,1110.2333,443684669768094.25,1,Ryuk-20200821_19-50-48
0.836509,-3.5e-07,0.996089,0.271367,8.1619,2089.5,308.0333,722634078639956.6,1,Sodinokibi-20211012_22-55-54
0.994222,0.0,0.996164,0.006721,5.5348,1419.9667,1342.4333,29296176167829.79,1,TeslaCrypt-20210121_22-17-34
0.902912,1.6e-06,0.99615,0.224982,21.3839,5474.8667,14599.4333,463781936166769.5,1,Sodinokibi-20210209_20-26-48
0.966986,-2e-08,0.996302,0.138594,54.009,13826.8667,13381.1,90876606410447.0,1,TeslaCrypt-20200610_01-51-14
0.542373,1.216e-05,0.670677,0.082785,0.8191,209.8333,240.6333,353746305957354.4,0,Excel-20210708_21-33-17
0.99375,-4e-08,0.996099,0.023309,1.343,344.0,140.2667,5463393025316133.0,0,Firefox-20210716_23-20-19
0.528484,-8.15e-06,0.995521,0.177066,1.3348,342.5,368.5333,9844297579706494.0,0,Excel-20210707_21-37-06
0.336615,3e-08,0.995904,0.448968,63.8126,16336.3,416.5,174985417991978.2,0,SDelete-20201208_22-08-41
0.336426,2e-08,0.995812,0.449873,66.5343,17033.1333,441.4,165000757550864.12,0,SDelete-20201208_22-04-01
0.994281,-0.0,0.996272,0.005329,22.2252,5690.0,211.0,59680996891995.05,0,SDelete-20210121_00-00-16
0.543581,0.00014278,0.995781,0.278598,0.4318,110.6,510.9,705779404842614.8,1,Cerber-20200807_17-55-29
0.993091,-5e-08,0.995971,0.00689,2.8335,725.3667,987.6667,47816915592645.65,0,Zip-20200420_15-53-17
0.830655,-1.22e-06,0.996383,0.273634,18.1709,4651.8667,1796.1,512945741946324.2,1,Sodinokibi-20201205_00-44-45
0.089608,9.73e-06,0.994901,0.236898,0.4448,113.9667,64.1667,341505304689566.2,0,Firefox-20210714_22-50-41
0.955603,-0.0,0.996154,0.166098,14.7239,3769.3667,3581.0,401056578657503.7,1,TeslaCrypt-20200716_02-08-02
0.604065,-7.97e-06,0.996323,0.289945,2.8602,732.2667,297.5667,355130071721273.6,1,Cerber-20200807_01-01-20
0.485228,5.1e-06,0.995589,0.175646,0.5744,147.1,1135.6333,1532005736961591.5,1,Sodinokibi-20200826_01-55-42
0.993981,-0.0,0.995967,0.016983,1.1609,297.4333,224.0333,1.2711439954582852e+16,0,Excel-20210708_23-11-29
0.467352,1.22e-06,0.995261,0.296774,0.7028,180.3333,363.5667,880905681345360.0,1,Ryuk-20200822_01-09-57
0.391197,5.63e-06,0.99442,0.272234,1.0444,267.4,463.7,1812754872054704.2,0,Excel-20210702_00-16-52
0.865639,-8.4e-07,0.996178,0.261098,39.2302,10043.5667,7466.6667,562198302389295.4,1,Sodinokibi-20211005_00-05-58
0.981423,-6e-08,0.996492,0.090456,20.0084,5122.6667,3857.6,46078703047718.49,0,AESCrypt-20201126_22-33-50
0.695939,2.203e-05,0.995905,0.302555,3.2768,838.8667,2206.2,515297061984793.3,1,Darkside-20210607_20-03-43
0.655866,-1.269e-05,0.996091,0.350126,1.6357,420.4,98.6667,366966264176412.94,1,Sodinokibi-20211013_00-36-05
0.065784,-1.435e-05,0.994901,0.19432,0.4523,115.9,57.0667,331394539669678.1,0,Firefox-20210714_22-29-57
0.294231,-6.64e-06,0.726839,0.152486,0.3059,78.3333,259.0,2860502760303200.5,1,Cerber-20200807_19-49-13
0.453111,4.809e-05,0.994938,0.162825,0.1352,35.8333,14.0333,319309082284017.1,1,Darkside-20210609_20-11-51
0.340047,1e-08,0.996069,0.438841,108.3031,27738.7667,1129.0333,727152780113586.6,0,SDelete-20200526_02-10-52
0.975752,1.5e-07,0.996302,0.105982,16.9061,4341.7,5590.6667,1087308729035266.8,1,GandCrab4-20200828_03-45-04
0.767858,-7.28e-06,0.995933,0.3214,1.8318,468.9333,1009.7333,2669236302527949.0,1,Ryuk-20200821_17-07-55
0.59409,3.91e-06,0.99576,0.291393,2.5049,695.7,861.9333,394094934192640.8,1,Cerber-20200807_03-05-45
0.981201,7e-08,0.99628,0.092087,18.709,4790.1,4670.8,82118208718469.88,0,AESCrypt-20201126_22-24-10
0.914768,1.6e-07,0.996478,0.207903,27.2739,6983.2333,8777.0333,233522991570444.3,1,Darkside-20210607_18-02-24
0.973487,4e-08,0.996405,0.112386,91.3319,23381.8333,22382.8333,190557805069243.8,1,Sodinokibi-20211008_00-12-42
0.968353,-3.3e-07,0.996119,0.124503,5.5144,1411.9,1385.7667,183534163854871.97,0,AESCrypt-20200516_01-16-40
0.338273,7e-08,0.995762,0.445733,36.3757,9318.1,295.5667,356061027778973.44,0,SDelete-20200415_16-07-54
0.230013,6.528e-05,0.994922,0.281394,0.2456,62.9333,688.8333,651168209590303.4,0,Firefox-20210618_00-12-16
0.160739,-4.456e-05,0.993702,0.251497,0.3705,95.0333,2295.6667,1021235872693915.4,0,Firefox-20210617_22-07-20
0.560133,-3.63e-06,0.995975,0.328982,6.2963,1612.0333,580.3,1372923582222924.5,1,Ryuk-20200820_23-09-44
0.405604,1.703e-05,0.999684,0.208355,0.3967,101.5667,0.4,460336440616647.1,0,Firefox-20210611_00-37-11
0.834778,-1.17e-06,0.996225,0.28169,38.1306,9761.9333,5930.7,1031745035728393.0,1,Sodinokibi-20200825_17-32-21
0.956017,2.2e-07,0.996454,0.160675,41.4147,10602.2667,10374.1333,43600404763008.13,1,TeslaCrypt-20210126_19-31-53
0.993258,0.0,0.996388,0.026055,54.9108,14057.2,14232.6333,182905247551975.62,1,Cerber-20200729_04-01-34
0.992242,-1e-08,0.996299,0.039042,38.099,9754.0,9542.3333,37613652368785.54,1,GandCrab4-20200827_00-54-02
0.338057,0.0,0.995886,0.444732,117.9599,30209.4333,809.8,1100856378073714.9,0,SDelete-20200526_01-51-28
0.990353,4e-08,0.99597,0.038412,12.944,3313.7,5202.5667,435770622813276.75,0,Zip-20200516_03-26-28
0.337415,9e-08,0.995756,0.448171,35.5428,9103.7,272.3,347980913861917.6,0,SDelete-20200415_15-49-05
0.886753,1.6e-06,0.996298,0.236025,19.7115,5046.8667,14658.4333,377550591118707.3,1,Sodinokibi-20211006_21-59-35
0.587837,-2.31e-06,0.996236,0.302801,6.8448,1752.3,1008.3667,3024385854610515.5,1,Ryuk-20200821_17-46-39
0.531927,3.25e-06,0.995348,0.146414,1.2968,333.0333,1101.4667,1958351373838232.8,0,Excel-20210702_00-22-07
0.08843,1.202e-05,0.994901,0.220236,0.5412,138.6,2102.9333,447197463891923.8,0,Firefox-20210617_21-47-27
0.876806,2.8e-06,0.996203,0.259694,5.1894,1329.8,4417.1667,376232971375879.6,1,Darkside-20210611_00-54-39
0.735438,-6.28e-06,0.996045,0.287462,4.5257,1158.6,603.2,471215548771347.9,1,Cerber-20200807_02-13-02
0.970057,-2e-08,0.996218,0.121008,32.8692,8415.0333,4616.2667,63024333521398.33,1,WannaCry-20201029_22-36-56
0.562448,0.00015388,0.995724,0.288602,0.4627,118.5667,593.7667,799834150563909.6,1,Cerber-20200807_18-23-01
0.980062,7.6e-07,0.995994,0.067706,7.6175,1950.1,5600.0333,219443547342752.7,0,Zip-20200516_03-43-17
0.200619,0.00085294,0.475753,0.180946,0.0039,1.0,0.0,520103023082271.44,1,Sodinokibi-20211012_23-12-12
0.858369,-9.84e-06,0.99604,0.261021,3.6175,926.1333,17.9667,500529579445742.2,1,Sodinokibi-20211006_22-45-58
0.905935,4.6e-07,0.996708,0.218862,65.7115,16823.8,27555.6333,570405342593344.0,1,Sodinokibi-20211013_20-27-30
0.988721,6e-08,0.995709,0.05363,3.6442,933.0333,1311.1333,5024094958780.52,0,Zip-20201215_19-47-48
0.829999,-5.1e-07,0.996252,0.274706,19.0913,4887.5,1184.9333,1208940283497413.8,1,Sodinokibi-20200825_20-53-42
0.61169,-5.1e-06,0.994285,0.303341,2.5663,657.1667,479.0667,9755726097679202.0,0,Excel-20210708_18-04-14
0.31885,9.089e-05,0.994508,0.249532,0.151,38.8667,1947.6,432500065681237.94,0,Firefox-20210617_22-42-33
0.544952,1.49e-06,0.996075,0.300436,11.6235,2975.7,3902.4667,2337541755359731.5,1,Ryuk-20200820_23-09-44
0.694641,-6.1e-07,0.996173,0.317048,5.6784,1453.6667,1269.6,461141884406482.7,1,Ryuk-20200821_01-04-22
0.971218,9e-08,0.996422,0.119589,28.0735,7187.8333,7033.0,150476858986949.72,0,AESCrypt-20200516_01-28-29
0.97061,-0.0,0.996216,0.121854,34.0728,8727.1333,8783.4667,140922366964295.9,1,Cerber-20200807_21-55-28
0.454182,-7.957e-05,0.842478,0.164535,0.3418,87.5667,0.0333,298258454370820.4,0,Firefox-20210610_23-20-21
0.94241,2.66e-06,0.996198,0.18096,12.3059,3150.3,5721.1,886877260274841.5,1,Ryuk-20200821_00-44-06
0.399888,-8.31e-06,0.937327,0.32026,0.578,150.1,32.7,721284127881430.2,1,Sodinokibi-20211007_02-43-11
0.501339,7.43e-06,0.993239,0.23031,1.2542,321.3667,2151.5333,1295698672031408.2,0,Excel-20210701_23-54-57
0.580853,3.6e-06,0.99606,0.308279,7.4248,1900.7667,1608.7667,2050905695119990.2,1,Ryuk-20200821_23-05-35
0.533714,9.71e-06,0.670885,0.087698,0.8136,208.4333,178.0333,335429696085509.25,0,Excel-20210708_22-11-45
0.970414,6e-08,0.996354,0.117423,40.1133,10269.4667,9324.1667,76532298323037.69,1,Ryuk-20201217_20-00-25
0.752629,2.07e-06,0.996248,0.306049,3.6918,1017.7333,886.9,456516271725673.9,1,Ryuk-20200821_00-13-58
0.920236,1e-08,0.99632,0.199611,13.4033,3431.6333,4092.0333,225535230935062.44,1,Darkside-20210607_20-19-15
0.97545,1.76e-06,0.995994,0.073326,4.5306,1159.8667,3723.1667,6739995948097829.0,0,Zip-20200420_15-53-17
0.976144,0.0,0.99627,0.107788,26.393,6757.5,7023.8333,89209776585984.98,0,AESCrypt-20200526_00-39-43
0.79826,1.52e-06,0.996213,0.283015,19.1096,4892.1667,17873.7333,1519199108851345.2,1,Sodinokibi-20200825_21-18-53
0.991819,5e-08,0.996002,0.018881,11.0747,2835.1333,5164.3,169789261355075.1,0,Zip-20200427_18-28-26
0.976734,-3.4e-07,0.995768,0.091011,8.8365,2262.1667,4319.4,3379661891107012.0,0,Zip-20200420_15-48-51
0.52306,1.602e-05,0.669276,0.120934,0.3901,100.0667,134.5667,385473676662862.3,0,Excel-20210708_21-27-03
0.536368,-3.4e-06,0.996042,0.301561,4.6901,1200.6667,758.0,1053290626486311.6,1,Ryuk-20200821_20-28-56
0.979508,8.1e-07,0.995994,0.064724,6.8136,1744.3,5041.5,59628735203230.96,0,Zip-20200516_03-32-57
0.595792,2.02e-06,0.996064,0.280764,6.5826,1685.2333,1071.6,393892240417761.9,1,Darkside-20210603_22-51-21
0.487209,-3e-08,0.99579,0.23924,2.6822,686.7,463.5667,336624505622315.5,1,Darkside-20210527_22-25-59
0.913847,5.84e-06,0.996196,0.215743,6.2079,1612.8667,1884.5,722996527169949.9,1,TeslaCrypt-20200805_21-33-03
0.974605,1.9e-07,0.996252,0.111222,22.7928,5835.5,7111.8,707745436764839.2,1,GandCrab4-20200828_02-54-47
0.38973,7.8e-07,0.995902,0.150363,5.4758,1402.6667,874.9667,226490200136978.22,1,Darkside-20210602_19-20-10
0.703307,4.97e-06,0.996078,0.282638,4.6537,1191.4,893.2667,522280717387579.9,1,Cerber-20200807_00-46-51
0.354316,-0.00019335,0.809,0.292619,0.2325,60.3667,72.7333,529675616004841.6,1,Sodinokibi-20211013_00-30-53
0.557925,-3.4e-06,0.995863,0.305591,2.0027,532.2333,802.3,2244481848990544.2,1,Ryuk-20200821_22-55-55
0.977099,4e-08,0.996296,0.104366,20.9657,5368.0,4963.6667,43289749636192.01,0,AESCrypt-20201126_22-18-21
0.621279,-9.7e-06,0.995895,0.285631,2.8215,722.4,229.4,450110084669311.2,1,Cerber-20200807_00-27-33
0.532687,1.102e-05,0.995956,0.282039,4.6683,1196.8667,4541.3,417309112266593.75,1,Darkside-20210603_22-25-22
0.592222,-3.95e-05,0.995891,0.288389,0.679,173.8333,355.8,2093577628824495.0,1,Sodinokibi-20200824_18-36-34
0.994298,0.0,0.996629,0.003851,19.4245,4972.9333,207.7333,254650883228743.9,0,SDelete-20210121_00-00-16
0.630316,-2.03e-06,0.996081,0.299671,10.8465,2776.8333,911.9667,489263021719509.44,1,Ryuk-20201027_22-14-47
0.971706,-3e-08,0.996228,0.1185,19.1348,4898.6333,4675.8,139824137196797.48,0,AESCrypt-20200427_16-29-10
0.408373,8.6e-06,0.999684,0.206284,1.3059,334.3333,9.5,452942854493952.8,0,Firefox-20210611_00-08-44
0.956296,3.2e-07,0.996429,0.152956,17.7104,4534.6333,5490.1333,877722936627481.0,0,AESCrypt-20200526_01-14-14
0.212874,0.000464,0.603884,0.177247,0.0206,5.3,259.2,292465674509174.8,0,Firefox-20210617_22-48-55
0.537804,-1.53e-06,0.994871,0.139986,1.6172,415.4,1021.2333,1560259473614843.0,0,Excel-20210701_22-28-40
0.463379,-5e-07,0.995561,0.171701,0.9764,250.0333,1758.9667,1457437961660907.8,1,Sodinokibi-20200824_19-06-49
0.993751,9e-08,0.996011,0.022849,1.257,322.0,323.7,1.20153715337726e+16,0,Excel-20210708_23-11-29
0.988254,5e-08,0.995912,0.041205,11.2329,2875.7,6038.9333,232620124400251.7,0,Zip-20200526_03-08-52
0.522006,3.6e-07,0.989424,0.124138,0.7189,185.4667,493.6667,197501856063876.88,0,Excel-20210707_21-11-24
0.796616,-5.92e-06,0.995925,0.241603,3.6848,943.4,1456.2,492922260888514.06,1,Darkside-20210603_22-33-58
0.428563,-7.8e-06,0.995953,0.227237,1.9882,508.9667,63.2667,710060694999334.4,0,Firefox-20210617_23-42-02
0.949885,7e-08,0.996365,0.161359,67.5116,17284.7667,22430.4667,201932894013625.66,1,Sodinokibi-20211006_18-18-57
0.372685,-7.3e-06,0.695226,0.1582,0.1421,36.4333,164.1667,434633183749207.5,1,TeslaCrypt-20200521_01-45-56
0.922827,7.7e-07,0.996362,0.201781,52.4152,13418.4333,21713.2333,902593724784342.5,1,Ryuk-20200821_01-43-17
0.810274,1.39e-06,0.996171,0.294217,3.2977,844.2333,8.7667,517171166135998.4,1,Sodinokibi-20200825_21-05-01
0.534916,-3.72e-06,0.995967,0.279313,3.5051,897.3333,570.2333,321886055486457.5,1,GandCrab4-20200827_01-55-29
0.638641,-1.57e-06,0.99597,0.288312,4.0681,1041.4667,528.4667,392547261976405.56,1,Darkside-20210602_21-59-52
0.460542,1.75e-06,0.995681,0.2491,1.4735,377.5333,65.6,1449364208626266.2,0,Firefox-20210616_19-27-04
0.994199,0.0,0.99641,0.004812,22.0722,5675.0333,3025.7,977585640923136.9,1,WannaCry-20201028_22-42-22
0.339757,0.0,0.995878,0.440274,106.4256,27257.4333,1101.8667,657687712871688.9,0,SDelete-20200526_01-55-34
0.993816,4e-08,0.996087,0.021672,1.5004,384.4,368.5667,1.1814650731562668e+16,0,Excel-20210708_22-52-59
0.483067,3.1e-07,0.995987,0.398629,12.9997,3358.0,904.2667,1683568159315444.0,1,Sodinokibi-20211004_23-39-05
0.993233,-1e-08,0.996209,0.028023,15.3916,3940.2667,4189.9333,5321190356310.83,1,TeslaCrypt-20200805_17-40-51
0.406019,1.981e-05,0.999684,0.201071,1.2154,311.4333,35.6333,637560518223594.2,0,Firefox-20210610_23-33-03
0.99412,2e-08,0.996072,0.014023,3.0659,785.1333,684.3667,1.1684846419794144e+16,0,Firefox-20210716_23-52-35
0.860697,3.61e-06,0.99667,0.249502,6.6295,1697.3333,3925.8667,334744265810305.1,1,Darkside-20210714_19-24-10
0.96225,2.1e-07,0.996097,0.147781,9.1188,2340.7333,2380.9333,112011922032021.17,1,TeslaCrypt-20200707_22-24-59
0.112389,-1.743e-05,0.994922,0.235945,0.4177,107.1,352.0,372765828910340.56,0,Firefox-20210610_23-20-21
0.339015,1e-08,0.995824,0.442752,38.119,9762.6,283.0333,226225925981042.06,0,SDelete-20200415_15-29-33
0.352483,-6.8e-07,0.995847,0.445211,6.3661,1630.5333,34.4,190318464526102.12,0,SDelete-20200427_16-05-47
0.552703,-1.2e-07,0.996098,0.297697,24.6474,6309.8333,4487.1667,2688909527082915.5,1,Sodinokibi-20200824_18-42-51
0.976753,-0.0,0.996327,0.105711,66.9892,17149.9333,16422.3,327366728224920.56,1,GandCrab4-20200828_21-54-13
0.090325,7.488e-05,0.994922,0.194903,0.2552,65.5,2.9333,649990986253082.0,0,Firefox-20210617_21-47-27
0.980739,6.6e-07,0.995994,0.061958,7.306,1870.3667,5387.6,388845607278072.0,0,Zip-20200516_03-39-25
0.325491,-0.0003971,0.766147,0.193844,0.02,5.1667,10.9333,285661682925079.56,1,Darkside-20210602_19-39-51
0.968921,2e-07,0.996294,0.129145,9.2703,2373.2,4332.9333,257869893346566.12,0,AESCrypt-20200420_11-30-02
0.337027,2e-08,0.995762,0.44589,38.1926,9780.3,299.9667,278464630698567.03,0,SDelete-20200415_16-07-54
0.540959,-2.756e-05,0.995767,0.333822,0.7399,189.4667,141.5333,2543099090922616.0,1,Cerber-20200806_18-48-28
0.624868,-5.856e-05,0.995717,0.355094,1.1264,289.9333,86.1667,499540968317040.56,1,Sodinokibi-20211006_22-19-27
0.078608,0.00010656,0.994757,0.17206,0.1893,48.5667,1.9333,327265663379994.56,0,Firefox-20210714_21-42-43
0.549428,1.31e-06,0.996113,0.299997,12.0668,3089.2,3829.1,2288450740147926.0,1,Ryuk-20200820_23-30-36
0.423013,1.162e-05,0.874047,0.194446,1.1849,303.5,51.5,855797508802413.0,0,Firefox-20210617_22-15-49
0.7519,-1.213e-05,0.996115,0.334476,5.0922,1307.6333,135.9,623943549775722.4,1,Sodinokibi-20211007_19-57-07
0.336176,3e-08,0.99591,0.452995,58.2673,14916.6,384.1,65895028396472.2,0,SDelete-20210624_02-02-14
0.341081,5.836e-05,0.906993,0.149731,0.0681,17.4667,28.5667,606149720344540.1,1,Sodinokibi-20200824_18-25-42
0.52906,1.099e-05,0.995916,0.27654,4.7749,1223.5667,4651.6667,381219165028724.2,1,Darkside-20210603_22-33-58
0.977484,-0.0,0.996371,0.103196,64.0418,16395.5,15890.8,317810154589238.0,1,GandCrab4-20200828_21-22-21
0.938138,2.2e-07,0.996439,0.180056,56.7374,14526.5,27418.1,228924172377973.9,1,Sodinokibi-20210209_23-00-20
0.336231,1e-08,0.995904,0.450089,92.6628,23721.9667,688.7333,165094854449465.72,0,SDelete-20201208_22-08-41
0.786601,2.47e-05,0.99608,0.309283,2.7528,704.7667,1107.2333,537400827328241.25,1,TeslaCrypt-20200707_22-37-36
0.993162,1.2e-07,0.996015,0.032186,0.6099,156.4,261.7,4536633246567591.0,0,Firefox-20210717_00-12-47
0.266576,-5.359e-05,0.993702,0.323393,0.4886,125.1667,305.2333,643639276859927.6,0,Firefox-20210617_23-55-59
0.42686,-7.9e-06,0.994973,0.199038,1.3402,343.4,17.4333,803986932511757.9,0,Firefox-20210610_23-43-40
0.670487,-7.23e-06,0.996345,0.298,4.6141,1181.2333,397.6,396469923349194.5,1,Darkside-20210527_22-17-25
0.644487,3.1e-07,0.996169,0.317226,7.6048,1946.9333,1174.6,2356176552970443.5,1,Sodinokibi-20200824_18-55-51
0.412378,-7.21e-06,0.999684,0.212671,1.3729,351.7,89.5,570044279222279.4,0,Firefox-20210611_00-25-47
0.540455,-1e-08,0.669667,0.106498,0.6248,160.1333,162.9667,418970731777572.44,0,Excel-20210708_18-09-42
0.339016,1e-08,0.996286,0.444012,40.2154,10301.4667,287.8,228174532968260.7,0,SDelete-20200415_15-33-51
0.99318,-0.0,0.996326,0.028331,96.4314,24686.6333,12377.2333,128477186530199.25,1,WannaCry-20200729_02-47-24
0.337736,0.0,0.996016,0.444988,36.968,9468.1,435.4333,162281202880288.9,0,SDelete-20200427_15-44-23
0.99137,-7.27e-06,0.995728,0.050919,0.1519,39.0333,2666.5333,879245938859685.2,0,Firefox-20210717_00-12-47
0.993632,1e-08,0.99631,0.020673,38.135,9762.5667,9808.4,197600959186876.25,1,GandCrab4-20200828_00-52-49
0.337979,0.0,0.995762,0.446186,134.2467,34380.1667,436.4667,265586165805838.75,0,SDelete-20200526_01-46-46
0.427988,-1.86e-06,0.995953,0.221807,1.9839,508.1,67.2333,931747676671905.0,0,Firefox-20210610_23-43-40
0.773636,3.3e-07,0.996312,0.273321,41.9075,10728.4,15699.2667,1460415578947854.0,1,Cerber-20200730_01-47-45
0.529526,2.243e-05,0.989424,0.109994,0.7063,181.0,271.7667,168096872026281.44,0,Excel-20210707_19-54-06
0.556804,3.65e-06,0.995045,0.196886,1.664,426.1333,595.1667,1635775973419887.0,0,Excel-20210701_23-23-28
0.968623,1e-08,0.996418,0.133972,54.7714,14022.0,13715.2333,105764945042586.06,1,TeslaCrypt-20200716_02-26-36
0.339642,-0.00029447,0.843232,0.249529,0.2198,56.2667,28.0333,469457036216881.3,0,Firefox-20210611_00-14-43
0.529356,1.776e-05,0.670885,0.088189,0.7526,192.8,172.6,301492935759628.06,0,Excel-20210708_22-06-31
0.67892,-9.33e-06,0.996038,0.289952,4.2705,1114.3,342.0333,248829511166497.9,1,Darkside-20210608_19-16-01
0.232204,0.0001382,0.994922,0.26538,0.2418,62.0667,2112.7667,851089123390515.5,0,Firefox-20210617_22-00-56
0.989982,-4e-08,0.99597,0.044263,7.0363,1801.3333,2657.3667,2772053350899.52,0,Zip-20201215_19-26-57
0.993921,-6e-08,0.996088,0.019501,1.5449,395.6667,427.8,1.2834754229202982e+16,0,Excel-20210708_23-27-08
0.539643,-2.19e-05,0.995692,0.229579,0.6286,163.0333,926.9333,495636432937603.8,1,Sodinokibi-20200825_19-50-13
0.384892,1.324e-05,0.926452,0.294338,0.5322,137.8,82.2333,713252514038658.5,1,Sodinokibi-20211012_23-51-51
0.67476,1.07e-06,0.996016,0.331827,6.4274,1653.6,2507.3333,461468082014295.0,1,Darkside-20210527_23-02-29
0.587406,-5e-07,0.999632,0.38309,20.0493,5132.8333,2829.7667,1588070392603714.0,1,WannaCry-20200513_18-21-32
0.342101,0.00042382,0.94587,0.312491,0.0342,8.9333,47.9,379837261094194.4,1,Darkside-20210608_18-17-07
0.697413,-1.32e-06,0.996057,0.307999,13.1207,3358.9667,3275.7333,454526256197790.7,1,GandCrab4-20200828_17-48-32
0.33803,1.91e-06,0.995738,0.336138,9.7942,2537.1333,127.9667,576345367575413.4,1,Sodinokibi-20211013_17-48-35
0.828621,1.57e-06,0.996179,0.277101,7.5887,1942.7333,312.6333,699094305480059.0,1,Sodinokibi-20211013_22-18-00
0.864599,-4.4e-07,0.996358,0.250353,21.5205,5509.4333,1624.0,342486803670754.44,1,Sodinokibi-20201204_23-28-32
0.981681,8.5e-07,0.996152,0.101477,6.0469,1548.1667,0.2667,71045019682204.78,1,Darkside-20210611_00-46-15
0.992739,1.2e-07,0.99614,0.010395,1.642,446.5333,376.6667,394080062082447.75,1,Cerber-20210121_19-15-45
0.991235,-4.56e-06,0.995658,0.054194,0.1632,41.9333,101.6333,2401602307618372.5,0,Firefox-20210716_23-26-55
0.362,-0.0049651,0.515841,0.15272,0.0031,0.8333,2119.0,570236692592730.6,1,GandCrab4-20200828_23-26-59
0.994212,0.0,0.996253,0.005646,19.7531,5073.8,7308.1,148004258984698.28,1,Cerber-20210121_19-35-03
0.558138,3.6e-06,0.995191,0.174773,1.5692,401.8667,344.3667,1554629215130858.2,0,Excel-20210701_23-01-57
0.979593,-7e-08,0.996244,0.095664,17.6865,4527.8333,4272.2,102709804500327.48,0,AESCrypt-20200420_11-12-26
0.725169,-1.28e-06,0.996131,0.31827,5.1631,1321.8,1091.5667,528968571900344.7,1,Ryuk-20200820_17-54-33
0.965717,-1e-07,0.996128,0.133417,9.2492,2367.8,4162.8667,304212182585328.5,0,AESCrypt-20200420_11-03-56
0.993826,1.3e-07,0.995922,0.021289,1.2198,312.4333,426.0333,9427829950838710.0,0,Excel-20210708_23-40-10
0.980168,-5e-08,0.996311,0.095038,12.221,3128.9667,2894.2,41420016038759.36,0,AESCrypt-20201126_21-50-04
0.966869,9e-08,0.996344,0.127208,71.6563,18344.5333,22260.0667,314706829019122.4,1,Sodinokibi-20211018_19-47-16
0.291986,-6.11e-06,0.995587,0.328074,7.1636,1850.8333,162.9,503167455852669.75,1,Sodinokibi-20210209_22-36-49
0.553006,-5.3e-06,0.995958,0.267247,6.008,1538.1,233.1667,192517160093409.16,1,Darkside-20210608_18-24-58
0.410366,-4.77e-06,0.99602,0.368448,10.7215,2764.3333,486.1667,1159855797970234.5,1,Sodinokibi-20211005_00-05-58
0.673097,-4.889e-05,0.98569,0.330812,0.478,122.4,315.7667,615862249923584.5,1,Ryuk-20200821_18-28-07
0.978984,0.0,0.996461,0.097859,98.2103,25142.7667,22963.2333,50082146557068.09,1,Sodinokibi-20211007_23-50-03
0.994043,2e-08,0.995978,0.016368,2.7579,706.3,583.6,1.1033529001129724e+16,0,Firefox-20210716_23-26-55
0.36292,-0.03102491,0.442932,0.061989,0.0004,0.1,4.6667,67478805.33,1,GandCrab4-20200828_17-48-32
0.436476,1.41e-06,0.995681,0.217965,1.3981,358.2333,56.0,1082840128276878.5,0,Firefox-20210610_22-47-29
0.975968,1.27e-06,0.995994,0.071411,4.6659,1194.4667,3893.5667,255625562491581.84,0,Zip-20200427_18-28-26
0.993634,7e-08,0.995895,0.025343,0.7057,180.8,265.8333,1.0465586030998844e+16,0,Excel-20210708_23-34-51
0.960284,-9e-08,0.996162,0.138128,32.7675,8388.6667,8856.0333,56430056603491.81,1,GandCrab4-20210126_22-21-43
0.958243,2.4e-07,0.996326,0.146607,57.7237,14778.5,17131.3,735079190062187.5,1,GandCrab4-20200828_17-48-32
0.491258,3.33e-06,0.995953,0.242977,2.3233,594.9,99.8,1381618050278727.0,0,Firefox-20210616_19-27-04
0.531793,-6.12e-06,0.996055,0.254488,5.6809,1454.3667,284.6667,245689914471003.6,1,Darkside-20210617_03-27-51
0.534951,2.56e-06,0.989424,0.119739,0.5859,150.0,147.0,746042553781536.2,0,Excel-20210707_21-28-02
0.993963,-4e-08,0.995933,0.018436,1.7265,442.3,577.8,7361700246779025.0,0,AESCrypt-20210120_23-01-42
0.627202,7.13e-06,0.996043,0.292558,4.0426,1034.9333,703.7,395380520072336.44,1,Darkside-20210609_22-23-16
0.333032,7.5e-07,0.996016,0.460469,16.8887,4324.0333,42.3333,62297101307143.76,0,SDelete-20200427_15-44-23
0.95167,7.6e-07,0.995768,0.150601,9.9777,2554.3,4610.1,4779691658407121.0,0,Zip-20200420_15-02-05
0.275676,-0.0008518,0.99455,0.262064,0.0202,5.1667,281.6333,145633860011092.1,0,Firefox-20210611_00-08-44
0.497444,-5.483e-05,0.933092,0.27842,0.5953,152.4667,205.6,1119047176053831.2,1,Cerber-20200807_00-42-11
0.485034,-1.6e-05,0.995791,0.209454,0.4135,106.2,651.1,1420839195943241.8,1,Sodinokibi-20200824_17-52-56
0.992772,3e-08,0.996284,0.033468,9.2905,2378.3667,2318.4333,5072440336931.14,1,TeslaCrypt-20200805_21-29-31
0.930458,6.5e-07,0.996503,0.19465,16.9736,4345.3333,288.4,105425094684128.19,1,Ryuk-20201216_20-01-46
0.703737,3.61e-06,0.995927,0.302466,4.7619,1306.0,672.9333,488481007957482.06,1,GandCrab4-20200828_22-54-59
0.993884,4e-08,0.996085,0.019729,1.3178,337.6333,255.7333,1.0809215395377932e+16,0,Excel-20210708_22-35-48
0.165415,0.00014432,0.994922,0.257113,0.3075,79.0333,277.8333,431677650635135.7,0,Firefox-20210611_00-25-47
0.529019,1.429e-05,0.995912,0.167031,0.6984,178.9333,437.0,5422547439636298.0,0,Excel-20210707_21-47-18
0.978612,2.6e-07,0.995994,0.075383,7.8749,2016.0,1582.1667,654942822704574.6,0,Zip-20200526_02-51-42
0.38975,3.97e-06,0.937327,0.312005,1.8681,484.3333,100.5333,613330156394643.0,1,Sodinokibi-20211007_19-39-34
0.970387,-1.5e-07,0.996184,0.123144,26.4051,6760.9,6795.2333,229487765437481.4,0,AESCrypt-20200526_01-21-48
0.109535,0.00014857,0.687322,0.17714,0.0598,15.4333,27.0667,298637777708492.25,0,Firefox-20210714_22-37-47
0.976332,3.39e-06,0.996257,0.101683,1.3917,356.2667,170.5,68752577345220.51,1,WannaCry-20200707_23-46-19
0.831791,3.23e-06,0.999632,0.28714,15.5318,3976.1667,2983.7667,751894756104238.5,1,WannaCry-20200610_20-25-21
0.337951,2e-08,0.995985,0.443983,63.5154,16260.1667,448.5667,218027353414208.38,0,SDelete-20201208_22-31-20
0.406525,4.04e-06,0.991581,0.200411,1.681,430.4667,15.4,1383065914656457.0,0,Firefox-20210617_23-06-08
0.992622,-0.0,0.995971,0.007767,5.9673,1527.6333,2460.4,43393141705351.23,0,Zip-20200420_15-48-51
0.381845,3.609e-05,0.842444,0.217388,0.8346,213.8333,26.2333,222312240340176.2,0,Firefox-20210714_22-16-14
0.993822,6.6e-07,0.99605,0.02068,0.2956,75.9667,289.2667,597953361743283.2,0,Zip-20201210_19-12-32
0.369575,0.01979534,0.514858,0.134238,0.0012,0.3,0.2,21913157329504.0,1,Darkside-20210617_19-39-03
0.675143,8.5e-06,0.995866,0.322878,2.2699,581.1,245.2,1872602166153221.8,1,Sodinokibi-20200826_01-21-39
0.337086,-2.1e-07,0.995977,0.443613,7.4868,1917.4,45.6333,155100778060075.3,0,SDelete-20200427_16-15-58
0.993387,4.18e-06,0.995878,0.027151,0.1541,39.8333,260.0333,6310065055035160.0,0,Zip-20201210_19-19-03
0.410523,-0.00017705,0.757378,0.205665,0.3529,90.3333,0.5333,453346061058470.25,0,Firefox-20210617_23-49-05
0.91228,-8.8e-07,0.996347,0.208791,33.0486,8460.6333,4500.6333,435854286248620.94,1,Sodinokibi-20211007_22-24-50
0.992061,4.71e-06,0.995853,0.046308,0.1142,29.3333,139.7,2331584594734179.0,0,Firefox-20210716_23-13-43
0.603586,5.109e-05,0.984966,0.240666,0.3344,85.6667,369.8333,262904010343752.6,0,Excel-20210707_19-23-49
0.993576,-0.0,0.996312,0.023255,7.0449,1803.5,1525.8667,59650405760635.16,1,TeslaCrypt-20200729_18-28-45
0.975902,0.0,0.996404,0.106973,27.3791,7010.0667,7442.2333,210458087735767.62,0,AESCrypt-20200516_01-28-29
0.994251,0.0,0.996371,0.00588,11.3344,2904.1333,2970.1667,63197799986035.08,1,GandCrab4-20201124_20-06-34
0.632055,-1.2e-06,0.995813,0.290254,2.6599,681.0,311.2333,314992786992461.1,1,Cerber-20200729_03-32-47
0.979908,3.1e-07,0.995994,0.069934,8.299,2124.5667,1142.5,701432583582853.4,0,Zip-20200526_03-08-52
0.994296,-0.0,0.996346,0.00388,45.3844,11620.1333,495.8667,69089095391448.0,0,SDelete-20210121_01-17-51
0.993977,-0.0,0.996254,0.015028,25.6694,6571.4,2533.4333,530694684097292.4,1,WannaCry-20200729_01-45-54
0.925351,6.3e-07,0.999632,0.197908,52.1181,13342.9333,9428.7333,662884899806204.5,1,WannaCry-20200716_01-04-27
0.685567,-5.55e-06,0.995977,0.294612,4.3997,1147.8333,362.0,247799553518126.88,1,Darkside-20210609_22-41-00
0.993518,1.7e-07,0.996001,0.026226,0.641,164.7333,395.5333,3699152641491136.5,0,AESCrypt-20210120_22-09-27
0.956105,7e-08,0.996323,0.150964,67.649,17319.6667,25019.4,179870550507391.16,1,Sodinokibi-20211013_23-03-15
0.338005,2e-08,0.99584,0.444918,36.6178,9378.6333,431.1667,148352027603287.62,0,SDelete-20200427_15-48-25
0.980582,3.2e-07,0.999632,0.096077,26.5503,6796.9333,6357.5,672315398111031.8,1,WannaCry-20200729_19-45-26
0.95622,2.4e-07,0.996175,0.151849,12.2148,3127.5667,6047.8667,89726664094942.45,0,AESCrypt-20200526_00-32-39
0.339965,-1e-08,0.995827,0.441082,33.7855,8654.2,396.7,343042265215546.1,0,SDelete-20200415_15-59-21
0.516704,-1.569e-05,0.947072,0.137312,1.1015,283.2667,704.5667,1398423326942270.5,0,Excel-20210701_23-23-28
0.340518,3.7e-07,0.995986,0.455994,12.016,3076.7,48.7667,145853993321962.7,0,SDelete-20200415_15-21-28
0.98361,2.5e-07,0.996246,0.079645,26.3128,6736.1,10842.6,663919461823960.6,1,GandCrab4-20200827_01-14-29
0.531083,1.339e-05,0.995912,0.173564,0.6403,164.0,417.0,4288664914736531.0,0,Excel-20210707_21-32-38
0.31794,0.0003715,0.525111,0.111763,0.0128,3.2667,2.5333,4823505052346.95,1,Sodinokibi-20200824_18-36-34
0.874376,-6.77e-06,0.995964,0.264063,2.1599,552.9667,387.1,3118424124765384.0,1,GandCrab4-20200829_03-26-34
0.651151,-8.86e-06,0.99574,0.373146,0.4073,104.9667,0.5333,365769698171390.9,1,Darkside-20210528_00-35-25
0.532683,-7.86e-06,0.995912,0.173492,1.3612,348.6333,464.2,1.0469721004602812e+16,0,Excel-20210707_19-49-55
0.63326,9.97e-06,0.996416,0.324916,4.0114,1027.3,528.5667,7540181364810458.0,1,Ryuk-20200821_20-02-07
0.540299,-7.95e-06,0.669667,0.103232,0.5389,137.9667,162.7,279065416418089.5,0,Excel-20210707_21-16-02
0.993863,3e-08,0.996128,0.009666,5.1927,1359.8333,1526.2667,143643875259169.03,1,TeslaCrypt-20210121_22-11-44
0.685742,-2.373e-05,0.995866,0.3428,2.4393,626.5667,282.8667,1518921396981253.5,1,Sodinokibi-20211013_20-08-25
0.358763,-0.01210199,0.473921,0.126007,0.0012,0.3,0.0,256638030595393.8,1,Cerber-20200806_18-48-28
0.993972,1e-08,0.995983,0.018007,1.451,371.7667,392.8333,252519292453072.72,0,AESCrypt-20210120_22-22-23
0.33737,1e-08,0.995824,0.446181,36.3185,9300.3333,438.0,238910218177255.47,0,SDelete-20200415_15-29-33
0.340211,-2e-08,0.996116,0.445217,75.7465,19391.3667,550.6,216079574255588.4,0,SDelete-20201208_22-40-07
0.529621,-1.014e-05,0.995686,0.178641,1.2526,320.7333,372.4,1.0100952696847248e+16,0,Excel-20210707_21-06-39
0.36231,0.00334335,0.993551,0.240957,0.0147,3.8,0.4,1599395738446107.0,1,Sodinokibi-20211013_20-02-15
0.084563,4.22e-06,0.994901,0.218589,0.5341,136.7667,29.1,453082429057469.0,0,Firefox-20210617_23-21-03
0.994219,-0.0,0.996324,0.002467,46.8052,12032.0,12856.2667,36350542021556.37,1,Ryuk-20201119_19-47-21
0.338487,1e-08,0.995812,0.443152,56.4625,14454.6667,433.6333,225715046361097.72,0,SDelete-20201208_22-04-01
0.99418,-1e-08,0.996001,0.011525,2.6278,672.8333,128.6333,5684458616687613.0,0,Firefox-20210717_00-06-50
0.393806,-0.00026064,0.624158,0.110887,0.0573,14.6667,0.1333,415168172652469.2,1,Sodinokibi-20211007_22-17-38
0.34172,-1e-08,0.995864,0.440189,105.6758,27065.7333,1082.9333,724199118391291.6,0,SDelete-20200526_02-15-30
0.336046,1e-08,0.995768,0.450461,117.0074,29954.2,848.2,163402197356606.66,0,SDelete-20201208_22-44-54
0.532095,-6.604e-05,0.995817,0.20964,0.2605,66.7,303.9333,1307682434922337.2,1,Sodinokibi-20200825_01-28-46
0.961177,5e-08,0.996394,0.140501,53.7592,13763.6333,7977.7333,205955839632345.12,1,WannaCry-20200610_00-08-55
0.710019,-0.00100498,0.995584,0.343918,0.1158,29.6333,863.9333,1.1558785724561294e+16,1,GandCrab4-20200827_02-44-19
0.980406,1.4e-07,0.996039,0.089777,12.4257,3181.0333,2065.5667,51919091689650.79,1,WannaCry-20200610_00-01-25
0.980575,1.09e-06,0.995994,0.060201,5.886,1506.8667,4801.9667,56464077239261.06,0,Zip-20200516_03-26-28
0.993577,1.62e-06,0.995968,0.02326,0.2162,55.7333,282.2,591487906036982.8,0,Zip-20201209_22-32-20
0.9942,-0.0,0.996224,0.008834,7.0926,1817.4667,1166.3667,1727896666165963.0,1,Darkside-20210717_01-16-41
0.337742,2e-08,0.995866,0.445607,38.5648,9877.1,300.9667,148205218318889.1,0,SDelete-20200427_16-12-07
0.972844,1.89e-06,0.995994,0.090394,5.3055,1358.3,4404.1,877640277665934.5,0,Zip-20200526_02-38-57
0.977246,-3e-08,0.996292,0.102889,50.4157,12907.0333,11212.6667,520214895793790.9,1,GandCrab4-20200828_18-19-16
0.337944,1e-08,0.995971,0.446359,75.0228,19206.0667,475.3,199502969381560.38,0,SDelete-20201208_22-35-33
0.529905,-8.32e-06,0.993521,0.145555,1.4029,360.2333,466.9333,1835520118898854.0,0,Excel-20210702_00-11-34
0.994294,0.0,0.996257,0.003901,20.7176,5304.0,190.9667,221273682296164.28,0,SDelete-20210121_00-05-35
0.314135,0.00135849,0.995362,0.243851,0.0254,6.5667,299.1667,123586794845324.67,0,Firefox-20210610_22-54-18
0.490528,6.65e-06,0.99589,0.238866,4.4298,1134.3333,4685.0667,269331169247523.78,1,Darkside-20210603_22-51-21
0.338122,0.0,0.995811,0.444079,115.0334,29458.6,913.0333,510847219345670.1,0,SDelete-20200516_03-00-19
0.986787,4.4e-07,0.996313,0.081043,6.112,1564.6667,0.5667,50612101368797.09,1,Darkside-20210611_01-02-20
0.993265,-0.0,0.996308,0.025357,49.3764,12640.3667,13096.0333,4510272249586.67,1,Cerber-20200730_01-26-39
0.53063,7.6e-07,0.995701,0.139265,1.2532,323.0,1087.7333,1622886595640259.8,0,Excel-20210702_00-27-20
0.436439,0.00022981,0.526003,0.118627,0.0332,8.5,3.7667,362817334750496.3,1,Ryuk-20200821_18-39-59
0.809121,1.075e-05,0.996262,0.2897,2.2645,579.7,37.9,273408123462610.6,1,Sodinokibi-20211007_01-57-10
0.410657,3.1e-07,0.995819,0.430016,16.1888,4145.5333,1052.8,913842028354522.2,0,SDelete-20200516_01-41-13
0.597478,-5.649e-05,0.970096,0.250364,0.1861,47.6333,25.3333,174977484979589.53,0,Excel-20210707_21-23-17
0.128094,-1.61e-06,0.994922,0.258825,0.3233,82.9,128.5333,329183264810289.06,0,Firefox-20210714_22-00-35
0.991068,0.0,0.995971,0.032971,6.684,1711.1,2394.5,43502858081433.19,0,Zip-20200420_15-41-03
0.924942,8.2e-07,0.999632,0.200837,40.7318,10427.5667,9789.1667,77775075863266.19,1,WannaCry-20201029_22-31-39
0.595318,1.791e-05,0.989424,0.254554,1.1759,301.2333,691.1,3345454129014648.0,0,Excel-20210707_19-17-37
0.993557,1.4e-07,0.995923,0.025061,0.7002,180.0,339.6333,3538631195586982.5,0,AESCrypt-20210120_23-13-48
0.882053,-7.8e-07,0.9962,0.236714,35.0943,8984.6667,6510.1,989404865119163.5,1,Sodinokibi-20200825_00-16-46
0.605093,-4e-08,0.99606,0.284821,6.5693,1681.8333,1100.0,396921272315987.75,1,Darkside-20210617_19-29-34
0.987627,3e-08,0.99585,0.046176,10.9737,2809.3333,6124.3333,44985885708096.91,0,Zip-20200526_02-42-08
0.557292,1.91e-06,0.996179,0.300329,11.3125,2896.0667,3783.7667,2229534825568146.8,1,Ryuk-20200822_01-09-57
0.992293,7e-08,0.995953,0.004713,1.8333,469.3333,759.4333,1065535289.76,0,Zip-20200526_03-02-54
0.975667,1.4e-06,0.995994,0.072257,4.4935,1150.3667,3745.3333,7129095247742378.0,0,Zip-20200420_15-14-21
0.528086,-4.48e-06,0.995154,0.125381,0.6723,172.1333,198.8,4144789250278163.0,0,Excel-20210707_21-23-17
0.835767,1.42e-06,0.996442,0.278416,50.4799,12922.9,15720.5,1598777422248681.2,1,GandCrab4-20200828_01-10-16
0.110044,-2.408e-05,0.994922,0.239994,0.4072,104.4333,2627.8333,339359518773699.75,0,Firefox-20210714_22-50-41
0.629127,-1.95e-06,0.99606,0.295869,7.5728,1938.7,1122.7333,2130878680047906.5,1,Cerber-20200806_17-49-48
0.986209,1.2e-07,0.99597,0.064047,13.2028,3380.2,5287.8,111638395392900.81,0,Zip-20200526_03-08-52
0.605248,-2.87e-06,0.995818,0.289615,3.5362,907.3667,372.3333,359541180161737.44,1,Cerber-20200807_03-19-19
0.512906,-0.00013399,0.668631,0.111874,0.1771,45.4,31.0333,315332171086399.06,0,Excel-20210708_21-33-17
0.527678,1.719e-05,0.995912,0.162932,0.661,169.4,443.6667,3939518125692569.5,0,Excel-20210707_19-23-49
0.966035,7e-08,0.996333,0.130681,70.7265,18106.6,23522.4667,280989043756830.16,1,Sodinokibi-20211006_19-36-31
0.992091,-0.0,0.996298,0.040648,44.4974,11392.8,6010.4,139368856172204.5,1,WannaCry-20200805_22-20-13
0.447834,-1.02e-05,0.995953,0.209949,1.9973,511.3333,93.7,576014660443645.2,0,Firefox-20210618_02-09-37
0.247872,0.00088843,0.603561,0.171449,0.0249,6.3667,264.4333,205570653764189.12,0,Firefox-20210617_23-42-02
0.878558,-0.00015752,0.995757,0.248967,0.2661,68.1333,75.3,1.3185842666643556e+16,1,Ryuk-20200821_20-28-56
0.991492,-0.0,0.996264,0.044392,69.968,17911.8667,17977.3667,247868008653877.12,1,TeslaCrypt-20200729_00-51-05
0.979214,1e-07,0.995768,0.085201,8.5943,2200.1667,4265.4,2328598310776871.5,0,Zip-20200420_15-14-21
0.988939,6e-08,0.995912,0.041679,8.9353,2287.4667,4826.9333,298405472081247.8,0,Zip-20200420_15-57-06
0.532014,1.22e-05,0.67669,0.123564,0.5638,144.3333,316.6333,663190598522784.5,0,Excel-20210707_21-41-40
0.405795,-2.298e-05,0.903535,0.204203,0.4119,105.4667,0.9667,483607932655962.2,0,Firefox-20210610_22-41-24
0.956492,-3.92e-06,0.996047,0.162728,1.8158,465.0,227.4667,3542608054503281.5,1,GandCrab4-20200829_02-43-05
0.558508,1.048e-05,0.670677,0.096799,0.5151,132.0333,177.7,412279571486998.1,0,Excel-20210708_21-27-03
0.975471,6.2e-07,0.996107,0.107536,4.899,1254.1333,13029.1667,1352327275604676.8,1,Sodinokibi-20200824_22-32-12
0.120506,-1.507e-05,0.993702,0.244555,0.3188,81.7667,2696.3333,322374745105290.0,0,Firefox-20210714_22-29-57
0.544694,-4.87e-06,0.996189,0.258676,5.7483,1471.6333,235.1667,265297464169779.6,1,Darkside-20210603_22-17-17
0.993907,-6e-08,0.99613,0.019592,1.5059,385.7667,269.1,1.1166564190189942e+16,0,Firefox-20210716_23-26-55
0.902181,1.38e-06,0.996235,0.221552,23.3788,5985.7333,16929.2,362299627181513.9,1,Sodinokibi-20211007_19-50-22
0.977172,-1.75e-06,0.99617,0.114258,2.8771,736.6667,2543.7,5580261475666602.0,1,Ryuk-20200821_02-14-07
0.336308,7e-08,0.995998,0.448365,35.5848,9112.2333,296.3667,321680588087767.3,0,SDelete-20200415_15-53-48
0.425013,-3.631e-05,0.994447,0.299727,0.3825,98.0333,196.7,605262220790235.8,1,Cerber-20200806_18-54-00
0.336883,-0.0,0.996015,0.445089,121.3003,31064.6,720.8667,881815447955789.0,0,SDelete-20200526_02-19-24
0.993002,5.4e-07,0.995862,0.035722,0.5702,146.1667,281.5,7578948976353367.0,0,Excel-20210708_23-11-29
0.503427,1.202e-05,0.995411,0.161434,1.3399,343.4667,842.3,9237069416646044.0,0,Excel-20210707_19-29-33
0.090132,-5.77e-06,0.994901,0.229174,0.4837,123.9333,95.5,394182751569163.94,0,Firefox-20210610_23-13-14
0.993681,1e-08,0.996206,0.021149,17.3916,4452.2667,4237.6333,10371616458858.66,1,GandCrab4-20200828_00-13-13
0.415467,-3.13e-06,0.991581,0.190194,1.4411,369.0333,28.1333,639856176352867.4,0,Firefox-20210617_23-49-05
0.854753,3e-07,0.999632,0.239436,24.5393,6282.1,6254.3667,1244950444680854.8,1,WannaCry-20200805_22-12-01
0.374714,6.006e-05,0.843634,0.220184,0.8619,220.8333,5.3333,249232311003989.12,0,Firefox-20210714_22-37-47
0.950112,7.2e-07,0.996084,0.16598,13.9446,3570.3333,6151.4,931628819742488.2,0,AESCrypt-20200526_00-39-43
0.625319,1.86e-06,0.996016,0.294524,4.255,1089.3333,892.6667,409278961715702.25,1,Darkside-20210602_22-26-25
0.287984,0.00028267,0.670026,0.177796,0.0153,4.0,21.8333,89497371096191.62,0,Firefox-20210610_22-41-24
0.970362,-3e-08,0.996452,0.121401,23.8951,6117.3,6555.0667,271560312579660.25,1,Sodinokibi-20200824_23-12-02
0.089061,-2.85e-06,0.994901,0.227354,0.4853,124.2333,13.3667,443043239672432.56,0,Firefox-20210617_23-55-59
0.969797,-1.7e-07,0.996113,0.124777,13.562,3472.3333,6448.1667,63836438279389.99,0,AESCrypt-20201126_22-33-50
0.975743,3e-08,0.996347,0.109847,17.7259,4537.9333,4397.9667,148180320565663.0,0,AESCrypt-20200420_11-30-02
0.979925,-1e-08,0.996412,0.092061,69.2427,17726.9333,8843.9,102395645976353.48,1,WannaCry-20201202_22-29-39
0.492903,2.74e-06,0.991067,0.280276,5.3393,1378.2667,326.8667,577887030449172.6,1,Sodinokibi-20211007_22-04-45
0.718529,9.11e-06,0.996434,0.285871,4.3256,1107.4,895.2333,518935241141850.9,1,Cerber-20200729_03-12-29
0.992717,-0.0,0.996315,0.033196,55.5285,14215.3667,14237.0667,208726513540791.75,1,Cerber-20200729_03-28-14
0.922957,-2.9e-07,0.996279,0.189467,18.756,4802.0,7478.0,1188172545459504.0,0,AESCrypt-20200516_00-59-41
0.385212,1.6e-07,0.995918,0.44634,113.3843,29034.8667,4135.3,707872290567002.9,0,SDelete-20200516_01-41-13
0.101395,0.00021951,0.99517,0.199261,0.1676,43.1,290.1667,388282167413012.9,0,Firefox-20210610_22-47-29
0.963023,4e-08,0.996319,0.144151,17.3293,4436.5333,4482.2,192061444225836.9,0,AESCrypt-20200427_16-36-30
0.976223,1e-08,0.996425,0.107461,57.4432,14706.3333,14395.8667,369812751276668.4,1,GandCrab4-20200828_21-47-52
0.336638,6e-08,0.995824,0.447474,36.6769,9392.0667,228.4667,338135722252201.7,0,SDelete-20200415_15-29-33
0.994088,0.0,0.996405,0.003296,30.4398,7871.1667,18095.6667,358654403669498.3,1,Sodinokibi-20210120_19-38-22
0.338801,2e-08,0.995971,0.441682,50.9324,13039.0333,422.2667,236883610613011.8,0,SDelete-20201208_22-35-33
0.993751,-7e-08,0.996254,0.022975,0.6523,167.1667,367.1333,5792976657928288.0,0,Excel-20210708_23-45-46
0.532351,6.82e-06,0.989424,0.130941,0.7262,185.9,561.2333,183121509098123.44,0,Excel-20210707_20-55-44
0.33619,8e-08,0.995933,0.448267,37.4724,9595.2667,311.8667,220919548352711.12,0,SDelete-20200415_15-13-46
0.977783,9e-08,0.996189,0.104734,17.4082,4456.5,4677.0,75384049169240.34,0,AESCrypt-20200427_16-29-10
0.644469,3.666e-05,0.984966,0.170192,0.2074,53.1,86.3,138275814663308.22,0,Excel-20210707_20-55-44
0.337431,1e-08,0.996029,0.445448,54.9629,14070.8333,458.8667,210543945972058.47,0,SDelete-20201208_22-22-19
0.604854,1.45e-06,0.996039,0.28935,3.6747,940.7333,489.7333,381748228279954.8,1,Darkside-20210607_20-11-29
0.275487,-0.00015558,0.573714,0.104495,0.0572,14.6667,0.0,243834618712405.47,1,Darkside-20210609_20-11-51
0.971829,-1e-07,0.996452,0.118539,10.5357,2697.6333,2529.0667,60788670277148.53,0,AESCrypt-20201126_22-48-16
0.398047,-3.99e-06,0.996079,0.332762,12.8262,3302.3333,169.6333,450662226178592.1,1,Sodinokibi-20211007_21-43-21
0.82732,-1.4e-07,0.996224,0.275929,16.1782,4141.8,690.5,368278035964702.9,1,Sodinokibi-20210624_00-11-20
0.994062,-3e-08,0.996206,0.016078,1.4502,371.4,518.2333,7873093728536281.0,0,AESCrypt-20210120_22-35-56
0.333004,8.3e-07,0.995712,0.462077,12.9831,3324.1333,27.5667,47275510803169.15,0,SDelete-20200427_15-35-09
0.465626,-3.524e-05,0.994294,0.127618,0.6211,159.1667,1466.8,895922671846704.2,1,Sodinokibi-20200824_20-33-30
0.973062,-2e-07,0.996248,0.11536,27.1088,6940.9,7127.3333,173960496003980.9,0,AESCrypt-20200526_01-21-48
0.994286,-0.0,0.996238,0.006057,6.8874,1763.2333,466.9,434720229425182.06,1,Darkside-20210717_00-44-20
0.656173,-1.06e-06,0.996201,0.303485,10.8882,2787.5333,1442.6333,2549042140651733.0,1,Sodinokibi-20200826_01-34-16
0.364777,-0.05159757,0.466525,0.145897,0.0009,0.2667,9.3,4555698470984.0,1,GandCrab4-20200829_04-47-32
0.716357,2.047e-05,0.996309,0.303193,3.3311,903.2333,2333.8,1284804366010006.8,1,Cerber-20200729_17-17-57
0.953665,-7e-08,0.996201,0.155696,23.3782,5985.7667,4131.1,115468334207510.89,1,WannaCry-20201202_22-21-24
0.993217,-2.6e-07,0.996157,0.030324,0.4805,123.6667,217.7333,2365487835584857.5,0,AESCrypt-20210120_22-42-16
0.302778,0.00027909,0.462585,0.1602,0.0022,0.6,1.3333,30181625565556.5,1,TeslaCrypt-20210616_19-34-53
0.370283,3.02e-06,0.995913,0.373255,8.5445,2205.9333,159.5667,622854682331790.6,1,Sodinokibi-20211006_17-51-50
0.417713,-6.476e-05,0.676597,0.133014,0.1933,49.5333,11.8667,430490147648040.2,1,Ryuk-20210624_00-57-13
0.345167,-0.00048165,0.556237,0.139449,0.0142,3.6667,12.1333,154289732643405.28,0,Firefox-20210610_23-26-28
0.981563,-1.3e-06,0.996112,0.084901,3.3115,847.8667,1001.5,486687037180880.94,1,Cerber-20200807_02-30-25
0.319582,-2.8e-07,0.995923,0.438071,10.7043,2741.2667,77.5667,133620653086575.7,0,SDelete-20200427_15-57-15
0.683565,8.1e-07,0.996074,0.304406,9.5843,2453.7,2563.4333,479198046157358.8,1,GandCrab4-20200829_01-39-43
0.536061,-1.15e-06,0.995327,0.187155,1.4203,363.7667,579.6333,1394684931476021.8,0,Excel-20210701_22-44-18
0.971458,-1.9e-07,0.996389,0.130152,21.8629,5598.9,1069.2333,2501786366104729.5,1,GandCrab4-20200827_03-01-29
0.41209,9.03e-06,0.844524,0.199531,1.2439,318.6,28.0,537687349532167.1,0,Firefox-20210617_23-13-25
0.99207,-6e-08,0.995749,0.005726,2.9667,759.4667,1012.9,84378094702714.12,0,Zip-20200427_18-06-42
0.952869,-3.6e-07,0.996461,0.170686,12.7646,3267.8,3141.7333,65408989139676.91,1,TeslaCrypt-20210624_00-16-22
0.090627,6.732e-05,0.687322,0.172538,0.0549,14.1333,35.5667,307994644478149.6,0,Firefox-20210714_22-00-35
0.971646,4.2e-07,0.996109,0.122665,9.859,2524.0,2339.6333,173112832678596.3,1,GandCrab4-20200828_20-00-43
0.966793,-1e-07,0.99621,0.129454,23.2773,5959.4667,4563.0333,446944200454687.75,1,Sodinokibi-20200825_01-56-52
0.869542,3.82e-06,0.995895,0.241224,1.365,349.4333,38.1667,141430663380654.62,1,Sodinokibi-20211013_23-09-40
0.647463,-7.7e-07,0.996171,0.29959,6.548,1676.3,1273.0333,3072533825105883.5,1,GandCrab4-20200829_03-08-49
0.373458,-2.12e-06,0.995439,0.120104,3.2647,836.6,563.3,281745695962353.3,1,Darkside-20210608_19-07-58
0.969135,-1e-08,0.996439,0.133052,40.7766,10439.0333,10226.5333,36519799691810.7,1,TeslaCrypt-20210126_19-46-59
0.990375,1e-08,0.995909,0.037764,4.8529,1242.3333,1776.6333,2478164942928.33,0,Zip-20201215_19-13-54
0.170779,2.324e-05,0.994922,0.280183,0.3584,91.9333,259.7333,392458689366148.25,0,Firefox-20210610_23-06-00
0.577452,9.44e-06,0.671415,0.070151,0.2327,59.6333,72.9333,189723503405521.9,0,Excel-20210708_21-49-25
0.547683,-1.78e-05,0.995846,0.367592,3.5217,908.9333,130.8333,441987253338012.4,1,Sodinokibi-20211013_00-25-48
0.338674,1.9e-07,0.99584,0.441428,8.672,2221.1333,54.2,171967176611456.84,0,SDelete-20200427_15-48-25
0.992799,5.8e-07,0.995898,0.037639,0.3532,90.8,361.8,294043209073370.4,0,Zip-20201209_22-23-26
0.993632,2.6e-07,0.995944,0.023761,0.6968,178.5667,431.7333,7929254026574745.0,0,Excel-20210708_23-27-08
0.329451,-0.00017322,0.926497,0.300441,0.1804,46.7,17.4,398634326968691.7,1,TeslaCrypt-20210616_21-49-02
0.298917,-0.01074057,0.461792,0.179708,0.002,0.5,5.5,2885271586486855.5,1,GandCrab4-20200828_21-22-21
0.99192,5e-08,0.996002,0.017751,11.1076,2843.5333,5066.1667,135492576615633.97,0,Zip-20200427_17-51-34
0.964289,5.6e-07,0.996374,0.131957,10.7043,2753.7667,4603.3667,1212011837037850.0,1,Cerber-20200807_03-05-45
0.376909,-0.02373313,0.467034,0.122095,0.0016,0.4,0.0,8025289019.64,1,TeslaCrypt-20210616_22-13-11
0.583449,-1.57e-06,0.995819,0.310288,2.0348,520.9,10249.5,3026023729626556.0,1,Ryuk-20200821_16-55-04
0.489456,7.07e-06,0.995767,0.214669,1.7529,448.8,4991.3333,2265182232928446.0,1,Sodinokibi-20200826_02-14-33
0.969634,-2.3e-07,0.996068,0.130268,5.3891,1379.6,11525.5667,1342904567523845.5,1,Sodinokibi-20200824_22-54-44
0.347065,3.1e-07,0.995998,0.466416,12.8938,3301.3,20.7667,70839048879409.67,0,SDelete-20200415_15-53-48
0.917056,8.2e-07,0.996193,0.206265,31.1896,7985.4,19005.7,343271649910177.9,1,Sodinokibi-20211007_19-28-45
0.879052,8.67e-06,0.996229,0.243058,7.4953,1918.8667,5026.2,489108327855494.5,1,Darkside-20210617_19-29-34
0.988555,-6e-08,0.99585,0.042523,10.7426,2750.1667,6276.0,83945894006812.7,0,Zip-20200526_03-02-54
0.985943,-1e-07,0.99585,0.057176,10.9343,2799.2,6254.9667,329474450119821.94,0,Zip-20200516_03-52-41
0.465714,3.631e-05,0.708108,0.101743,0.282,72.3,708.7,1099032630498829.8,1,Sodinokibi-20200824_19-25-40
0.974568,1.68e-06,0.995994,0.078593,4.5366,1161.4,3750.7,7148782507106587.0,0,Zip-20200420_15-41-03
0.543835,7.91e-06,0.991728,0.184063,1.116,285.7333,272.8333,1793752046182349.8,0,Excel-20210701_23-54-57
0.994037,-1e-08,0.996139,0.016845,2.1707,555.8667,199.8667,8899815908773054.0,0,Firefox-20210716_23-13-43
0.994291,0.0,0.996247,0.004562,20.4856,5244.6667,330.6,69240182861861.09,0,SDelete-20210121_00-56-38
0.357884,-0.00020645,0.533465,0.143617,0.0478,12.2333,0.0,305742701963205.9,1,Sodinokibi-20211013_18-05-04
0.821635,4.97e-06,0.996255,0.282162,13.6731,3500.4,6386.1667,1364546133278714.8,1,Cerber-20200807_21-41-01
0.533707,-1.395e-05,0.995511,0.173564,1.1021,282.3333,577.8,7534942327667685.0,0,Excel-20210707_21-32-38
0.334113,-1.1e-07,0.995762,0.455785,11.6769,2989.8333,32.9,142994122285926.0,0,SDelete-20200415_16-07-54
0.632909,-4.91e-06,0.994767,0.315243,2.2733,581.9667,223.2333,6046749962231378.0,0,Excel-20210707_21-23-17
0.36405,-0.00017426,0.744938,0.23401,0.1516,38.8,0.0,315731311025300.8,0,Firefox-20210617_22-36-15
0.53449,-1.261e-05,0.995686,0.171967,1.2037,308.3333,345.4,9815758192837270.0,0,Excel-20210707_19-17-37
0.987215,3e-08,0.996131,0.06464,3.571,914.2333,730.0,21823687843506.06,0,AESCrypt-20200427_17-00-04
0.472752,1.621e-05,0.995903,0.307387,0.6566,168.1667,105.3333,262393364890351.6,1,GandCrab4-20210126_21-59-08
0.671432,3.1e-07,0.996221,0.301067,7.6447,1957.1333,974.4,388766442218122.3,1,Darkside-20210602_19-33-18
0.146177,7.239e-05,0.995953,0.306386,0.6007,153.8667,19.6667,494117726469998.4,0,Firefox-20210617_22-36-15
0.528759,-6.87e-06,0.995686,0.180206,1.125,288.8667,350.9667,9242666415001260.0,0,Excel-20210707_21-11-24
0.993939,1e-08,0.995983,0.019139,1.3042,334.2,419.8,6388162470688198.0,0,AESCrypt-20210120_22-42-16
0.966147,-6e-08,0.996342,0.133743,27.6339,7075.4667,7099.2667,607913186936349.6,0,AESCrypt-20200526_01-36-31
0.977573,-2.4e-07,0.996123,0.101694,5.9868,1532.8333,1658.1,47396334724026.29,0,AESCrypt-20201126_23-23-18
0.897064,-4.3e-07,0.996222,0.225474,40.9862,10492.6667,1942.8,161286457711131.12,1,Sodinokibi-20210624_02-28-38
0.980398,-1.58e-06,0.996147,0.092495,3.8309,980.8333,1049.5,92621549034265.75,0,AESCrypt-20200516_00-53-53
0.543007,2.77e-06,0.996114,0.317688,7.6764,1965.3333,1632.5333,596853619832469.5,1,Ryuk-20201027_22-30-13
0.993857,4e-08,0.996261,0.021013,1.6099,412.3333,471.1667,1.2280291876761468e+16,0,Excel-20210708_23-11-29
0.967061,-2.6e-07,0.996115,0.13207,9.6318,2465.7667,4409.1,179467462005330.8,0,AESCrypt-20200427_16-36-30
0.277208,-0.00019561,0.559846,0.179114,0.0819,20.9667,399.3667,220519408317451.06,1,TeslaCrypt-20200414_15-57-01
0.402691,0.00011408,0.927904,0.311102,0.2636,68.4667,82.6,555984361913829.06,1,Sodinokibi-20211012_23-06-28
0.980064,1.3e-07,0.996287,0.098351,61.7125,15798.5,16078.9667,136313107111672.22,1,TeslaCrypt-20200805_17-27-08
0.993936,-2e-08,0.995939,0.018673,0.6736,172.6333,187.1333,81108834650132.44,0,AESCrypt-20210120_22-15-06
0.971438,-1.6e-07,0.996177,0.117022,9.871,2528.3333,3366.3333,622669511836835.2,1,Cerber-20200807_02-24-44
0.771428,-2.86e-06,0.996151,0.317736,8.1586,2092.1,427.9667,543527197582943.5,1,Sodinokibi-20211006_20-13-40
0.994229,-7e-08,0.995744,0.00153,0.1687,43.3667,150.6667,359571891563997.4,0,Zip-20201210_19-19-03
0.94645,-4.35e-06,0.996053,0.177078,2.7029,692.0333,548.4667,290990413193068.06,0,AESCrypt-20200420_11-17-39
0.724193,5.4e-07,0.996271,0.322204,16.4266,4209.6667,862.3667,913354906787173.2,1,Sodinokibi-20200825_00-29-22
0.989325,4e-08,0.995971,0.04154,9.2685,2372.7667,4906.6667,4639912372025475.0,0,Zip-20200420_15-10-33
0.043014,-6.7e-07,0.810881,0.127732,21.911,5609.3333,332.3333,212486722112032.6,1,WannaCry-20200513_21-30-24
0.378827,3.276e-05,0.926981,0.307562,0.3271,84.9,26.1667,708994553607093.6,1,Sodinokibi-20211008_00-30-22
0.536018,-7.62e-06,0.995997,0.242968,3.4141,874.0667,218.8333,65524272915670.28,1,Darkside-20210714_19-40-33
0.987919,1.2e-07,0.99597,0.054646,13.099,3353.4333,5255.3333,82340664120334.58,0,Zip-20200526_03-05-54
0.584522,8.31e-06,0.996309,0.31674,5.4337,1391.2333,473.9333,5443570234317036.0,1,Ryuk-20200821_19-45-27
0.175093,-3.979e-05,0.994922,0.268458,0.4248,108.9333,342.3333,398965174105073.06,0,Firefox-20210610_22-47-29
0.971406,2e-08,0.996434,0.120088,27.8434,7129.0667,7037.1,578281512629520.8,0,AESCrypt-20200516_01-04-14
0.99345,1.68e-06,0.995943,0.023856,0.2249,58.0333,217.0,386875468124586.56,0,Zip-20201210_19-54-00
0.363232,-2.297e-05,0.909436,0.30549,0.3842,99.9,95.3,660212918263239.0,1,Sodinokibi-20211012_23-01-13
0.338091,2e-08,0.995904,0.444252,51.9351,13295.7,430.3333,220268792798999.47,0,SDelete-20201208_22-08-41
0.385048,9.42e-06,0.991095,0.361203,9.2031,2382.5,402.2667,415535948699382.06,1,Sodinokibi-20211014_19-50-34
0.60101,1.17e-06,0.996374,0.28627,6.3965,1637.6,984.2,387236909387466.25,1,Darkside-20210528_00-04-22
0.920193,7.1e-07,0.996367,0.208119,20.5087,5250.3667,135.3667,121057345425220.33,1,Ryuk-20210624_01-11-18
0.485904,-2.27e-06,0.995544,0.20037,2.0028,564.3333,83.2333,125811400555948.47,1,Darkside-20210609_22-41-00
0.467957,3.2e-07,0.995987,0.407424,11.6296,2999.3333,848.1,1659194812246499.5,1,Sodinokibi-20211014_20-28-05
0.697066,-3.363e-05,0.995835,0.349616,1.6014,411.5333,137.3667,306027120205941.06,1,Sodinokibi-20211013_00-30-53
0.683776,1.28e-06,0.996083,0.300119,11.4033,2919.3333,2582.8667,571198604787278.2,1,GandCrab4-20200827_03-15-19
0.980859,1.3e-07,0.996288,0.095259,55.6243,14239.9,14572.9,140924446930173.03,1,TeslaCrypt-20200805_17-30-17
0.183893,0.00015138,0.994922,0.252654,0.2607,66.8,117.5333,642614207796653.6,0,Firefox-20210617_23-21-03
0.970152,5e-08,0.996422,0.120622,85.6746,21933.5333,25574.0,190074202191838.9,1,Sodinokibi-20211006_20-00-20
0.971618,-1.3e-07,0.996123,0.118687,13.0129,3331.4333,3534.9,204050943795089.84,0,AESCrypt-20200420_11-37-07
0.701553,2.5e-07,0.99622,0.309881,12.7585,3266.3,2896.8667,475703790477635.3,1,GandCrab4-20200828_17-56-09
0.985834,-1.8e-07,0.99585,0.05633,10.805,2766.1333,6194.0333,365711027326756.0,0,Zip-20200516_03-36-14
0.431965,1e-08,0.995953,0.443294,103.0236,26381.9333,6495.3,965732131966767.2,0,SDelete-20200516_01-34-09
0.455376,4.704e-05,0.947201,0.154552,0.2178,56.7667,463.6333,272148734827867.72,1,TeslaCrypt-20200521_02-12-40
0.85471,-8.3e-07,0.996271,0.256308,31.7143,8119.1,4306.6333,736751501044806.1,1,Sodinokibi-20210209_22-42-17
0.929823,2e-08,0.996322,0.193715,12.4014,3175.6,4736.1667,569168655982944.0,1,Sodinokibi-20200824_23-12-02
0.339006,1e-08,0.996022,0.443509,39.3363,10077.1,278.2333,263902814944501.66,0,SDelete-20200415_15-39-03
0.993977,6e-08,0.996211,0.017968,1.4007,358.7333,435.3,9474914023485566.0,0,Excel-20210708_23-45-46
0.664748,-1.186e-05,0.996183,0.293139,3.8993,998.2667,488.2,294851266044037.5,1,Cerber-20210126_20-19-29
0.373248,-6.08e-06,0.995843,0.36387,9.653,2491.8333,207.3,486225569080393.7,1,Sodinokibi-20211008_00-25-04
0.447725,-6.56e-06,0.995953,0.20881,1.898,486.1,51.2333,1017300640260564.1,0,Firefox-20210610_22-41-24
0.966937,6e-08,0.996227,0.128305,50.7412,12991.0333,7710.0,310173392110897.7,1,WannaCry-20200716_01-37-43
0.994036,7e-08,0.996238,0.015981,1.4682,375.9667,414.8,9865851932888876.0,0,Excel-20210708_23-05-31
0.305377,0.00248916,0.526301,0.133873,0.0056,1.4333,0.3333,80610565456607.53,1,GandCrab4-20200829_05-02-30
0.994298,0.0,0.996307,0.003727,19.8433,5080.1333,165.8667,249695267568685.28,0,SDelete-20210121_00-56-38
0.952718,1e-07,0.996232,0.16335,15.4953,3967.4333,6978.2667,1255418034211624.0,0,AESCrypt-20200516_00-49-54
0.994248,6e-08,0.995793,0.001611,0.2034,52.2333,229.5,262440270590096.84,0,Zip-20201210_19-33-30
0.384955,-5.94e-06,0.822519,0.110009,1.657,425.0333,550.4,250736556034406.97,1,Darkside-20210602_22-58-51
0.591583,0.00014636,0.995697,0.290064,0.5426,138.9333,428.3333,547632886986559.06,1,Cerber-20200807_21-19-40
0.972025,-3.3e-07,0.996261,0.119289,6.7718,1740.5,1820.7667,129597320151576.53,1,Cerber-20200807_19-33-19
0.383323,-2.23e-06,0.94308,0.104248,3.4028,871.2667,699.8667,314913621679864.4,1,Darkside-20210527_22-09-25
0.974464,-9e-08,0.996213,0.110205,18.9592,4853.7667,4406.1333,152417313061808.34,0,AESCrypt-20200427_17-28-53
0.376093,-7.017e-05,0.716362,0.142783,0.2006,51.4,330.0333,677899854117227.1,1,Cerber-20200807_02-24-44
0.99429,-0.0,0.99624,0.004882,19.8996,5094.5667,225.0,49005599254013.34,0,SDelete-20210121_00-32-17
0.62706,-7.16e-06,0.995959,0.256796,2.5275,647.0667,1626.1333,494460422795197.75,1,Darkside-20210602_20-11-43
0.962163,2e-08,0.996319,0.134957,33.0077,8450.1,9400.9667,45670867436663.23,1,GandCrab4-20210126_22-29-31
0.082836,1.309e-05,0.994901,0.222783,0.4928,126.3,37.3,425229536222740.3,0,Firefox-20210617_22-07-20
0.993126,-1.5e-07,0.995832,0.031363,0.6072,156.0,993.4667,227450419264934.03,1,Sodinokibi-20210120_19-47-02
0.994211,0.0,0.996284,0.005835,20.1816,5181.4,3503.9667,311848629553719.0,1,WannaCry-20201028_22-28-06
0.337079,1e-08,0.995736,0.44822,126.9921,32519.7667,884.8667,450759857898152.06,0,SDelete-20200516_02-48-49
0.530262,-1.213e-05,0.995521,0.17682,1.2869,329.6333,506.7,9452671703597492.0,0,Excel-20210708_18-15-31
0.458061,-8.61e-06,0.995953,0.207395,1.8225,466.7667,78.5333,1001190206199538.6,0,Firefox-20210617_22-29-38
0.294086,-0.00024832,0.887543,0.153282,0.0481,12.3667,12.7333,2421201590049026.5,1,GandCrab4-20200828_20-42-11
0.994281,-0.0,0.996199,0.00526,13.1253,3360.3,106.0333,73199966738729.0,0,SDelete-20210121_00-13-22
0.993947,-1e-08,0.99607,0.018688,1.6995,435.2667,385.5333,1969428720404614.8,0,Firefox-20210716_23-20-19
0.452744,1.776e-05,0.995725,0.3066,1.057,272.7333,364.0,1308412012588838.2,1,Sodinokibi-20200826_02-00-22
0.993127,-0.0,0.996182,0.005918,12.134,3297.2667,5128.0667,339225666899125.56,1,Ryuk-20201119_20-16-12
0.980757,1.1e-07,0.996407,0.092272,86.3214,22098.3667,25432.4667,510910165346420.9,1,GandCrab4-20200827_02-54-47
0.339373,1e-08,0.995796,0.440831,109.0774,27936.7667,1063.2667,614226926183901.0,0,SDelete-20200526_02-00-40
0.633928,-1.281e-05,0.994767,0.295498,1.0875,278.4667,193.0667,8799538251956311.0,0,Excel-20210708_18-04-14
0.132157,5.41e-06,0.994922,0.261378,0.3286,84.2667,3207.8,329950473741633.3,0,Firefox-20210714_22-57-54
0.091977,8.63e-06,0.995044,0.233082,0.5569,142.6,33.8667,439784584355268.5,0,Firefox-20210617_23-49-05
0.490813,4.24e-06,0.993239,0.222046,1.2278,314.8,2184.1333,1401535930062383.5,0,Excel-20210701_23-07-32
0.609677,-6.8e-07,0.983681,0.314963,1.5796,404.5,156.4333,4038785003196037.5,0,Excel-20210708_18-15-31
0.571989,3.12e-06,0.996055,0.27958,7.1062,1819.2333,3003.7667,2356142904707878.5,1,Sodinokibi-20200824_18-47-50
0.785637,-1.31e-06,0.996083,0.297099,1.8998,486.3667,0.0333,319020977603020.44,1,Sodinokibi-20211012_22-28-35
0.335819,1e-08,0.996045,0.451568,79.9275,20466.3667,542.0,369533911857809.5,0,SDelete-20200516_02-39-13
0.3472,1.21e-06,0.995756,0.449825,10.0653,2578.3,51.6333,227087251971236.97,0,SDelete-20200415_15-49-05
0.332826,-3.3e-07,0.995895,0.448261,8.8929,2277.3,29.9333,148528301762355.9,0,SDelete-20200427_15-52-59
0.731247,-1.69e-06,0.996503,0.30474,6.9115,1769.4,1729.1667,1919193820147725.0,1,Sodinokibi-20200824_20-00-55
0.993201,-6e-08,0.995853,0.031308,0.5072,130.0667,2253.2,3595969705139752.0,0,Firefox-20210716_23-34-19
0.99428,-0.0,0.996187,0.006126,14.7731,3782.2333,197.6333,29031713379581.07,0,SDelete-20210121_00-13-22
0.520772,1.628e-05,0.995386,0.117522,0.5454,139.8333,217.5,3794817535648134.0,0,Excel-20210707_19-40-55
0.880557,-8.54e-06,0.996176,0.242592,4.1671,1066.8333,1.0,508474562203923.75,1,Sodinokibi-20211006_22-13-07
0.473929,3.06e-05,0.730006,0.098231,0.1909,48.9,651.9333,618625426190811.4,1,Sodinokibi-20200825_02-08-02
0.96686,6e-08,0.996363,0.128445,45.3674,11614.4,9910.5,91302493916613.58,1,Ryuk-20201217_19-15-02
0.959843,5e-08,0.996143,0.139261,31.7989,8140.6667,8542.1667,79000151855927.0,1,GandCrab4-20210126_23-09-35
0.745512,1.033e-05,0.996299,0.295988,5.6772,1453.5,3194.2333,264022487861599.56,1,Darkside-20210714_19-40-33
0.992341,1e-08,0.996237,0.036806,40.1305,10273.4667,7017.5,198246071579045.28,1,WannaCry-20200805_22-16-20
0.612158,2.829e-05,0.995965,0.297636,1.3968,357.6333,998.2,827408253437465.2,1,Ryuk-20200821_01-09-59
0.336574,1.85e-06,0.995861,0.447131,6.3153,1617.5333,43.7333,537433375996818.56,0,SDelete-20200526_02-24-19
0.546433,-7.6e-06,0.669667,0.09623,0.5695,147.7333,154.6,262724158573546.84,0,Excel-20210707_21-11-24
0.335847,2e-08,0.995812,0.450726,67.4236,17260.6333,544.5,159953993684947.66,0,SDelete-20201208_22-04-01
0.545341,1.315e-05,0.670677,0.078593,0.9052,231.9,265.6667,360020873781092.56,0,Excel-20210708_21-38-44
0.581227,2.84e-06,0.996015,0.310424,6.5371,1719.7667,1715.3333,2120254180426586.8,1,Ryuk-20200820_19-41-16
0.333793,-0.00234012,0.632786,0.196245,0.0087,2.2667,4.4,5527542412622325.0,1,Sodinokibi-20200824_21-50-33
0.708748,4.4e-07,0.99605,0.317527,6.184,1583.1,922.4667,455187049208114.25,1,GandCrab4-20200827_01-14-29
0.851317,7.54e-06,0.996279,0.269317,7.1201,1822.7333,9167.7667,1420201758355197.2,1,Sodinokibi-20200825_02-08-02
0.888944,1.49e-06,0.996125,0.253808,5.4777,1403.7,3485.5,333003198561426.2,1,Darkside-20210611_00-46-15
0.540995,1.138e-05,0.995244,0.124018,0.5903,151.1333,151.2,2038105266701971.5,0,Excel-20210707_21-01-51
0.323428,-2.3e-07,0.996022,0.437515,8.4594,2166.4667,49.0,50010643516585.69,0,SDelete-20200415_15-39-03
0.336895,1.84e-06,0.996015,0.433381,6.6014,1691.0333,48.2,812663682271501.2,0,SDelete-20200526_02-19-24
0.337293,6.7e-07,0.995796,0.445127,12.6229,3232.7333,92.5333,489892464573089.3,0,SDelete-20200526_02-00-40
0.359758,-0.00030966,0.870439,0.320379,0.0681,17.5,14.0667,465424400679839.2,1,Darkside-20210608_18-08-59
0.746388,2.19e-06,0.996015,0.320824,3.9709,1023.3,972.2333,434424300290982.94,1,Darkside-20210527_22-35-21
0.994012,1e-08,0.996265,0.016913,2.1379,547.6333,459.8,8639839022399659.0,0,Firefox-20210716_23-41-03
0.991154,4e-08,0.99597,0.027255,12.4875,3196.8333,5153.1,243941186230825.84,0,Zip-20200526_02-59-07
0.518712,-3.62e-06,0.995971,0.269495,4.3933,1124.7667,2626.3333,2457703274506269.5,1,Sodinokibi-20200824_19-01-31
0.586876,3.26e-06,0.996162,0.282165,6.37,1630.7667,801.3,393398459264760.2,1,Darkside-20210603_22-51-21
0.548079,3.31e-06,0.994109,0.18229,1.2122,310.5,596.7333,1780847702097263.8,0,Excel-20210701_22-56-38
0.985274,-8e-08,0.996422,0.08054,48.7365,12478.4667,8884.4667,35256571338441.84,1,GandCrab4-20200827_03-30-07
0.970492,-1.4e-07,0.996297,0.121442,26.7251,6841.6667,5778.1333,274504837546063.6,1,Sodinokibi-20200824_22-20-58
0.932406,-1.3e-07,0.996334,0.184918,56.5955,14489.1333,7039.2333,323777208155377.5,1,Sodinokibi-20211012_22-12-23
0.991566,1e-08,0.995768,0.008538,8.3667,2141.9,4320.1333,3172031818380128.0,0,Zip-20200420_15-37-17
0.514902,-2.38e-06,0.993182,0.180548,1.2791,329.6333,346.1667,1957076597619355.0,0,Excel-20210702_00-00-36
0.319055,-4.26e-05,0.929244,0.175845,0.1108,28.3667,29.7667,2518053736784156.5,1,Cerber-20200806_18-54-00
0.390521,1.022e-05,0.927736,0.314844,0.7076,183.7333,1.9,524730150830779.75,1,Sodinokibi-20211006_19-54-39
0.992841,1e-07,0.996154,0.006599,1.543,418.9333,360.0333,416423216898283.5,1,Cerber-20210121_20-14-12
0.96826,-1e-06,0.996115,0.126344,5.4522,1395.8667,1438.4,249022879112355.78,0,AESCrypt-20200420_11-46-24
0.993421,1.9e-07,0.996033,0.029063,0.6933,177.7,364.8667,8629841996192848.0,0,Excel-20210708_23-22-23
0.341801,-0.0,0.996015,0.440215,104.3565,26727.7333,722.6333,770042245943357.6,0,SDelete-20200526_02-19-24
0.953892,7e-08,0.996352,0.153739,65.9881,16894.6333,21608.8667,176284565089389.34,1,Sodinokibi-20211006_18-08-08
0.467609,9.78e-06,0.996371,0.203507,2.4126,617.6333,1217.3,225408178480169.25,1,Darkside-20210609_22-23-16
0.614921,7.1e-07,0.995762,0.297842,2.8637,733.3,532.9333,1.013030272179861e+16,0,Excel-20210707_19-35-58
0.352143,-0.02755162,0.513381,0.164502,0.0013,0.3667,0.3,18126336043073.16,1,Sodinokibi-20211006_22-39-30
0.33925,-0.0,0.99591,0.443965,71.8673,18398.2667,528.1333,76672337242178.33,0,SDelete-20210624_02-02-14
0.956084,2.2e-07,0.996493,0.160563,41.1198,10526.8,10315.2,42802172571367.11,1,TeslaCrypt-20210624_00-49-42
0.751976,8.8e-07,0.996154,0.320078,5.4299,1390.1,1243.0667,503010685065004.8,1,Ryuk-20200820_18-15-12
0.602587,0.00010707,0.995982,0.341958,1.0268,262.9,580.3667,2283717339427268.0,1,Cerber-20200807_21-50-52
0.560203,-8.1e-06,0.995981,0.278679,4.0215,1029.5,406.6,358367501936828.1,1,Darkside-20210602_21-59-52
0.362652,-2.946e-05,0.840434,0.231205,0.2868,73.4333,20.2333,380871426087204.0,0,Firefox-20210611_00-08-44
0.704147,-8.32e-06,0.996153,0.358668,6.875,1780.9667,381.3667,615002972250259.6,1,Darkside-20210603_23-47-54
0.987553,2.5e-07,0.995846,0.049752,8.8511,2265.9333,4573.0,108158657809639.78,0,Zip-20200427_17-46-52
0.889767,1.16e-06,0.996507,0.236977,40.6745,10412.8667,18786.9,190870922177939.4,1,Ryuk-20210624_01-11-18
0.994274,-0.0,0.99635,0.006523,5.9381,1520.7667,283.4,1648355227481659.8,1,Ryuk-20201119_19-53-56
0.378805,-4.79e-06,0.841401,0.233912,0.1416,36.5333,65.1333,1006803618678555.0,1,Sodinokibi-20200824_21-39-40
0.950499,1e-07,0.996342,0.161101,62.102,15899.9333,27903.2,165956029276167.56,1,Sodinokibi-20210209_22-42-17
0.967935,7e-08,0.996217,0.126536,15.497,3967.6667,6830.4667,302968840768259.3,0,AESCrypt-20200516_01-28-29
0.721391,9.1e-06,0.996312,0.299579,3.629,929.0333,704.3333,397759018249642.8,1,Darkside-20210610_21-43-54
0.126438,5.84e-06,0.775948,0.18803,3.2462,831.9333,7.1,343704164217798.94,1,WannaCry-20200520_20-57-50
0.433517,0.00014606,0.9954,0.28452,0.1654,42.3667,102.1333,312763712067053.3,1,GandCrab4-20210126_22-29-31
0.63343,8.2e-07,0.996041,0.322197,4.6144,1235.1667,840.1667,2842867088721968.0,1,Ryuk-20200821_17-14-54
0.257321,0.00130516,0.757686,0.189936,0.0232,5.9333,264.4,51438943522989.77,0,Firefox-20210617_23-49-05
0.45739,-5.53e-05,0.692947,0.113219,0.1748,44.7667,553.5667,397352882826598.75,1,Sodinokibi-20200824_22-49-16
0.52805,-3.45e-06,0.995686,0.190286,1.2148,312.3333,800.1667,1.0009685853766704e+16,0,Excel-20210707_21-37-06
0.340717,-0.00040609,0.602094,0.119202,0.0196,5.1,15.9,44108412915091.65,0,Firefox-20210618_00-03-32
0.184789,1.2e-05,0.993702,0.26988,0.3947,101.0667,2292.6333,985440378292721.1,0,Firefox-20210617_23-21-03
0.17903,-7.24e-06,0.994922,0.275449,0.4234,108.7667,2287.9333,1177518348609241.5,0,Firefox-20210617_23-35-32
0.669061,-2.5e-07,0.996001,0.297217,5.9152,1514.3,1201.7667,3030493777412003.0,1,GandCrab4-20200829_02-49-55
0.966741,2.3e-07,0.996178,0.132584,16.0775,4116.3,6322.4,324872161545597.1,0,AESCrypt-20200526_01-09-55
0.968367,1e-07,0.996248,0.127964,15.2825,3912.7667,6676.8667,621928033203914.2,0,AESCrypt-20200516_01-24-36
0.989735,2e-08,0.999632,0.055258,97.1302,24865.5,15120.4,316991428250111.2,1,WannaCry-20200729_02-35-50
0.98985,1e-08,0.995953,0.040335,5.4207,1387.7,2350.4667,129319606934127.8,0,Zip-20200526_02-38-57
0.713201,-8.83e-06,0.996168,0.303263,5.5395,1418.1,825.8667,436316875883193.4,1,GandCrab4-20200827_01-55-29
0.310465,0.001117,0.556495,0.093681,0.0083,2.1667,9.0,620412989144.25,1,Ryuk-20200822_01-04-03
0.339508,0.0,0.995847,0.440053,106.0472,27158.6,833.0,581261752172891.4,0,SDelete-20200516_01-41-13
0.338096,0.0,0.995861,0.445628,121.8983,31218.1333,704.6333,884729402259311.6,0,SDelete-20200526_02-24-19
0.37143,0.00012991,0.707026,0.114489,0.0736,18.9,24.8667,27667044235434.43,1,Darkside-20210617_00-05-43
0.339612,-1.1e-07,0.995921,0.445267,36.2526,9284.1333,449.1333,172064043842381.88,0,SDelete-20200427_15-40-11
0.993929,1e-08,0.996046,0.019258,0.9576,245.2667,241.4,1.2021787060781856e+16,0,Excel-20210708_23-05-31
0.975558,-3e-08,0.99639,0.107966,16.6199,4271.7,2114.7,554443958403955.7,1,WannaCry-20200707_23-28-09
0.494439,1.19e-06,0.993086,0.231362,1.3645,349.8,1706.3,1964786193919488.2,0,Excel-20210701_23-13-43
0.986116,1.4e-07,0.995768,0.0589,8.2418,2109.9667,4216.4,3086671074383847.0,0,Zip-20200420_15-44-56
0.433252,3.75e-05,0.999684,0.200541,0.5106,130.8667,2.7,643501639685874.4,0,Firefox-20210611_00-31-32
0.621331,9.4e-07,0.995989,0.29454,4.4927,1150.1667,650.8667,395086305984920.25,1,Darkside-20210611_01-02-20
2.7e-05,-0.0,0.201125,0.002156,1.5708,402.1333,0.1667,171970323364.48,1,WannaCry-20200513_21-43-50
0.450345,3.294e-05,0.929651,0.324832,0.4615,118.4333,293.1333,715819724461456.0,1,GandCrab4-20200829_04-47-32
0.910014,1.42e-06,0.996505,0.214546,23.0763,5908.0,16715.1333,355958968410672.75,1,Sodinokibi-20211007_20-11-46
0.342279,-0.00119953,0.604618,0.130218,0.0127,3.3333,15.9333,47416179445658.35,0,Firefox-20210617_23-35-32
0.571294,-4.22e-06,0.996026,0.321148,5.0903,1354.0667,1715.0333,2311375337143431.5,1,Ryuk-20200821_22-55-55
0.506299,-0.00070578,0.995939,0.344011,0.1724,44.1333,0.8667,698580911340009.5,1,Darkside-20210607_17-48-20
0.973151,3.3e-07,0.996123,0.113072,9.1242,2335.8333,4215.1333,179832244472838.25,0,AESCrypt-20200420_11-08-22
0.514795,-4.9e-06,0.989424,0.11162,0.7396,189.3667,237.3667,230811647492454.2,0,Excel-20210707_21-41-40
0.606893,-2.175e-05,0.984966,0.26427,0.5297,135.6333,332.9333,4666617144811871.0,0,Excel-20210707_21-47-18
0.969989,4.3e-07,0.99622,0.124192,13.6853,3504.1667,5560.6667,556707942983161.3,0,AESCrypt-20200526_01-36-31
0.994277,0.0,0.996255,0.001193,5.3357,1368.9333,1334.8667,277177425135847.16,1,TeslaCrypt-20210121_22-00-29
0.988072,-1e-07,0.995941,0.059504,2.1013,537.9333,511.5333,6476027671.13,0,AESCrypt-20200420_11-24-46
0.970347,2e-08,0.996295,0.120352,29.9959,7679.7333,8517.1667,404929688783741.6,1,Cerber-20200807_17-55-29
0.338274,1.75e-06,0.995864,0.445366,8.0896,2071.9,74.1,555685379021384.2,0,SDelete-20200526_02-15-30
0.544793,-1.264e-05,0.814855,0.116673,0.4654,119.4333,249.7,417431233899935.9,0,Excel-20210708_22-01-42
0.457174,3.32e-06,0.973651,0.307446,3.6937,960.1,415.5333,658160027461351.9,1,Sodinokibi-20211006_21-52-51
0.832329,4.88e-06,0.996148,0.27587,13.547,3468.1333,7580.3,316340477052452.6,1,Sodinokibi-20211018_19-58-28
0.364553,-0.00387148,0.556496,0.189004,0.004,1.0333,4.2667,55313729095545.53,1,Sodinokibi-20200824_20-42-49
0.173017,-4.407e-05,0.994922,0.265566,0.3785,97.1333,147.2667,391859058689620.2,0,Firefox-20210610_22-41-24
0.972225,2e-07,0.996349,0.114885,14.8488,3801.6667,6717.6333,260172078183713.2,0,AESCrypt-20200516_01-16-40
0.291327,-0.00082763,0.601445,0.193988,0.0105,2.7,600.7333,4806121625311502.0,1,Sodinokibi-20200824_19-32-00
0.648429,2.83e-06,0.996253,0.293386,3.1287,858.3,521.6333,390572494855479.7,1,Darkside-20210603_23-39-07
0.452373,-0.00047104,0.696585,0.189024,0.0969,24.8333,34.3,857763716227613.6,1,Sodinokibi-20200824_21-28-35
0.548967,1.426e-05,0.738136,0.096973,0.7247,185.7333,194.1,202440623830189.3,0,Excel-20210707_19-49-55
0.988575,2e-08,0.996428,0.062069,31.9865,8188.5667,8532.5667,56218915685279.33,1,TeslaCrypt-20200805_21-00-26
0.670134,0.00019789,0.996042,0.30446,0.5211,133.4333,448.5,542496741039184.9,1,Cerber-20200807_22-00-16
0.971186,3.71e-06,0.996038,0.128356,3.5958,942.6667,521.1667,942874200799833.0,1,Ryuk-20200821_00-07-57
0.981336,8e-08,0.996364,0.090458,22.1909,5680.8667,1340.8667,65027955303877.4,1,GandCrab4-20200828_20-48-47
0.340058,1e-08,0.995886,0.440623,107.8209,27614.2,722.8,664748292045743.4,0,SDelete-20200526_01-51-28
0.986397,-4e-08,0.995846,0.05534,10.7191,2744.1667,6258.4667,172312501266539.75,0,Zip-20200516_03-56-35
0.372859,0.00030045,0.672779,0.146139,0.1061,27.2,11.2667,366255755429010.3,1,Darkside-20210603_22-17-17
0.337849,0.0,0.995936,0.444761,115.0795,29470.4667,1259.3333,404116256726693.3,0,SDelete-20200516_02-18-01
0.989055,1.7e-07,0.995912,0.039352,9.0973,2329.0333,4774.5,139068308528122.48,0,Zip-20200420_15-37-17
0.339305,2e-08,0.995768,0.442028,47.1847,12079.7333,412.0,235806478027800.53,0,SDelete-20201208_22-44-54
0.820179,1.29e-06,0.996024,0.282256,7.599,1945.3667,378.3,696212904811864.4,1,Sodinokibi-20211012_23-51-51
0.336089,7e-08,0.995866,0.449848,35.1369,8997.2,305.4333,316088425968268.56,0,SDelete-20200427_16-12-07
0.994278,-0.0,0.996265,0.005767,13.3284,3412.3333,153.6333,69654674194228.04,0,SDelete-20210121_01-02-35
0.462594,-3.12e-06,0.996019,0.189878,3.4061,872.0,166.8333,120654849878277.9,1,Darkside-20210609_22-23-16
0.818265,-2.44e-06,0.996366,0.320159,18.395,4725.7667,690.3333,321546552900217.8,1,GandCrab4-20200828_03-07-59
0.99023,2e-08,0.999632,0.053069,122.9458,31474.3,19185.2,293987728900256.5,1,WannaCry-20200805_18-39-24
0.994199,1.8e-07,0.995744,0.001611,0.1963,50.6,288.0667,4740282330872795.0,0,Zip-20201210_19-33-30
0.566595,-9.94e-06,0.995986,0.280898,3.9327,1006.7667,410.3,364654888666472.8,1,Darkside-20210602_22-42-17
0.0928,1.465e-05,0.995044,0.230345,0.5793,148.3,18.8333,365754806489116.75,0,Firefox-20210618_02-09-37
0.329326,0.00102537,0.605812,0.161983,0.0066,1.7,8.9333,166608277495416.97,1,GandCrab4-20200829_02-18-18
0.414053,-3.15e-06,0.995765,0.32103,2.8554,740.2333,128.8667,501178236295637.9,1,Sodinokibi-20210209_23-22-56
0.927876,8.4e-06,0.996212,0.209705,3.3233,851.1333,322.7,760600785310558.4,1,Ryuk-20201027_23-04-36
0.645022,4.83e-06,0.99623,0.299919,2.992,766.0333,1218.7,869660079478096.8,1,Cerber-20200807_03-19-19
0.968141,6e-08,0.99635,0.125808,60.2826,15433.5,8873.7333,228111782403197.03,1,WannaCry-20201202_22-07-47
0.984558,3.8e-07,0.995994,0.047799,8.5661,2192.9667,4873.7667,26943375231010.4,0,Zip-20201215_19-47-48
0.953186,1.7e-07,0.9964,0.165269,43.3241,11091.5667,11178.9667,140660758820355.23,1,TeslaCrypt-20200716_02-03-20
0.994222,-0.0,0.996233,0.007201,7.3123,1874.8667,4.7,285059509064344.25,1,Darkside-20210717_01-49-55
0.477017,-3.292e-05,0.996048,0.311826,0.8884,229.0667,66.6667,629870513720701.1,1,Sodinokibi-20211012_22-12-23
0.985769,2.9e-07,0.995912,0.060306,9.0151,2307.9333,4727.1,372857068361115.06,0,Zip-20200420_15-53-17
0.424673,-5.6e-07,0.995908,0.153033,3.0352,777.0333,117.9667,138193677555183.81,1,Darkside-20210603_23-47-54
0.500454,-5.35e-06,0.995987,0.286477,4.2332,1083.7,432.0333,2631940596653028.0,1,Sodinokibi-20200826_00-33-37
0.987775,-0.0,0.99585,0.044577,11.005,2817.3,6116.6333,352598271539003.7,0,Zip-20200516_03-39-25
0.592964,2.84e-06,0.996209,0.286195,8.5647,2192.6333,1738.5333,1980164680650688.2,1,Cerber-20200807_21-29-43
0.426459,-5.3e-07,0.995121,0.121671,2.655,679.8,66.2,168560488432314.53,1,GandCrab4-20210126_22-37-34
0.640185,2.22e-06,0.996,0.297028,3.8182,977.6333,508.0333,183866980889032.88,1,Darkside-20210714_19-24-10
0.415806,-6.09e-06,0.995706,0.228883,4.6773,1198.0333,919.7,1022272536138538.2,1,Ryuk-20200820_18-52-01
0.758431,-0.00012504,0.995979,0.346046,0.9479,242.7333,201.6,86369935699415.48,1,TeslaCrypt-20200414_15-52-57
0.954983,-1e-07,0.996436,0.153634,59.9123,15338.9333,18703.0,144601353817842.06,1,Sodinokibi-20211007_19-15-40
0.994302,0.0,0.996194,0.003871,24.8653,6366.5667,7657.0333,2041026310712579.5,1,Darkside-20210717_01-08-32
0.920105,0.0,0.996215,0.189672,98.3432,25176.1,17946.2333,840856768414783.8,1,WannaCry-20200805_18-19-34
0.334363,-0.00031655,0.604248,0.125604,0.0184,4.7667,12.7667,13635331615951.77,0,Firefox-20210617_22-07-20
0.994292,-0.0,0.996223,0.004146,34.0498,8718.4,401.0333,49098391649102.57,0,SDelete-20210121_00-56-38
0.432122,-1.901e-05,0.994447,0.303346,0.3761,96.4,217.3667,529165038422631.44,1,Cerber-20200806_19-19-36
0.994194,-0.0,0.996379,0.004092,22.008,5660.7,1886.4,780181311461483.8,1,Ryuk-20201119_20-16-12
0.34269,-3e-08,0.995895,0.444096,50.0554,12814.4667,391.6667,235455943884623.72,0,SDelete-20201208_22-26-59
0.99383,0.0,0.995846,0.021217,1.252,320.6667,547.6,1.0322910440467734e+16,0,Excel-20210708_23-11-29
0.993917,-1e-07,0.995998,0.019429,1.2139,310.9,212.1333,1.1464871156379974e+16,0,Firefox-20210716_23-41-03
0.973574,-9e-08,0.996303,0.114574,12.2305,3131.3333,5272.9667,59205277039207.48,0,AESCrypt-20201126_22-38-44
0.66366,4.83e-06,0.995521,0.320821,2.8817,737.7333,266.6667,4231683258532824.0,0,Excel-20210707_21-23-17
0.336866,-4.8e-07,0.996069,0.449457,10.9754,2810.4667,84.4333,611231070518426.8,0,SDelete-20200526_02-10-52
0.550981,5.52e-06,0.669667,0.101938,0.5135,131.6333,105.7667,430900522265406.56,0,Excel-20210708_21-27-03
0.081694,-1.3e-07,0.994901,0.22471,0.4395,112.6,41.5,336536962052336.5,0,Firefox-20210714_21-53-48
0.984997,2e-07,0.999632,0.078132,29.0999,7449.6333,6910.7667,440027343896181.3,1,WannaCry-20200730_01-01-54
0.990728,5e-08,0.99597,0.03552,12.9366,3311.8,5242.2,430015314072713.6,0,Zip-20200516_03-56-35
0.974138,-2.3e-07,0.996341,0.114287,16.9461,4338.3333,4254.3667,115966996345873.8,0,AESCrypt-20200420_11-08-22
0.989077,8e-08,0.995912,0.039479,9.0636,2320.3,4924.0,122332408785565.72,0,Zip-20200420_15-41-03
0.991098,-2.785e-05,0.995947,0.053695,0.0756,19.4333,39.7667,1280951891832809.2,0,Firefox-20210716_23-34-19
0.969902,1.9e-07,0.996166,0.11856,16.0639,4112.7,3320.8,62160053784608.21,1,WannaCry-20200610_19-57-30
0.541166,-9.67e-06,0.995686,0.164311,1.086,278.0667,324.7,8283885496997730.0,0,Excel-20210707_21-01-51
0.91595,4.7e-07,0.996207,0.205809,31.5008,8064.2667,26777.8333,94304087826843.89,1,Sodinokibi-20201204_23-28-32
0.253268,-0.20094787,0.422175,0.170215,0.0004,0.1,4.6667,70083477.33,1,GandCrab4-20200828_18-10-48
0.981612,1.3e-06,0.995994,0.049682,4.7606,1218.7333,2397.4,43878326260176.49,0,Zip-20201215_19-06-34
0.988689,1e-07,0.995912,0.041431,9.034,2312.7333,4865.7,3952532638529834.5,0,Zip-20200420_15-14-21
0.335684,1.669e-05,0.995812,0.453607,1.6803,430.1667,14.9667,153066640339700.72,0,SDelete-20201208_22-04-01
0.994288,0.0,0.996381,0.001165,8.1225,2082.1333,2125.4667,418739221015333.9,1,TeslaCrypt-20210121_22-31-46
0.335489,6e-08,0.995847,0.451342,34.6611,8875.7,301.6,309371837944947.56,0,SDelete-20200427_16-05-47
0.994303,-0.0,0.996187,0.003977,19.8438,5080.3,198.7333,28596516279648.34,0,SDelete-20210121_00-05-35
0.335766,8e-08,0.995977,0.450962,33.9437,8692.0,304.6,332686906532892.4,0,SDelete-20200427_16-15-58
0.691091,-9.38e-06,0.999939,0.310064,2.0546,580.2,7985.1,2810979884118613.5,1,Ryuk-20200821_16-48-45
0.448921,-7.14e-06,0.995953,0.210889,1.9069,488.1667,58.5333,558119833672992.1,0,Firefox-20210617_23-49-05
0.993249,-0.0,0.996382,0.026638,96.792,24778.9667,13735.5,145171162040663.22,1,WannaCry-20200729_01-45-54
0.336019,-0.0,0.996147,0.446316,124.8215,31964.2333,713.0333,998915887771769.2,0,SDelete-20200526_02-06-37
0.449891,6.974e-05,0.917902,0.281485,0.0628,16.2,184.9333,1871711460892711.2,1,GandCrab4-20200829_02-03-38
0.990001,2e-08,0.999632,0.05369,100.6361,25763.0,14475.6333,315638673632239.06,1,WannaCry-20200729_02-54-18
0.760711,4.65e-06,0.996283,0.300897,9.7977,2508.2667,476.2667,510684738859508.2,1,Sodinokibi-20211013_00-30-53
0.736549,8.3e-07,0.996249,0.305466,9.4933,2430.4667,555.1333,300175539735705.7,1,Sodinokibi-20201204_23-28-32
0.365034,-0.00028451,0.885089,0.240172,0.116,29.9,3.6667,645070235108833.0,1,Ryuk-20200820_23-09-44
0.97854,-1e-08,0.996595,0.096662,57.9446,14834.0,8014.8333,43743120132551.53,1,WannaCry-20201029_21-46-56
0.992294,0.0,0.996432,0.034561,78.0628,19984.1667,19750.7,139593459893528.08,1,GandCrab4-20200828_01-19-32
0.910518,6.1e-07,0.999939,0.215971,81.887,20963.1,24761.9,805045743368490.2,1,Ryuk-20200821_18-50-16
0.326427,-0.0145036,0.464092,0.15188,0.001,0.2667,0.0,12721028388643.43,1,GandCrab4-20200829_04-53-47
0.337232,1e-08,0.995985,0.442858,48.3026,12365.8667,416.9667,225988641570897.3,0,SDelete-20201208_22-31-20
0.978143,7e-07,0.995994,0.074294,7.6128,1948.9333,5525.7333,664443698729944.5,0,Zip-20200526_02-42-08
0.595132,3.345e-05,0.989424,0.21694,0.973,249.2667,574.6667,2624802498268202.0,0,Excel-20210707_19-29-33
0.99378,-2e-07,0.995943,0.022326,0.7037,180.2667,34.5333,3097157895920248.5,0,Firefox-20210717_00-06-50
0.482983,-1.314e-05,0.99379,0.123364,0.3033,77.8,30.4,717091899605568.8,0,Firefox-20210610_22-54-18
0.42702,-4.36e-06,0.991581,0.178859,1.4004,358.8,36.9667,1920162584337545.2,0,Firefox-20210617_22-29-38
0.809074,-6.45e-06,0.996144,0.326772,9.9203,2548.9,502.2333,1644080241300210.0,1,GandCrab4-20200828_20-42-11
0.977595,8.7e-07,0.995994,0.078097,7.2714,1861.5333,1511.5667,768831231011909.8,0,Zip-20200526_03-05-54
0.18256,-2.672e-05,0.993702,0.269177,0.3889,99.5667,2113.4,989505273993111.9,0,Firefox-20210617_23-13-25
0.993773,8e-08,0.995899,0.022606,1.3091,335.3333,540.1667,1.1836348713507264e+16,0,Excel-20210708_23-34-51
0.954125,3e-08,0.996402,0.15495,48.418,12397.0,12113.5667,540680557923429.3,1,Ryuk-20201027_22-57-34
0.967366,-2.7e-07,0.996175,0.127845,8.6392,2211.6667,4363.1667,168547625987512.34,0,AESCrypt-20200427_17-04-45
0.702071,2.65e-06,0.995851,0.330698,2.2455,610.6,8418.9667,2916860650282217.0,1,Ryuk-20200820_19-59-50
0.97512,-1e-07,0.996253,0.111944,18.6307,4769.5333,4815.2667,188209740605900.72,0,AESCrypt-20200427_16-52-26
0.339856,2e-08,0.996116,0.439001,45.4817,11643.7,368.8333,248613949906040.72,0,SDelete-20201208_22-40-07
0.399043,-0.00908761,0.552745,0.14354,0.0031,0.8,17.8333,33135374044202.66,1,TeslaCrypt-20200521_02-17-15
0.535329,-1.037e-05,0.669667,0.114101,0.5798,148.4667,167.0,298485821140436.9,0,Excel-20210707_20-55-44
0.939186,2.4e-07,0.996346,0.17933,51.8455,13274.1667,25814.2,710395273511664.0,1,Sodinokibi-20200825_00-29-22
0.412807,-4.05e-06,0.910154,0.206869,0.5885,150.8333,2.9333,481288237444308.6,0,Firefox-20210610_22-34-03
0.374558,1.842e-05,0.88463,0.168285,0.657,168.2333,67.3333,150876100305852.88,1,Ryuk-20200821_22-10-20
0.378895,0.00080339,0.481177,0.083338,0.0014,0.3667,0.0,3211795710977.16,1,Sodinokibi-20211006_22-19-27
0.482897,-1.86e-06,0.996083,0.225246,8.2139,2102.8667,612.7333,359143563869738.3,1,Ryuk-20201027_21-52-19
0.994227,-5e-08,0.996032,0.009183,1.3345,341.7333,514.8667,8354940566198237.0,0,AESCrypt-20210120_22-31-13
0.994098,-0.0,0.9962,0.013398,2.4865,636.9,485.7,1.2870291414553136e+16,0,Excel-20210708_23-22-23
0.100449,0.00015951,0.994826,0.191606,0.2085,53.5333,289.7,378250484151897.8,0,Firefox-20210610_22-41-24
0.99399,-9e-08,0.996161,0.014816,1.5619,400.6,623.5,404156961265366.75,0,Zip-20201210_20-09-17
0.420101,-0.00096981,0.6993,0.156697,0.0111,2.9,31.6667,42212155465921.02,1,GandCrab4-20200829_02-27-08
0.11307,1.385e-05,0.995057,0.251299,0.5842,149.7,70.7,589450529229542.0,0,Firefox-20210616_19-27-04
0.466398,6e-06,0.99575,0.236244,2.8929,740.6333,430.3333,321348238414449.5,1,Darkside-20210602_22-16-14
0.98117,2.3e-07,0.999632,0.096385,28.3956,7269.3,6884.1333,689465148708676.5,1,WannaCry-20200805_21-47-04
0.08337,3.8e-07,0.994901,0.226786,0.4392,112.5333,42.4,320312062696336.4,0,Firefox-20210714_22-37-47
0.508171,4.52e-06,0.992993,0.232054,1.2313,316.9,1600.0333,1299375634609158.8,0,Excel-20210702_00-05-58
0.993931,5.6e-07,0.996157,0.018324,0.3681,94.5,393.0667,478290929948868.1,0,Zip-20201209_22-32-20
0.231228,2.431e-05,0.981004,0.310363,2.8568,737.2,52.8,458154610058777.2,1,Sodinokibi-20200825_00-12-08
0.548226,-4.3e-06,0.669667,0.103773,0.4373,112.1333,106.2333,431609270259181.5,0,Excel-20210708_21-33-17
0.989885,-2.2e-07,0.99583,0.037776,2.8092,719.1667,1183.4333,86654981640709.36,0,Zip-20200516_03-29-39
0.588533,-3.26e-06,0.99606,0.293766,5.1375,1315.2333,1276.5,1951890900085880.0,1,Cerber-20200807_18-58-19
0.351126,-0.00016673,0.719001,0.151554,0.0139,3.6,0.8,22971195796242.4,1,GandCrab4-20200829_02-03-38
0.963199,3.5e-07,0.996256,0.140058,9.1483,2342.0,4573.9333,155507168586713.3,0,AESCrypt-20200427_16-23-28
0.994292,0.0,0.996327,0.004221,22.2298,5691.2,341.2333,225640031155766.1,0,SDelete-20210121_01-17-51
0.515932,-1.73e-06,0.991581,0.059552,0.2838,72.7,3.9667,1113948559173071.1,0,Firefox-20210617_22-07-20
0.971783,1e-08,0.996246,0.11943,17.1652,4394.3,4830.0333,130431361857812.94,0,AESCrypt-20200427_17-00-04
0.956385,7e-08,0.996101,0.154794,6.1441,1573.1,1430.8667,90506262210122.58,0,AESCrypt-20201126_22-38-44
0.468943,-7.42e-05,0.992997,0.237492,0.2887,74.7,430.4,963189972616572.9,0,Excel-20210701_23-41-10
0.483144,1.86e-05,0.994842,0.219316,1.2037,308.6333,2460.5333,1395800767084213.2,0,Excel-20210701_22-39-11
0.801034,-3.95e-06,0.995905,0.291079,2.2603,578.6667,0.0333,380090198039149.0,1,Sodinokibi-20211012_22-44-28
0.793408,-4.4e-07,0.996198,0.287941,19.8454,5080.5,1858.7333,715005414293718.1,1,Sodinokibi-20211007_19-57-07
0.096651,0.00018552,0.687322,0.175569,0.0555,14.3,43.9667,304024617942741.06,0,Firefox-20210714_22-23-06
0.575415,-0.00013251,0.995631,0.31711,0.5436,139.2,204.1667,2631818915667759.5,1,Cerber-20200806_18-36-08
0.97338,3.5e-07,0.996326,0.117052,9.5518,2445.2667,4200.8333,408738951446702.75,0,AESCrypt-20200427_17-22-00
0.338637,2e-08,0.995712,0.446349,40.0407,10254.6,267.0667,171938555225582.28,0,SDelete-20200427_15-35-09
0.548924,-4.403e-05,0.996187,0.370398,1.8862,487.0333,209.7333,578513894984233.2,1,Sodinokibi-20211006_22-13-07
0.988156,8e-08,0.995864,0.056497,5.0987,1305.2667,1726.7333,213306584274823.62,0,Zip-20200427_18-13-08
0.992003,0.0,0.996439,0.03918,23.6091,6043.9333,8036.3667,254906463821585.0,1,Cerber-20200729_17-46-15
0.991767,6e-08,0.996002,0.019905,10.8767,2784.4667,5097.3,139234389834138.98,0,Zip-20200427_18-06-42
0.363704,0.0077096,0.704805,0.160409,0.0031,0.8333,0.0,9756041806565.97,1,Ryuk-20200821_22-15-06
0.130519,1.13e-05,0.994922,0.259231,0.3266,83.7667,2688.3667,338399507104342.5,0,Firefox-20210714_22-23-06
0.541903,-1.394e-05,0.995699,0.173272,1.1503,294.9333,636.8,7210277395972390.0,0,Excel-20210707_19-23-49
0.529909,1.79e-06,0.669276,0.116072,0.6273,160.7667,171.4,284914043439433.6,0,Excel-20210707_19-54-06
0.316817,-0.00443124,0.706094,0.148544,0.0076,1.9333,3.9333,154480279948333.3,1,Sodinokibi-20200825_20-53-42
0.988311,-1.6e-07,0.995846,0.040442,10.2146,2614.9333,3806.7667,5751033751566.45,0,Zip-20201215_19-13-54
0.968484,-1e-08,0.996466,0.134329,54.5877,13975.0,13870.3,109122062604805.05,1,TeslaCrypt-20200716_02-08-02
0.529539,0.00028571,0.917008,0.218077,0.176,45.2333,518.8333,470803082426168.06,1,Sodinokibi-20210209_21-56-18
0.52996,-1.61e-06,0.814855,0.132053,0.5064,129.9667,208.1,447825728731374.1,0,Excel-20210708_21-38-44
0.994285,0.0,0.996409,0.005093,22.2083,5685.6667,211.5667,222584687132587.22,0,SDelete-20210121_00-38-17
0.991267,-0.0,0.996438,0.045621,39.2276,10042.2667,9879.6,47369052561436.76,1,TeslaCrypt-20200805_21-29-31
0.994228,0.0,0.996216,0.006131,10.5915,2717.8333,177.4667,107129013984270.98,1,Ryuk-20201119_20-11-12
0.627179,1.421e-05,0.995698,0.301205,1.4957,382.9667,952.4667,543697233597984.9,1,Ryuk-20200821_20-07-45
0.360099,-1.033e-05,0.995177,0.143304,0.9194,235.4,461.5667,670060333672232.9,1,TeslaCrypt-20200729_18-47-34
0.976218,-2e-08,0.996335,0.104884,81.061,20752.9,22865.0667,51176396246733.04,1,Sodinokibi-20211012_22-22-56
0.303409,-0.00025226,0.699303,0.198158,0.1605,41.6333,140.1333,448221254539273.4,1,TeslaCrypt-20210616_21-43-24
0.993027,-4e-08,0.996354,0.028079,8.7861,2249.2333,1943.4667,260935600185800.4,1,Cerber-20200729_17-12-55
0.811651,5.4e-07,0.996178,0.28043,23.6785,6061.8,15606.9,1443726650382404.8,1,Sodinokibi-20200825_20-43-44
0.97544,-2.5e-07,0.996234,0.109961,17.7687,4548.9667,4372.3333,98610593611763.97,0,AESCrypt-20200420_11-03-56
0.216557,-4.672e-05,0.994922,0.320993,0.5172,132.6667,403.3,635026222614254.9,0,Firefox-20210617_22-15-49
0.627532,0.00012727,0.995929,0.34525,0.9222,236.1667,547.3,2327370720792603.0,1,Cerber-20200730_01-32-25
0.994224,1e-08,0.996093,0.009405,2.5556,654.3667,269.6667,584667118080943.4,0,Zip-20201210_20-05-06
0.589919,-3.27e-06,0.996017,0.288752,3.73,954.9,404.3,378407747988231.4,1,Darkside-20210608_19-31-14
0.330896,-0.02496976,0.464748,0.156168,0.0014,0.3667,0.0,5680396798246.4,1,GandCrab4-20200828_23-26-59
0.593219,6.6e-07,0.996186,0.308267,23.5744,6035.1333,3280.5,2768902286579447.5,1,Ryuk-20200822_00-38-01
0.31862,-0.00117167,0.533939,0.150065,0.0145,3.8333,0.0,59006354565374.8,0,Firefox-20210610_22-34-03
0.803018,-1.54e-06,0.996205,0.28687,19.973,5113.2,1825.1333,498320495080913.9,1,Sodinokibi-20201205_00-26-49
0.993901,-3e-08,0.995968,0.020109,1.5157,388.2333,426.6333,4802616908990394.0,0,Firefox-20210716_23-13-43
0.534223,9.94e-06,0.670885,0.087008,0.8244,211.2,190.3,331169126928381.0,0,Excel-20210708_21-49-25
0.992445,-1e-08,0.995953,0.007238,5.4,1382.4333,2010.9,151730245326.03,0,Zip-20200526_02-59-07
0.989054,1.2e-07,0.995912,0.040173,9.1309,2337.5333,4838.2667,4705560606339519.0,0,Zip-20200420_15-06-48
0.694961,1.983e-05,0.995981,0.322028,4.5298,1159.7333,605.0333,5960826809929053.0,1,Ryuk-20200821_22-25-17
0.99417,-1e-08,0.996283,0.005727,4.6159,1184.6667,395.3,366275604604808.2,1,GandCrab4-20201124_20-25-48
0.906091,1e-07,0.996244,0.213653,10.0995,2585.8667,3956.5333,289084924374266.8,1,Darkside-20210617_19-16-25
0.968298,2.6e-07,0.996064,0.12157,15.5059,3969.9,2924.0,270421417779930.16,1,WannaCry-20200707_23-57-11
0.666302,9.8e-07,0.996152,0.302452,7.5564,1934.4667,990.1667,371508500004143.75,1,Darkside-20210528_00-27-42
0.981756,2.6e-07,0.996515,0.104677,32.9403,8433.0333,12664.6333,525119563122611.0,1,GandCrab4-20200827_17-50-03
0.973719,-2.44e-06,0.996589,0.112038,2.2487,575.6667,542.2333,31192599717138.31,1,TeslaCrypt-20200611_21-23-04
0.956819,-5e-08,0.996368,0.151248,30.1148,7710.2,2493.5333,458890060437498.1,1,Sodinokibi-20200824_22-27-03
0.338289,0.0,0.995944,0.444179,115.3932,29551.0,1268.5,427099569599047.1,0,SDelete-20200516_01-57-43
0.409393,3.17e-06,0.994339,0.211693,1.3083,334.9667,10.4,575767746113559.0,0,Firefox-20210610_23-49-44
0.454561,8.3e-06,0.984815,0.338889,1.5178,394.8,59.6,603415707673391.2,1,Sodinokibi-20200825_17-44-24
0.988557,-1.38e-06,0.9958,0.047697,1.0288,263.3667,494.8333,143686770288450.88,0,Zip-20200526_03-05-54
0.881384,1.34e-06,0.996066,0.240403,8.8185,2258.0667,4009.9667,315311944032476.8,1,Darkside-20210607_20-36-38
0.435701,-4.51e-06,0.995692,0.200517,2.0366,521.5667,102.0667,931620669642309.5,0,Firefox-20210617_22-15-49
0.475997,-2.6e-07,0.955533,0.202688,1.1289,289.4667,1358.2,1134120612290944.5,0,Excel-20210701_22-44-18
0.338458,5.2e-07,0.995785,0.439507,6.0377,1545.7,67.4333,226885806567385.56,0,SDelete-20201208_22-26-59
0.932356,-9.65e-06,0.99587,0.207801,1.8162,464.9667,218.2667,3482407441021179.5,1,GandCrab4-20200828_21-47-52
0.978459,2.4e-07,0.995768,0.084889,8.9156,2282.4333,4344.3,2465155259349583.5,0,Zip-20200420_15-10-33
0.994292,0.0,0.996171,0.004209,19.6385,5027.7667,269.7,50231362445819.29,0,SDelete-20210121_00-05-35
0.352557,-0.01262587,0.528783,0.150867,0.002,0.5,0.1333,16104203512.69,1,Darkside-20210608_18-24-58
0.986081,4e-08,0.99585,0.056067,10.8306,2772.7333,6146.8333,249749186539954.62,0,Zip-20200526_02-48-42
0.597581,2.2e-07,0.996167,0.300941,6.4435,1649.5333,2234.0,2279998007262769.0,1,Sodinokibi-20200824_18-07-20
0.295127,-0.00044182,0.605812,0.153508,0.0208,5.3667,0.7,38403308659020.05,1,Darkside-20210602_20-00-06
0.711862,-4.13e-05,0.99588,0.295401,0.8849,226.5667,381.9333,373296460940593.9,1,Darkside-20210602_21-59-52
0.479657,-2.06e-06,0.995982,0.293555,1.7327,443.6,818.8667,2515837973844549.0,1,Ryuk-20200821_17-46-39
0.591543,6.9e-07,0.996066,0.282841,6.8217,1746.4667,1087.5333,366631046851288.7,1,Darkside-20210602_19-26-39
0.744798,7.63e-06,0.996155,0.291227,3.4861,892.4667,672.7667,412600661461415.9,1,Darkside-20210609_22-23-16
0.601527,4.77e-06,0.995923,0.291422,3.9683,1015.9333,828.6667,395992579846005.56,1,Darkside-20210604_00-27-59
0.551922,0.00013856,0.915281,0.217953,0.1535,39.5,512.0333,726203894504043.5,1,Sodinokibi-20210209_22-02-02
0.484128,-1.95e-06,0.995744,0.212365,2.6108,719.9,92.2333,115632957063105.8,1,Darkside-20210602_21-42-15
0.451374,-1.45e-05,0.995649,0.117616,0.7218,185.0,2080.3333,964467138579200.0,1,Sodinokibi-20200824_21-33-39
0.340272,-0.0,0.99591,0.440629,52.5705,13458.4,471.1667,91079051298448.03,0,SDelete-20210624_02-02-14
0.988684,6e-08,0.995768,0.045424,5.9487,1522.8667,2299.0333,5935274839650.67,0,Zip-20201215_19-06-34
0.994297,-0.0,0.996257,0.003982,27.0446,6923.7,247.2,208439706795244.34,0,SDelete-20210121_00-13-22
0.610366,1.476e-05,0.993661,0.265712,1.3368,342.4333,625.0667,4804965828078562.0,0,Excel-20210707_19-35-58
0.994312,-0.0,0.996377,0.002556,19.503,4994.0,1801.9667,3283823026247148.5,1,Darkside-20210717_01-49-55
0.95772,-1.06e-06,0.996082,0.15897,4.8611,1244.4333,1203.3333,134982795242235.78,1,TeslaCrypt-20200610_01-47-48
0.575872,-6.27e-06,0.999632,0.336474,3.0052,769.3667,747.8,2227601069787803.0,1,WannaCry-20200422_16-32-05
0.539647,3.6e-06,0.995103,0.14233,1.3877,357.5667,1098.4667,1758777408064553.0,0,Excel-20210702_00-05-58
0.978149,-1.8e-07,0.996355,0.106732,34.8013,8911.4,4008.7667,201814208101152.12,1,GandCrab4-20200828_01-26-07
0.338181,0.0,0.996069,0.445634,120.6627,30900.6667,691.0667,945387834091096.8,0,SDelete-20200526_02-10-52
0.80642,-8.2e-07,0.996181,0.283089,19.9644,5111.0333,1940.7,679975825593878.4,1,Sodinokibi-20211007_20-04-47
0.224839,0.0001016,0.994922,0.280607,0.3011,77.1,2112.2333,467029616003569.7,0,Firefox-20210618_02-09-37
0.781308,1.28e-05,0.996399,0.320344,1.5021,384.5667,79.1,260702439980658.6,1,Sodinokibi-20200825_00-41-15
0.265844,7.6e-07,0.555862,0.073816,0.1012,25.9,6.0667,80684024479949.69,1,Darkside-20210607_18-09-09
0.094375,0.00019953,0.687322,0.175458,0.055,14.1667,43.9667,295481858999591.7,0,Firefox-20210714_22-57-54
0.993938,3e-08,0.99618,0.019198,1.4825,379.6667,539.2667,1.1406206595333878e+16,0,Excel-20210708_23-05-31
0.993015,-0.0,0.996424,0.03126,80.6413,20644.2333,20610.2667,618242541608878.2,1,GandCrab4-20200827_03-01-29
0.524067,-4.73e-06,0.995935,0.310425,5.0141,1283.6667,1662.9667,2413526484938506.0,1,Ryuk-20200820_22-40-51
0.577657,1.13e-06,0.996153,0.309906,8.375,2144.0333,1086.4,3014956634584134.5,1,Sodinokibi-20200826_00-04-47
0.99369,0.0,0.99624,0.019592,14.2048,3636.4333,3898.0667,27516745803651.57,1,GandCrab4-20200827_01-24-42
0.461995,-0.00227397,0.655507,0.157519,0.0102,2.6333,0.0,4396904494520.79,1,Ryuk-20210624_01-04-07
0.499281,-4.33e-06,0.99601,0.221895,3.3449,856.3,206.4,92848561941168.58,1,Darkside-20210604_00-20-26
0.545838,1.387e-05,0.670677,0.077209,0.8947,229.2333,244.2333,358557565216699.9,0,Excel-20210708_22-06-31
0.342585,5.6e-07,0.99614,0.425432,4.7596,1219.1333,36.7667,822150185427200.1,0,SDelete-20200516_02-13-58
0.993398,-0.0,0.996454,0.024298,36.2072,9269.0333,9177.3333,423576335380480.25,1,GandCrab4-20200827_01-32-01
0.494648,8.05e-06,0.995855,0.237784,1.6038,410.6,4440.5667,2268437735582596.5,1,Sodinokibi-20200826_01-38-43
0.840509,-2e-08,0.996316,0.265269,20.0215,5125.7,1401.9333,1115484723641825.0,1,Sodinokibi-20200825_21-56-02
0.535267,-5.15e-06,0.814855,0.128428,0.5316,136.4,205.3667,458096593161170.8,0,Excel-20210708_21-49-25
0.337174,1e-07,0.996022,0.44923,34.4756,8829.8333,302.9,358303519092997.2,0,SDelete-20200415_15-39-03
0.967076,1.5e-07,0.996204,0.128394,19.3476,4970.4,4227.9333,281347287772704.34,1,Cerber-20200807_19-33-19
0.974128,-1.4e-07,0.996218,0.113673,18.1602,4649.1,4799.5,133551205809860.86,0,AESCrypt-20200427_16-43-56
0.543907,1.232e-05,0.670677,0.072165,0.832,213.1333,244.0333,345722050808231.8,0,Excel-20210708_21-56-09
0.374414,-2.37e-06,0.94308,0.104409,3.7518,960.7667,698.5,242460024698113.4,1,Darkside-20210603_23-56-04
0.818752,-9.4e-07,0.996346,0.276811,12.8283,3284.0333,591.3333,1833480489185419.0,1,Sodinokibi-20200825_19-44-17
0.794384,7.13e-06,0.996135,0.298763,9.2684,2372.8,1716.0333,7193232238686861.0,1,GandCrab4-20200829_01-29-54
0.971498,1e-07,0.996277,0.11989,17.1534,4391.3333,4525.6333,200507349743462.66,0,AESCrypt-20200420_11-46-24
0.666714,-3.17e-06,0.996007,0.305517,2.709,758.1667,209.8,369575144145623.1,1,Ryuk-20200821_19-56-21
0.980634,1.4e-07,0.996457,0.094825,52.6962,13490.4,14022.8667,283154756353782.8,1,TeslaCrypt-20200729_00-22-50
0.652033,2.27e-06,0.996265,0.300258,7.6528,1959.1667,1247.5,363546331016098.4,1,Darkside-20210608_18-08-59
0.335415,-0.0,0.995936,0.447191,124.2715,31822.5333,876.4,476298335438554.8,0,SDelete-20200516_02-18-01
0.885086,4.02e-06,0.996215,0.228171,9.3648,2397.5,5137.1333,1453947765467414.5,1,Cerber-20200807_21-19-40
0.992864,-1e-08,0.996311,0.033856,42.044,10763.2667,10905.5333,351937517817865.2,1,GandCrab4-20200827_01-46-49
0.979276,4e-08,0.996125,0.095387,14.0025,3584.8,9233.8667,360653908357561.7,1,Sodinokibi-20200825_02-08-02
0.337861,1e-08,0.995859,0.444455,116.031,29713.6667,1265.0,455662614686936.9,0,SDelete-20200516_02-44-26
0.977326,2e-08,0.996467,0.103354,16.2727,4165.9,4500.0,153465844101089.03,0,AESCrypt-20200420_11-37-07
0.338097,1e-08,0.996045,0.442451,106.515,27278.4,809.2333,559934395139190.06,0,SDelete-20200516_02-39-13
0.963796,1.2e-07,0.996206,0.146591,10.1916,2615.9333,2638.7333,104404610714458.08,1,TeslaCrypt-20200707_22-42-07
0.334065,3e-07,0.995933,0.45615,19.3892,4964.8667,110.4333,134390177143862.84,0,SDelete-20200415_15-13-46
0.963972,7e-08,0.996316,0.138297,6.2525,1600.7333,2194.2667,680972278465549.1,1,Cerber-20200807_02-52-24
0.951431,-1.2e-07,0.99628,0.159288,60.3745,15457.3667,17977.9333,161786690277759.66,1,Sodinokibi-20211006_21-59-35
0.482791,3.5e-07,0.995777,0.409734,11.6218,2996.5333,897.0,1644219422534774.5,1,Sodinokibi-20211013_19-30-50
0.349392,-0.0001924,0.825388,0.144514,0.1075,27.6,24.8,195730823350627.3,1,Darkside-20210608_19-23-29
0.618829,-9.65e-06,0.995981,0.281377,4.0814,1044.8333,196.1333,209858078779425.22,1,Darkside-20210608_19-07-58
0.416948,-0.00011923,0.994773,0.222847,0.3954,101.2333,29.4,794752505648138.5,0,Firefox-20210610_23-56-12
0.533917,1.03e-06,0.99596,0.3058,2.0666,529.0667,809.6333,2180628193889802.2,1,Ryuk-20200821_16-55-04
0.494952,-4.97e-06,0.995921,0.28162,5.3556,1371.0667,578.4667,2801805576422681.5,1,GandCrab4-20200828_00-03-13
0.519256,4.79e-06,0.995593,0.198074,1.2442,318.6667,793.7333,9110996678384410.0,0,Excel-20210707_21-06-39
0.989773,-8.1e-07,0.996088,0.050771,2.303,589.5667,723.6,4435224778.39,0,AESCrypt-20200420_11-08-22
0.666838,4.8e-07,0.996364,0.30335,7.6952,1970.0333,998.6667,371130247746052.7,1,Darkside-20210528_00-12-18
0.993929,-1.3e-07,0.995961,0.019501,0.9933,254.4,335.6333,322438331336573.0,0,AESCrypt-20210120_22-15-06
0.459901,3.362e-05,0.994842,0.226734,1.1196,287.7,2100.4333,1528627654221097.2,0,Excel-20210702_00-11-34
0.321882,-0.00025143,0.994946,0.18588,0.0787,20.1667,424.0333,319751492677577.25,1,TeslaCrypt-20210616_22-27-02
0.968772,1e-08,0.996405,0.123757,60.16,15402.3667,8493.6333,194145336083692.75,1,WannaCry-20201202_21-54-21
0.354233,-5e-06,0.99578,0.35148,9.5006,2455.6,196.5,497574950263517.5,1,Sodinokibi-20211006_20-00-20
0.98226,2.5e-07,0.999632,0.089712,30.3075,7758.7667,7005.9667,623414482325533.5,1,WannaCry-20200730_00-54-05
0.454196,1.744e-05,0.993443,0.21889,1.2752,326.7333,1698.0333,1614179690956594.5,0,Excel-20210702_00-16-52
0.420575,-1.159e-05,0.995953,0.227879,1.7951,459.7333,11.0333,463482466287506.1,0,Firefox-20210610_22-34-03
0.652326,3.05e-06,0.996204,0.299885,7.9287,2029.8,1224.0667,351656379098740.06,1,Darkside-20210608_18-00-51
0.993379,-3.31e-06,0.995828,0.027554,0.1657,42.8333,282.1667,703228328914961.6,0,Zip-20201210_19-38-32
0.488122,2.22e-06,0.995909,0.321269,2.9041,743.5,261.4333,233256945065027.06,1,GandCrab4-20210126_22-54-12
0.525907,5.8e-06,0.995228,0.167293,1.1486,294.4667,654.2,7100969327271332.0,0,Excel-20210707_19-40-55
0.398862,3.45e-06,0.995906,0.181028,6.1895,1585.3667,962.4333,200418996113941.0,1,Darkside-20210527_21-49-15
0.810017,7.62e-06,0.996285,0.29135,9.0282,2311.3,1405.3333,7353507314052082.0,1,GandCrab4-20200829_01-21-37
0.975566,1e-08,0.996365,0.110127,24.8342,6357.9333,7748.4667,427680254620108.4,1,GandCrab4-20200828_19-05-45
0.987834,3.9e-07,0.996049,0.071043,2.5913,663.3667,745.1667,407073156816.53,0,AESCrypt-20201126_22-18-21
0.321582,-0.00067594,0.555253,0.120577,0.0185,4.7667,7.5667,45074551594543.16,0,Firefox-20210610_22-47-29
0.973489,2.2e-07,0.996145,0.113467,9.8742,2527.8,4534.6333,158927399929571.28,0,AESCrypt-20200420_11-17-39
0.342405,-1e-08,0.996286,0.437582,34.3349,8798.6667,405.9,323081593272764.3,0,SDelete-20200415_15-33-51
0.53639,-4.78e-06,0.995979,0.2971,5.5842,1430.0,713.1667,3037894057778483.5,1,GandCrab4-20200827_17-50-03
0.990506,-9.33e-06,0.995772,0.059891,0.1313,33.7667,97.3,529169113319250.06,0,Firefox-20210717_00-00-24
0.339527,-0.0,0.99614,0.437918,105.6508,27057.6,1147.2333,594023955241369.1,0,SDelete-20200516_02-13-58
0.009322,2.4e-07,0.995131,0.07553,18.5013,4736.3667,113.7,26084700210574.6,1,WannaCry-20200513_21-33-36
0.994174,-0.0,0.996368,0.007571,10.2629,2634.6333,541.4667,584188164384912.4,1,Darkside-20210717_00-44-20
0.538836,-4.46e-06,0.992313,0.186763,1.1287,291.3333,278.2333,1773218962332350.0,0,Excel-20210702_00-05-58
0.449039,-0.0,0.995953,0.207383,2.2871,585.6333,16.3,394098019446208.9,0,Firefox-20210714_22-57-54
0.392899,-0.00236308,0.637827,0.17983,0.012,3.1,4.6667,78506182859787.81,1,GandCrab4-20200829_01-29-54
0.656581,-1.45e-06,0.99616,0.421259,14.0384,3609.9667,26.4667,410493367835412.94,1,Darkside-20210607_17-41-24
0.993209,0.0,0.996382,0.02693,54.8388,14038.7667,14122.6,191184432042275.12,1,Cerber-20200729_03-37-19
0.969857,3e-08,0.996529,0.121794,86.671,22188.8333,26075.4333,173405416552746.28,1,Sodinokibi-20211006_19-54-39
0.994096,0.0,0.996102,0.009407,14.6495,3766.2333,3020.1,384198448794575.5,1,WannaCry-20201028_22-28-06
0.992996,-0.0,0.996337,0.029423,70.1502,17958.5333,18069.4667,7919913076113.89,1,TeslaCrypt-20200805_17-43-47
0.335415,-4e-08,0.995847,0.444531,38.0152,9736.0333,368.8333,159430977858789.16,0,SDelete-20200427_16-05-47
0.541511,-8.46e-06,0.994842,0.148323,1.2513,320.5,513.8667,1533777671416167.0,0,Excel-20210701_22-34-07
0.994247,-0.0,0.996166,0.007483,7.9539,2036.4667,217.5333,18112291079917.38,0,SDelete-20210121_00-32-17
0.340341,0.0,0.995944,0.438045,106.2339,27207.0667,779.2333,616057391073921.0,0,SDelete-20200516_01-57-43
0.338632,3e-08,0.995933,0.444232,36.8047,9425.6667,444.5333,215467037791150.94,0,SDelete-20200415_15-13-46
0.853162,-3e-07,0.996081,0.275099,8.4995,2177.9,121.0667,456514416520520.06,1,Ryuk-20201217_19-08-09
0.388547,-7.21e-05,0.845216,0.22383,0.3214,82.4,0.3,452279032744352.5,0,Firefox-20210611_00-02-39
0.526162,-6.28e-06,0.994812,0.116698,0.739,189.3333,216.0,3521068805864073.0,0,Excel-20210707_19-35-58
0.518988,-1.022e-05,0.995686,0.166308,1.0949,280.4333,338.8667,9263713507281338.0,0,Excel-20210707_19-29-33
0.412162,2.55e-06,0.995827,0.177967,6.754,1729.8667,1030.7,274073179682486.12,1,Darkside-20210528_00-35-25
0.868299,-3.1e-06,0.99616,0.282588,16.5894,4259.2333,252.1,711850468679204.6,1,GandCrab4-20200828_18-10-48
0.349384,-8.862e-05,0.993702,0.319016,0.6028,154.4,243.3667,673821364316422.5,0,Firefox-20210618_02-09-37
0.993548,1.47e-06,0.995833,0.025349,0.1956,50.4333,254.3,355287095611599.1,0,Zip-20201210_19-12-32
0.281514,-0.00059325,0.995024,0.233265,0.0294,7.5333,281.7333,526667060800007.94,0,Firefox-20210610_23-49-44
0.572321,3.544e-05,0.97645,0.098711,0.2422,62.0,324.9333,143502607497220.1,0,Excel-20210707_21-41-40
0.529316,2.24e-06,0.994105,0.170778,1.1526,295.1,302.8333,2009598591669199.0,0,Excel-20210702_00-16-52
0.794405,1.56e-06,0.996255,0.288786,13.3738,3423.8,1954.2,657204494051791.5,1,Sodinokibi-20211012_22-34-00
0.968338,4.2e-07,0.996116,0.126976,9.8138,2512.6333,2175.6,66499426070597.31,0,AESCrypt-20201126_22-24-10
0.116548,0.0001202,0.994757,0.20644,0.2207,56.8,3175.3333,333105182949215.4,0,Firefox-20210714_22-00-35
0.969563,1e-08,0.996268,0.124341,26.6761,6830.1667,6792.3,209109315688064.44,0,AESCrypt-20200526_01-32-14
0.336673,-0.0,0.996059,0.446442,113.5278,29071.7333,859.5,490528873422923.56,0,SDelete-20200516_01-45-54
0.922946,6.9e-07,0.996538,0.201063,47.5746,12179.2333,19920.9,165099551125333.28,1,Ryuk-20201216_20-18-25
0.351584,0.00078087,0.650568,0.20621,0.0176,4.5333,6.6333,482583874110005.6,1,GandCrab4-20200828_22-39-01
0.98585,-1.3e-07,0.995768,0.056778,8.8921,2276.4,4452.7667,3134353433947620.0,0,Zip-20200420_15-57-06
0.548847,-5.43e-06,0.993659,0.146585,1.3007,333.1333,372.5333,2047580956859124.5,0,Excel-20210701_22-44-18
0.994258,-1.4e-07,0.995664,0.00155,0.1661,42.6667,189.2667,141669081747845.3,0,Zip-20201209_22-32-20
0.844521,4.1e-07,0.999632,0.242779,26.2585,6722.2,6422.2333,1299370613402054.2,1,WannaCry-20200805_21-59-36
0.525513,8.67e-06,0.995146,0.163319,1.5431,396.4333,1019.6667,2081493758983450.5,0,Excel-20210701_23-07-32
0.145639,-1.896e-05,0.994922,0.265672,0.3538,90.9,3301.5,332149623542392.56,0,Firefox-20210714_22-37-47
0.989602,1e-07,0.996002,0.042986,10.7444,2750.6,4956.5333,187952866713721.1,0,Zip-20200427_18-22-02
0.981791,7.4e-07,0.996153,0.100921,6.2175,1591.7333,1.3333,70966192240990.3,1,Darkside-20210611_00-54-39
0.323186,-0.06136806,0.463625,0.166785,0.0008,0.2333,2326.2333,5232741022095.24,1,GandCrab4-20200829_01-29-54
0.389882,0.00020418,0.594204,0.139993,0.0038,0.9667,27.8333,4632047128728.12,1,TeslaCrypt-20200414_16-01-02
0.417589,0.00222659,0.51641,0.097005,0.0016,0.4,1.4333,5437190905929.7,1,Sodinokibi-20211006_22-54-38
0.991481,6e-08,0.996227,0.04179,1.8076,462.7333,277.0,4907400808401.09,0,AESCrypt-20200526_01-40-49
0.725871,6.53e-06,0.99591,0.280811,4.536,1161.2667,888.0667,473266568970125.94,1,Cerber-20200807_18-07-10
0.975108,-1.5e-07,0.996306,0.110685,10.9282,2797.9333,4370.4667,57878181162065.95,0,AESCrypt-20201126_23-23-18
0.44868,-1.74e-06,0.991581,0.177286,1.5491,396.9333,35.2333,4313572319515115.5,0,Firefox-20210618_00-03-32
0.981868,3e-08,0.9962,0.085508,14.7723,3781.7667,1486.7333,18684116558634.07,1,WannaCry-20201029_22-36-56
0.580705,4.282e-05,0.989424,0.211737,0.9382,240.3667,655.2,1670774840581629.8,0,Excel-20210708_18-04-14
0.98121,2.3e-07,0.999632,0.096081,25.7361,6588.4667,6537.0,744039455667553.8,1,WannaCry-20200805_21-55-47
0.988799,-1e-08,0.9963,0.060345,35.2103,9013.8667,9260.9,265837648486707.47,1,TeslaCrypt-20200729_18-56-45
0.978661,5e-07,0.996223,0.099091,4.8074,1230.7,13304.7667,1360050145185815.5,1,Sodinokibi-20200824_22-20-58
0.714241,9.02e-06,0.99661,0.28486,4.2052,1076.6,963.3667,485070674783212.75,1,Cerber-20200807_18-23-01
0.994201,-0.0,0.996467,0.002939,24.9574,6420.7667,2605.7667,680363866650814.5,1,Ryuk-20201119_19-47-21
0.455039,3.82e-06,0.995953,0.206674,2.2783,583.4,50.1667,382427510651546.06,0,Firefox-20210714_22-00-35
0.609543,9.1e-07,0.996111,0.310457,22.3206,5714.1333,2783.9,2751127887474983.0,1,Ryuk-20200822_00-32-05
0.452037,2.962e-05,0.994842,0.215712,1.1179,288.4,1841.7333,1491890069721692.2,0,Excel-20210702_00-00-36
0.297513,0.00425262,0.544776,0.151819,0.0053,1.3667,0.0,5362776954347.16,1,GandCrab4-20200829_02-27-08
0.518094,2.16e-06,0.991581,0.047181,0.3086,79.0,0.2667,312049510106179.7,0,Firefox-20210617_23-21-03
0.543084,-9.73e-06,0.994109,0.152545,1.3789,353.1333,543.1333,2075270416276152.2,0,Excel-20210701_22-39-11
0.643676,-4.27e-06,0.996279,0.29452,7.2862,1865.3333,243.4333,250663989913124.2,1,Darkside-20210609_19-24-48
0.828279,-5.76e-06,0.996235,0.288956,2.9423,753.2667,8.8,528529284039833.4,1,Sodinokibi-20200825_20-53-42
0.959113,-2.197e-05,0.996063,0.154121,0.969,248.1333,0.8333,131102950327419.11,1,Darkside-20210607_18-09-09
0.493099,-2.218e-05,0.995931,0.304073,3.3069,846.7333,385.6,274627408472880.47,1,GandCrab4-20210126_22-07-06
0.993717,-2e-08,0.995964,0.024112,0.8522,218.3667,239.7667,21848021966146.46,0,AESCrypt-20210120_23-13-48
0.993725,-3e-08,0.995971,0.023175,1.2259,314.0,472.5667,1.0963635489963772e+16,0,Excel-20210708_23-27-08
0.749459,2.69e-06,0.99609,0.284398,4.2489,1124.9667,564.5667,474403058856038.06,1,Cerber-20200806_23-57-41
0.56127,-8.35e-06,0.99442,0.20769,1.1039,282.6333,384.0333,1520873322778165.5,0,Excel-20210701_23-41-10
0.911423,-6.5e-07,0.99637,0.210129,34.809,8911.3667,5397.7667,398620711240255.5,1,Sodinokibi-20211007_21-43-21
0.98659,2.9e-07,0.995994,0.038307,10.6888,2736.3667,4746.2333,20181949609967.79,0,Zip-20201215_19-31-00
0.263717,6.3e-07,0.994508,0.248079,0.2018,51.8333,2097.5667,294758710070988.5,0,Firefox-20210617_22-15-49
0.68895,-6.43e-06,0.996234,0.295634,4.4982,1151.5667,474.2667,391648505984306.3,1,Darkside-20210604_00-12-40
0.57139,-0.0006495,0.99577,0.339683,0.2058,52.7,5.2333,362856228249030.75,1,Darkside-20210603_22-33-58
0.99416,1.8e-07,0.995853,0.002735,0.3311,85.0667,339.4,348317615469474.25,0,Zip-20201210_19-12-32
0.337898,0.0,0.995736,0.444548,116.5722,29852.6,1265.7,468771461129795.5,0,SDelete-20200516_02-48-49
0.994278,-0.0,0.996029,0.001263,4.9921,1280.3,1316.8667,59792423352854.85,1,TeslaCrypt-20210121_22-05-45
0.094575,1.476e-05,0.995044,0.236287,0.545,139.6,8.3667,383571048568206.0,0,Firefox-20210610_23-20-21
0.338167,1.86e-06,0.996286,0.442197,7.7735,1990.8667,63.9333,225938142435314.56,0,SDelete-20200415_15-33-51
0.987505,1e-08,0.99585,0.045621,10.8083,2767.0,6178.4667,251365605901809.72,0,Zip-20200526_02-45-37
0.973675,1.9e-07,0.996251,0.112407,8.8103,2255.4667,4279.1333,137142997797814.7,0,AESCrypt-20200427_16-29-10
0.394808,-0.00014278,0.714224,0.216688,0.3638,93.1667,0.5333,430410101688343.44,0,Firefox-20210617_22-00-56
0.555957,-1.347e-05,0.670677,0.101382,0.4936,126.5333,122.6,390071592878944.4,0,Excel-20210708_21-44-34
0.413376,-5.54e-06,0.9856,0.19181,1.4648,375.1333,33.7667,1420782373672900.2,0,Firefox-20210617_23-21-03
0.993764,4e-08,0.995957,0.022862,1.3057,334.5,324.9667,1.2062287668955924e+16,0,Excel-20210708_22-35-48
0.366906,6.933e-05,0.612327,0.148465,0.0556,14.2333,18.4667,743150995977335.1,0,Excel-20210707_19-49-55
0.994161,2e-08,0.995949,0.011356,0.8883,227.5667,430.4333,26024744709247.64,0,Zip-20201210_20-05-06
0.944593,1.252e-05,0.996068,0.175404,2.3936,612.9333,711.0333,287513356362942.8,0,AESCrypt-20200516_01-04-14
0.99406,-1e-08,0.996034,0.015609,2.518,644.8333,765.1333,1.1109396529687918e+16,0,Firefox-20210716_23-26-55
0.761523,1.65e-06,0.99616,0.302798,14.0346,3593.0,1108.0333,940904571327196.0,1,Sodinokibi-20200825_00-36-13
0.986367,0.0,0.99585,0.055048,10.9585,2805.4667,6124.5667,46620542026425.16,0,Zip-20200526_02-55-21
0.994286,-0.0,0.99618,0.00502,13.8162,3537.2,147.9667,68885543847306.43,0,SDelete-20210121_00-38-17
0.094911,1.811e-05,0.994901,0.23438,0.4662,119.6667,20.2,368264036796175.06,0,Firefox-20210611_00-25-47
0.417375,1.587e-05,0.987533,0.216292,1.2087,309.7333,36.1,1792849580917979.0,0,Firefox-20210617_21-54-16
0.908936,6.8e-06,0.996248,0.207211,1.2975,332.1667,62.0667,250528442419516.3,1,Ryuk-20201217_21-44-55
0.973679,1.53e-06,0.995994,0.085744,4.9849,1276.1667,3971.1,7160238935216384.0,0,Zip-20200420_15-10-33
0.594038,1.4e-07,0.996349,0.302302,20.2486,5183.7333,5018.9333,2238441079795576.8,1,GandCrab4-20200828_21-28-56
0.550416,-6.16e-06,0.996009,0.264387,5.9867,1532.6333,214.0,197575515553478.16,1,Darkside-20210608_17-28-33
0.994213,-4e-08,0.995703,0.001507,0.1958,50.4333,294.1667,4538337769717209.0,0,Zip-20201210_19-54-00
0.672385,4.15e-06,0.996097,0.310005,5.8525,1498.2333,819.9667,438212015041376.4,1,GandCrab4-20200828_23-19-04
0.607184,3.142e-05,0.989424,0.224522,1.0388,266.1333,592.6333,3659400207460543.5,0,Excel-20210707_19-40-55
0.753055,8.4e-07,0.996089,0.299756,5.3482,1369.2333,904.3,222903674257061.1,1,GandCrab4-20210126_22-44-54
0.685663,-1.2e-07,0.996329,0.308483,13.4462,3442.3667,1994.6333,565525467890694.9,1,GandCrab4-20200829_02-33-45
0.542606,1.477e-05,0.670677,0.078769,0.8331,213.4333,243.6333,345895375607456.2,0,Excel-20210708_22-11-45
0.528841,1.394e-05,0.995912,0.167899,0.6492,166.4,321.0,4137123805747569.0,0,Excel-20210708_18-15-31
0.272769,0.00168568,0.642815,0.159217,0.0103,2.6333,7.8,4968021387408862.0,1,GandCrab4-20200828_18-10-48
0.724631,-4.26e-06,0.996076,0.315854,5.74,1469.4667,1208.6333,408692188212181.4,1,Ryuk-20200820_17-21-01
2.5e-05,0.0,0.393919,0.003127,2.0668,529.1,0.0,120481418661.21,1,WannaCry-20200422_15-55-46
0.6226,4.54e-06,0.996327,0.320393,10.8978,2789.9333,5074.7,3109440024488824.5,1,Ryuk-20201027_22-08-41
0.993228,-6e-08,0.995809,0.031023,0.5141,131.8,693.8667,4050575847120668.0,0,Firefox-20210717_00-20-12
0.946488,3.4e-07,0.999632,0.167723,65.6737,16812.9,10201.3333,194907856591754.03,1,WannaCry-20201202_22-21-24
0.533239,-9.21e-06,0.993673,0.137291,1.2017,307.8,523.3667,1969851403489153.5,0,Excel-20210701_22-50-01
0.97553,-2e-08,0.996314,0.103969,28.958,7413.3333,7052.9333,20841458798909.84,1,Cerber-20210126_20-35-19
0.636138,4.41e-06,0.996067,0.292225,4.203,1076.0,677.2333,396483873273698.5,1,Darkside-20210607_19-47-44
0.992167,-2e-08,0.995953,0.005884,4.6,1177.6,1531.2333,103502425685304.42,0,Zip-20200516_03-26-28
0.519352,7.85e-06,0.995686,0.180616,1.2723,325.8667,804.5667,1.0217337129245646e+16,0,Excel-20210707_20-55-44
0.680795,-4.2e-07,0.99631,0.309831,14.2378,3644.9667,2592.8,528282728686170.2,1,GandCrab4-20200829_01-47-52
0.991149,2e-08,0.99624,0.046412,33.8421,8663.6333,8550.4,277178966675359.28,1,TeslaCrypt-20200729_18-47-34
0.993998,-1e-08,0.99599,0.017265,2.4312,622.8333,560.3667,7841681380611358.0,0,Firefox-20210717_00-06-50
0.994047,-1.6e-07,0.996028,0.003374,0.2194,56.5667,210.2,291290400086209.5,0,Zip-20201210_19-38-32
0.330659,0.00050102,0.477461,0.107364,0.0125,3.2,8.6333,23491260118535.95,1,Ryuk-20200822_00-44-15
0.336278,5e-08,0.99584,0.450404,33.1439,8487.3,292.7,320949745587120.3,0,SDelete-20200427_15-48-25
0.972879,-7e-06,0.996299,0.120115,1.7728,453.8667,0.0,18788209130550.32,1,Darkside-20210714_20-11-36
0.60089,2.03e-06,0.995469,0.318316,2.9294,749.9333,406.5667,7888147089204921.0,0,Excel-20210707_21-23-17
0.963051,2.5e-07,0.99627,0.139315,16.4531,4212.6333,7121.3667,247476807120999.16,0,AESCrypt-20200516_01-04-14
0.965994,-1.8e-07,0.996238,0.133934,16.4096,4201.0,8808.4,474465557384156.25,1,Sodinokibi-20200825_02-02-37
0.413447,-0.00204629,0.870439,0.304444,0.0318,8.1333,0.8,644400772796071.9,1,Darkside-20210609_20-11-51
0.512346,5.42e-06,0.994716,0.170533,1.2165,312.4667,1078.6333,2251389922454361.5,0,Excel-20210701_23-54-57
0.484813,-6.48e-06,0.993159,0.208096,1.1662,299.0,1646.5667,1287981800266840.2,0,Excel-20210701_22-28-40
0.430805,4.69e-06,0.991581,0.17616,1.4149,362.6667,2.9667,817358086298554.5,0,Firefox-20210617_23-35-32
0.993779,0.0,0.996238,0.01893,26.5351,6793.7333,3281.3,226339219223043.56,1,WannaCry-20200729_19-53-07
0.416863,-0.0042049,0.697432,0.12523,0.0055,1.4,1.6667,25866432046252.15,1,GandCrab4-20200829_02-49-55
0.543314,1.366e-05,0.670677,0.07854,0.8483,217.2667,244.2,358415902240683.75,0,Excel-20210708_21-49-25
0.647311,4.4e-07,0.996129,0.304961,6.1314,1569.6333,1208.5333,3042274746185608.0,1,GandCrab4-20200828_19-29-30
0.094451,1.475e-05,0.995044,0.234454,0.5607,143.5667,93.7333,429714385559900.8,0,Firefox-20210617_23-13-25
0.528678,-3.77e-06,0.995897,0.290687,5.959,1525.5333,735.8,2965576103453900.5,1,GandCrab4-20200829_03-08-49
0.402347,-0.00043118,0.655872,0.172307,0.0658,16.9333,92.1,215432496016018.12,1,TeslaCrypt-20210616_20-08-38
0.930348,-5e-08,0.996188,0.185283,16.3159,4176.9667,4641.1,92258933053777.11,1,Darkside-20210714_20-19-04
0.66061,-1.57e-06,0.99622,0.31598,8.9411,2289.0,1329.9,2463420152688591.0,1,Sodinokibi-20200824_18-42-51
0.535673,-1.4e-07,0.99631,0.305827,2.3871,611.1333,832.1667,2171245046960217.2,1,Ryuk-20200822_00-01-55
0.979551,-1.9e-07,0.996348,0.096669,13.9523,3572.1667,2901.7,55943371278493.84,0,AESCrypt-20201126_22-38-44
0.275679,-0.00044327,0.994659,0.227122,0.0293,7.5,281.4,103572419028032.33,0,Firefox-20210610_23-56-12
0.629505,8.91e-06,0.995864,0.309152,3.9682,1015.9,1269.9,456677121958489.9,1,GandCrab4-20200827_02-18-55
0.523127,-8.93e-06,0.991988,0.142637,1.2859,329.7,1051.8667,1643975137805362.8,0,Excel-20210701_23-01-57
0.969976,1.5e-07,0.996163,0.122597,9.6551,2471.7333,4370.4667,269062091104937.97,0,AESCrypt-20200420_11-46-24
0.699783,-4.5e-07,0.996426,0.308596,13.0309,3336.0667,2264.2333,525333937800153.6,1,GandCrab4-20200829_01-56-58
0.99391,-5.3e-07,0.995942,0.018708,0.3272,84.0333,319.2667,1539662004309798.5,0,Zip-20201210_19-54-00
0.988244,-5e-08,0.995912,0.044463,8.6736,2220.4333,5003.1333,8156676170497.37,0,Zip-20201215_19-43-13
0.975505,1.82e-06,0.995994,0.072014,4.4278,1133.5333,3934.2667,281614255993073.6,0,Zip-20200427_18-18-30
0.993469,-1e-07,0.995945,0.025399,0.978,251.6,461.7333,3222554707201034.5,0,AESCrypt-20210120_22-22-23
0.523675,-4.24e-06,0.995435,0.145598,0.99,253.6333,744.0,7238300585603509.0,0,Excel-20210707_21-16-02
0.537271,-1.085e-05,0.993573,0.135296,1.3359,342.1667,525.6,2285871246768736.5,0,Excel-20210701_23-13-43
0.994295,7.7e-07,0.995553,0.000483,0.025,6.4,52.3333,197632.0,0,AESCrypt-20200420_11-41-59
0.568293,2.174e-05,0.97645,0.127219,0.2328,59.6,223.5,144240281923688.16,0,Excel-20210707_21-16-02
0.790031,8.93e-06,0.996154,0.304604,2.5356,649.1333,37.9,319323136272058.8,1,Sodinokibi-20211007_02-02-42
0.993949,9e-08,0.995916,0.018604,0.6958,178.2667,282.0,6690515815513025.0,0,AESCrypt-20210120_22-49-06
0.549149,4.55e-06,0.996056,0.31656,6.3047,1614.0,1227.7667,2268906993949943.5,1,GandCrab4-20200829_03-51-30
0.339945,1e-08,0.995762,0.442847,37.0352,9486.5,421.1667,372220145728571.44,0,SDelete-20200415_16-07-54
0.994002,7e-08,0.996089,0.017235,0.816,209.0667,215.7333,5906400243415280.0,0,AESCrypt-20210120_22-49-06
0.73865,-6.699e-05,0.995887,0.31281,1.3895,355.7333,135.0667,1.1365974981344726e+16,1,GandCrab4-20200829_01-21-37
0.336098,9e-08,0.995923,0.45102,33.9604,8696.2,296.7667,309669484361567.25,0,SDelete-20200427_15-57-15
0.96399,1.4e-07,0.996305,0.137786,14.4776,3707.0,2755.5667,275414994099902.56,0,AESCrypt-20200526_01-21-48
0.521158,1.718e-05,0.989424,0.115907,0.7733,198.1667,317.1667,246131518611111.44,0,Excel-20210707_21-47-18
0.454281,2.85e-06,0.999418,0.199462,2.0761,531.6667,45.6667,981993109873227.6,0,Firefox-20210610_23-33-03
0.989909,-3.05e-06,0.995698,0.062944,0.1323,34.0333,1040.9,669079122287012.5,0,Firefox-20210716_23-20-19
0.713792,-0.0005301,0.995552,0.350337,0.2246,57.5333,23.6,1.1151859407534538e+16,1,GandCrab4-20200828_17-56-09
0.958669,-4.3e-07,0.996292,0.146036,22.9377,5872.5,4191.5,504039748165879.5,1,Sodinokibi-20200825_01-28-46
0.972119,2.3e-07,0.996278,0.116926,15.1545,3880.0,6827.3333,541628923867592.3,0,AESCrypt-20200516_00-53-53
0.994182,0.0,0.996211,0.00963,6.1702,1580.3667,2565.1667,623424141371578.9,0,Zip-20201210_20-05-06
0.994282,0.0,0.996216,0.005223,19.8416,5079.8333,268.6,51620022953349.91,0,SDelete-20210121_00-38-17
0.817602,-2.15e-06,0.99636,0.278075,20.3072,5198.8,1842.7333,446843504790890.2,1,Sodinokibi-20201205_00-20-42
0.954229,2.7e-07,0.996351,0.164123,39.3335,10069.5333,9880.4667,43697876336393.05,1,TeslaCrypt-20210624_00-16-22
0.974272,9e-08,0.996251,0.111864,27.9656,7160.2667,7471.6,293694698812207.75,0,AESCrypt-20200526_01-36-31
0.990912,6.5e-07,0.995953,0.030694,1.8372,470.3333,965.2,231425855064790.78,0,Zip-20200516_03-36-14
0.973232,7.5e-07,0.99625,0.114716,2.8091,719.1333,807.0333,210544265290702.03,0,AESCrypt-20200427_16-52-26
0.589469,3.85e-06,0.996088,0.349838,9.0727,2322.6667,1188.0333,220659604417753.4,1,GandCrab4-20210126_23-09-35
0.434992,-8.71e-06,0.995692,0.20345,1.9635,502.8667,40.3333,1204367793222972.2,0,Firefox-20210617_22-36-15
0.451825,-1.83e-06,0.995953,0.227076,1.9608,501.9667,157.3667,786338094596920.9,0,Firefox-20210611_00-20-20
0.993772,-7e-08,0.995913,0.023082,1.342,343.7667,492.8667,1.2531007096493702e+16,0,Excel-20210708_23-45-46
0.422945,-0.00029061,0.878242,0.252684,0.229,58.7,71.2333,219746365640984.66,1,Darkside-20210602_19-39-51
0.994285,-0.0,0.996158,0.005101,22.7285,5818.8333,260.9667,17043573708211.15,0,SDelete-20210121_00-13-22
0.993875,2.8e-07,0.995941,0.020398,0.5677,145.4333,238.7333,3936989099109661.0,0,AESCrypt-20210120_22-54-00
0.972906,-3e-08,0.996344,0.116018,18.4336,4719.1333,4767.3333,106821844962147.94,0,AESCrypt-20200427_17-04-45
0.67,1.04e-06,0.996304,0.302731,7.6293,1953.1667,1008.9333,371721784746621.4,1,Darkside-20210527_23-48-23
0.993921,-6e-08,0.996002,0.019088,1.237,316.9,200.4333,1.0860006366656742e+16,0,Firefox-20210716_23-52-35
0.087728,1.075e-05,0.994901,0.236801,0.4412,113.0333,42.1,327168892189734.94,0,Firefox-20210714_22-57-54
0.635177,-3.35e-06,0.996119,0.293594,9.2194,2360.4333,1121.9,153444783270917.2,1,GandCrab4-20210126_22-29-31
0.993009,-1e-08,0.996624,0.032073,41.4572,10613.0667,10913.1333,16075708394299.92,1,GandCrab4-20200828_00-13-13
0.284998,-0.00028799,0.678185,0.12895,0.0397,10.1667,0.6667,389606190646384.44,1,Darkside-20210608_17-14-11
0.80329,7.45e-06,0.996406,0.291073,8.6473,2213.8667,852.3333,7521839577575131.0,1,GandCrab4-20200829_02-18-18
0.975357,0.0,0.99646,0.109435,30.7451,7871.2333,7793.2333,226839313889430.53,1,GandCrab4-20200828_03-29-15
0.33854,1e-08,0.995811,0.442681,112.3357,28768.9333,782.8,543898258162023.25,0,SDelete-20200516_03-00-19
0.523677,1.32e-05,0.99608,0.246676,4.7562,1217.8,1275.8333,133913042294651.95,1,Darkside-20210714_19-32-29
0.151199,5.643e-05,0.994922,0.238409,0.3576,91.6,287.2333,434769394399939.44,0,Firefox-20210610_23-56-12
0.620968,-9e-06,0.99603,0.355205,3.1416,807.1,377.0667,1840681093926658.2,1,Sodinokibi-20211004_23-44-55
0.992998,1e-08,0.996395,0.028617,29.9634,7670.6333,7566.5333,16120745553600.54,1,Cerber-20200805_19-34-10
0.967481,1.2e-07,0.996464,0.127725,55.8024,14286.8,8363.4333,110886084399478.38,1,WannaCry-20200610_00-21-30
0.960943,4e-08,0.996316,0.152243,37.4314,9582.5333,9104.2333,39207213786038.92,1,TeslaCrypt-20210126_19-57-42
0.99429,0.0,0.996453,0.004806,23.8343,6101.9,181.9333,58259063704741.78,0,SDelete-20210121_01-17-51
0.57883,-8.15e-06,0.995661,0.284116,2.3824,609.9333,405.1667,179788559264946.16,1,Cerber-20200806_23-48-02
0.339757,0.0,0.996059,0.441501,110.4548,28287.1333,1050.5333,535626697820704.75,0,SDelete-20200516_01-45-54
0.958978,1.16e-06,0.996269,0.144471,9.3357,2406.2,3607.2333,1027785718796376.0,1,GandCrab4-20200828_03-53-08
0.992872,9e-08,0.996139,0.017752,2.0123,539.6333,693.9,415301219135494.56,1,Cerber-20210121_19-35-03
0.993815,2e-08,0.995853,0.021957,1.4966,383.3333,318.3,698891026129598.1,0,Firefox-20210717_00-12-47
0.954874,1.97e-06,0.996302,0.158713,12.1757,3116.9667,9283.8,786286059008161.2,1,Ryuk-20200821_00-50-46
0.627823,-1e-08,0.996137,0.299512,9.8301,2516.5,1201.9,2874716239989486.0,1,Sodinokibi-20200824_17-47-34
0.665383,-3.7e-07,0.996165,0.30211,7.6472,1957.7333,987.8333,380685444233930.9,1,Darkside-20210603_22-00-49
0.452013,2.46e-06,0.995953,0.20507,2.2691,581.0667,16.3,379302406783359.25,0,Firefox-20210714_22-16-14
0.782617,7e-08,0.99625,0.284358,104.4551,26740.5,26494.8667,1159153608136524.0,1,Cerber-20200730_01-42-07
0.378195,3.28e-06,0.924725,0.302827,1.3569,351.7667,190.1333,712260719596171.5,1,Sodinokibi-20211013_22-18-00
0.141986,-4.95e-06,0.994922,0.264872,0.3472,89.1667,3302.9,337093457594107.06,0,Firefox-20210714_22-08-39
0.96788,-9e-08,0.996501,0.129901,72.3835,18530.3,13302.9333,36909474211860.6,1,Ryuk-20210624_00-57-13
0.323645,-0.00062229,0.67174,0.194326,0.0107,2.7667,35.3667,4653483674506586.0,0,Firefox-20210617_23-06-08
0.993821,-1e-08,0.996033,0.021443,1.2635,323.8333,317.6667,551847318231801.44,0,AESCrypt-20210120_23-13-48
0.458228,-9e-08,0.995863,0.28429,7.0062,1808.0333,396.6,311735401471015.0,1,Darkside-20210602_22-34-35
0.993622,2e-08,0.996168,0.009384,4.1976,1106.0667,4272.9333,359644870827823.9,1,Sodinokibi-20210120_19-23-36
0.397765,-2.4e-07,0.978872,0.307371,4.4188,1146.6333,106.9,680095532503305.9,1,Sodinokibi-20200825_00-41-15
0.439627,5.178e-05,0.99481,0.190527,0.0975,26.1667,3.7333,322224448702105.06,1,Darkside-20210608_17-52-10
0.979278,-1e-08,0.996289,0.094284,54.8997,14054.5333,6838.6667,41563741480794.76,1,WannaCry-20201029_22-21-04
0.562809,-6.15e-06,0.99442,0.19824,0.9585,245.4,409.3667,1854935502141482.5,0,Excel-20210702_00-22-07
0.97463,1.7e-07,0.996148,0.107868,13.1772,3422.8333,227.1,376395171075634.3,1,Sodinokibi-20200824_23-18-08
0.537628,-8.66e-06,0.994019,0.140734,1.3304,340.6333,388.6333,1985991999473316.0,0,Excel-20210702_00-16-52
0.993668,0.0,0.996393,0.020947,88.0976,22553.0333,22912.7667,151126326217213.62,1,GandCrab4-20200827_03-15-19
0.859582,9.81e-06,0.99606,0.317205,4.8848,1250.6,907.2667,3066183469509290.0,1,GandCrab4-20200829_04-27-42
0.987998,7e-08,0.99597,0.052623,13.0694,3345.8667,5235.3333,215769139424758.72,0,Zip-20200526_02-55-21
0.848304,-0.00010887,0.996007,0.271185,0.5229,133.8667,43.8,2958567400844238.5,1,Ryuk-20200821_01-43-17
0.335888,8e-08,0.995752,0.449994,35.111,8990.6667,300.0,269520405019310.3,0,SDelete-20200427_16-01-24
0.534385,9.384e-05,0.926957,0.209724,0.2901,74.3,361.6333,1400790496175417.5,0,Excel-20210702_00-11-34
0.33731,6.8e-07,0.996147,0.445394,12.3829,3171.1667,84.2,314976836389235.1,0,SDelete-20200526_02-06-37
0.645071,1.44e-05,0.996232,0.301899,3.2973,844.1333,1527.9667,1048952067254463.1,1,Cerber-20200807_02-13-02
0.9766,-2e-08,0.996442,0.106489,27.1083,6940.5,7167.1333,100817298891905.0,0,AESCrypt-20200526_00-44-12
0.436664,-3.4e-07,0.991581,0.172583,1.3737,352.0,29.1333,875083713974687.6,0,Firefox-20210617_22-48-55
0.16412,1.496e-05,0.994922,0.276991,0.349,89.7333,64.5333,386562247060988.9,0,Firefox-20210611_00-31-32
0.664998,-6.365e-05,0.98569,0.326328,0.4986,127.6667,337.3667,662971488086551.4,1,Ryuk-20200821_18-44-51
0.802198,-3.6e-07,0.996157,0.284732,19.5823,5013.1667,1755.7,704862752530061.0,1,Sodinokibi-20211006_22-26-09
0.520898,-1.323e-05,0.995686,0.179349,1.3314,340.8667,362.5,9989485226822090.0,0,Excel-20210707_21-28-02
0.357087,2.29e-06,0.983154,0.337091,11.0016,2853.1667,195.7333,539095602404605.6,1,Sodinokibi-20211006_21-59-35
0.964549,1.9e-07,0.99616,0.136362,16.4466,4210.8667,3563.8,894098593148252.9,0,AESCrypt-20200526_01-32-14
0.636819,3.14e-06,0.996056,0.31317,6.4819,1659.3667,7966.6333,2077451831402900.2,1,Sodinokibi-20200826_00-53-21
0.507011,7.07e-06,0.995035,0.338088,5.996,1556.2,388.5667,706804475149795.5,1,Sodinokibi-20211013_17-43-25
0.991742,-2.8e-07,0.995714,0.007593,2.1811,558.3667,679.1667,44022666997892.72,0,Zip-20200427_18-03-08
0.367495,-0.00029374,0.906993,0.150317,0.05,12.8,4.6667,627762113097162.2,1,Sodinokibi-20200825_17-39-16
0.984904,-8e-08,0.996239,0.075661,3.6576,936.3333,890.2,116599187067511.56,0,AESCrypt-20200526_01-36-31
0.993247,-2.5e-07,0.995866,0.030934,0.5263,134.9,2698.7667,3595688179606275.0,0,Firefox-20210716_23-41-03
0.978685,-3e-08,0.996255,0.099885,28.8175,7377.5333,6613.1667,100437469290335.92,1,GandCrab4-20200828_19-05-45
0.992519,4e-08,0.996388,0.032575,20.2348,5181.4,7562.8333,297638942000368.44,1,Cerber-20200729_17-29-30
0.994246,3e-08,0.996075,0.006737,1.0169,260.3667,0.0,21062816411880.85,1,Darkside-20210717_00-52-10
0.536758,-5.76e-06,0.995927,0.24542,3.9298,1006.0333,213.0,220510338223734.66,1,Darkside-20210604_00-27-59
0.972599,7.6e-07,0.996397,0.12067,18.6223,4767.3,6536.5333,614735121458475.9,1,Ryuk-20200821_01-09-59
0.679202,-8e-07,0.996146,0.311369,13.7937,3531.2667,3843.9333,550410086808623.0,1,GandCrab4-20200827_03-15-19
0.331922,-0.0006107,0.799526,0.185109,0.0201,5.1667,0.7,82394380146779.64,1,Darkside-20210602_19-39-51
0.854994,-1.074e-05,0.996041,0.287675,3.2566,836.6333,0.8667,310189889063421.25,1,Darkside-20210528_00-19-51
0.132487,6.49e-06,0.994922,0.261482,0.3281,84.1667,3208.3667,331488227032270.7,0,Firefox-20210714_22-16-14
0.927024,-6.1e-07,0.996358,0.191867,39.567,10129.4667,5900.3333,270785839525204.6,1,Sodinokibi-20211007_21-57-41
0.36216,0.00345198,0.635376,0.178543,0.0087,2.3333,37.8333,44509122535823.37,0,Firefox-20210714_21-42-43
0.338591,-0.0,0.995886,0.442497,99.4276,25465.0,1174.3,563211036188569.8,0,SDelete-20200526_01-51-28
0.980214,8.7e-07,0.995994,0.061378,6.4944,1662.6333,5203.8,278082900558387.22,0,Zip-20200516_03-52-41
0.411665,5.46e-06,0.886933,0.202388,1.2298,314.8333,53.8333,796850416893588.4,0,Firefox-20210617_23-55-59
0.983786,5.7e-07,0.995994,0.050141,7.4959,1919.0,4871.3,30322693767259.95,0,Zip-20201215_19-26-57
0.882266,4.16e-06,0.996161,0.231218,9.1731,2348.3667,5104.1333,1523317465049444.2,1,Cerber-20200807_21-24-51
0.971897,-3e-08,0.996196,0.119781,26.678,6830.6667,6851.9667,162049790082211.5,0,AESCrypt-20200516_00-59-41
0.720803,-3.194e-05,0.992486,0.316067,1.4737,377.3333,290.4333,222705811206559.94,1,Sodinokibi-20211014_19-29-37
0.656408,8.4e-07,0.996056,0.309307,7.3166,1873.1,2570.8,547748798962478.6,1,Ryuk-20200821_22-36-02
0.965308,2.31e-06,0.996167,0.135085,4.6172,1182.9667,1298.2667,440182957933411.5,1,Cerber-20200807_02-58-59
0.303165,-2.11e-06,0.980918,0.340305,6.6728,1722.8667,108.5333,456887660407394.1,1,Sodinokibi-20210209_22-42-17
0.339951,6.8e-07,0.995768,0.439083,11.3526,2906.3,86.2333,211387224064648.9,0,SDelete-20201208_22-44-54
0.459664,3.95e-06,0.995953,0.200234,2.2261,570.0667,41.5333,379390087711687.56,0,Firefox-20210714_22-37-47
0.894173,6.19e-06,0.996025,0.243617,6.6169,1693.9667,1813.8667,825197743880994.5,1,TeslaCrypt-20200611_21-12-05
0.960201,-2.1e-07,0.996254,0.14556,5.158,1320.7667,1490.0,986329709453203.6,1,Cerber-20200807_02-19-17
0.708934,7.27e-06,0.996042,0.300276,7.174,1836.8,1240.1,182813711864905.6,1,Darkside-20210714_19-56-37
0.532576,1.392e-05,0.670384,0.08144,0.5914,151.5333,232.2,323243324769335.9,0,Excel-20210708_22-01-42
0.991948,0.0,0.996375,0.0407,69.4167,17770.7,18073.9667,16513391602041.21,1,TeslaCrypt-20200805_17-37-39
0.993688,-1e-08,0.996222,0.019443,21.262,5443.5333,5540.3,13982628258784.19,1,Cerber-20200805_19-09-09
0.989856,0.0,0.995912,0.031618,12.7278,3258.3333,5405.2,10425564840463.56,0,Zip-20201215_19-26-57
0.538442,2.87e-06,0.996082,0.31177,8.7264,2234.1,1708.7,396657838894096.9,1,Ryuk-20201217_19-26-52
0.737308,-2.1e-07,0.996142,0.285459,4.3571,1115.4667,649.6667,450932993213524.3,1,Cerber-20200807_02-19-17
0.554706,1.727e-05,0.99213,0.192556,1.1862,303.7,286.8333,1733193177790452.2,0,Excel-20210702_00-22-07
0.381576,-0.00012021,0.692902,0.161548,0.1168,29.9667,179.0667,277445394514709.3,1,TeslaCrypt-20200521_02-17-15
0.106355,9.824e-05,0.994922,0.220051,0.193,49.7,21.5667,368248598902022.06,0,Firefox-20210610_23-43-40
0.99398,-5e-08,0.995873,0.017743,0.3933,100.8667,446.8667,477806938368812.0,0,Zip-20201209_22-23-26
0.992885,0.0,0.996382,0.030055,54.8673,14046.0333,14273.7333,28209224927261.76,1,Cerber-20200730_02-04-29
0.505647,3.491e-05,0.989823,0.349053,1.5349,397.5,132.0667,436156029751866.94,1,GandCrab4-20200828_21-16-03
0.504712,-3.17e-06,0.995817,0.327722,3.0281,853.0333,646.9667,2822082397058143.5,1,Sodinokibi-20200826_00-10-59
0.365911,-0.01770206,0.605812,0.15547,0.0014,0.4,0.8667,19248863043166.55,1,Sodinokibi-20211006_22-06-20
0.364821,-4e-08,0.883088,0.153656,1.9922,510.0667,29.9667,64977168669445.94,1,Ryuk-20200821_18-39-59
0.404989,1.004e-05,0.994569,0.210743,1.4218,364.0,108.0333,1134216429370486.2,0,Firefox-20210611_00-37-11
0.98954,8e-08,0.996002,0.042738,10.577,2707.7333,4922.9667,178488313158270.9,0,Zip-20200427_18-18-30
0.632819,-5.03e-06,0.996112,0.340906,3.427,879.8,382.5667,1713078848027088.8,1,Sodinokibi-20211013_19-37-44
0.42127,7.729e-05,0.883426,0.205022,0.4284,109.7,1.3,454823864470087.75,0,Firefox-20210610_23-26-28
0.990995,-1.66e-06,0.995778,0.055929,0.1139,29.2667,220.0333,3854080812732025.0,0,Firefox-20210717_00-06-50
0.81434,2.139e-05,0.995925,0.299059,2.8963,741.5,1179.8333,944266523574848.9,1,TeslaCrypt-20200729_18-10-13
0.88971,1.17e-06,0.996259,0.23543,43.7994,11212.8333,12832.6,1108713973829889.5,1,Ryuk-20200820_19-09-41
0.72002,-0.00041712,0.995642,0.350078,0.1414,36.2333,8.7333,6534191703545605.0,1,GandCrab4-20200827_03-01-29
0.342567,-1e-08,0.996147,0.438375,103.0344,26389.6667,743.8667,770007155018718.5,0,SDelete-20200526_02-06-37
0.497744,-1.49e-06,0.996042,0.284183,5.174,1324.5667,955.4,2895468837799123.5,1,GandCrab4-20200829_03-34-01
0.336021,1e-08,0.995895,0.449813,99.3367,25430.4333,755.4667,166900023475989.06,0,SDelete-20201208_22-26-59
0.790128,-1.74e-06,0.996048,0.298759,4.1261,1115.6,948.1,479793596009513.75,1,Ryuk-20200821_20-44-58
0.703008,1.165e-05,0.996012,0.288963,3.2508,883.0333,680.6,312879367475575.5,1,Darkside-20210602_21-42-15
0.160346,-6.56e-06,0.994922,0.277972,0.3403,87.1333,62.3333,390815911067548.0,0,Firefox-20210610_23-49-44
0.43047,3.908e-05,0.939571,0.295505,0.5504,141.3333,377.2,623219767412349.0,1,Sodinokibi-20200824_18-47-50
0.426315,-4.09e-06,0.995692,0.207148,2.2164,567.5667,56.8667,1034979577763121.9,0,Firefox-20210610_23-26-28
0.471814,5.1e-06,0.995821,0.233705,3.0447,779.4333,272.8667,328638876616054.94,1,Darkside-20210604_00-20-26
0.588642,2.924e-05,0.996137,0.285008,1.1231,287.6,482.9667,667272502015844.1,1,Cerber-20200807_18-27-51
0.951901,1.8e-07,0.996342,0.157841,83.6221,21408.1,22249.0333,261334612423744.44,1,Sodinokibi-20211013_00-41-18
0.337465,3e-08,0.995923,0.446043,40.0235,10250.5,283.7,150484779097802.97,0,SDelete-20200427_15-57-15
0.641161,-2.68e-06,0.99598,0.283041,3.694,993.6333,397.5,257300141233228.2,1,Darkside-20210603_23-39-07
0.375142,-1.78e-06,0.94308,0.103287,3.6131,925.1333,662.1667,229268928609936.2,1,Darkside-20210604_00-12-40
0.340635,-0.00037948,0.549492,0.146158,0.0653,16.7333,1.4667,474450941237787.4,1,Sodinokibi-20211013_22-36-04
0.43748,-1.82e-06,0.995673,0.167908,3.3693,862.5667,165.2667,108329488955228.06,1,Darkside-20210608_19-00-19
0.110977,-2.235e-05,0.993702,0.226634,0.3139,80.4667,88.9667,370626572886283.44,0,Firefox-20210610_22-34-03
0.426822,-1.07e-06,0.987533,0.205859,1.36,348.3333,72.5333,4707352023663832.0,0,Firefox-20210617_22-36-15
0.629255,7.5e-07,0.996037,0.292255,2.8647,795.4333,243.5333,371275836898140.3,1,Darkside-20210617_00-05-43
0.315019,-0.08333706,0.463751,0.152803,0.0007,0.1667,0.0,85116140.8,1,GandCrab4-20200828_18-19-16
0.800067,-9.11e-06,0.99602,0.320954,1.0661,274.5667,146.6,2885758561399363.0,1,Ryuk-20200821_23-15-13
0.643303,-1.69e-06,0.996364,0.294645,11.2895,2890.1333,2247.4333,2008793918121323.0,1,GandCrab4-20200828_19-15-22
0.977037,-5e-08,0.996297,0.100007,29.8372,7638.4333,7812.3,18286012739559.4,1,Cerber-20210126_20-24-41
0.994097,1e-08,0.996029,0.014692,1.1557,295.9667,438.4,2187370522974208.5,0,AESCrypt-20210120_23-13-48
0.752452,1.59e-06,0.996035,0.296954,4.4116,1205.8333,742.7333,465733841393688.7,1,GandCrab4-20200828_03-14-34
0.782062,3.7e-07,0.996342,0.300887,37.1861,9519.7,19275.2,1463957591450246.2,1,Sodinokibi-20200826_02-00-22
0.98028,7.4e-07,0.995994,0.061785,6.768,1732.6333,5157.8333,250021598687519.94,0,Zip-20200516_03-46-13
0.99389,2e-08,0.996019,0.020309,1.3808,353.6333,378.0333,9730536006151138.0,0,Excel-20210708_23-27-08
0.361183,4.92e-06,0.726279,0.147117,0.1736,44.5,349.9667,925802821238730.2,1,Cerber-20200806_23-52-59
0.336579,-3e-08,0.995756,0.443047,39.0521,10003.3667,296.3667,220889965438324.44,0,SDelete-20200415_15-49-05
0.292362,2.076e-05,0.668183,0.090553,0.1333,34.1333,26.9667,235609783956980.0,1,Sodinokibi-20200826_02-05-14
0.78463,-1.466e-05,0.996079,0.310255,6.5407,1674.5333,809.6,907956038936434.6,1,Ryuk-20200820_19-05-08
0.993005,-0.0,0.996447,0.032112,39.8033,10189.6333,10466.8,75068928725088.6,1,GandCrab4-20200827_02-18-55
0.533626,7.11e-06,0.669276,0.112212,0.3466,88.9,77.5667,352322237386836.06,0,Excel-20210708_22-01-42
0.985427,-4e-08,0.995768,0.061151,8.665,2218.2667,4287.6,3298209740634568.0,0,Zip-20200420_15-41-03
0.76862,5.2e-07,0.996048,0.300423,4.6041,1249.9,1025.7333,417127303560245.6,1,Ryuk-20200821_00-07-57
0.991473,0.0,0.996246,0.043055,5.1046,1306.8333,0.8333,28247077540964.32,1,Darkside-20210609_20-20-22
0.548103,-1.051e-05,0.671415,0.117722,0.1971,50.5333,60.2,187950908715305.8,0,Excel-20210708_22-06-31
0.255335,-5.64e-06,0.982776,0.317739,5.5524,1433.5,115.1667,418486788046013.0,1,Sodinokibi-20200825_00-51-27
0.659,-7.59e-06,0.993923,0.263287,1.1977,306.7333,244.1,8253457348833124.0,0,Excel-20210708_18-09-42
0.145426,7.79e-05,0.995953,0.307653,0.5951,152.5,85.2667,394715259744228.94,0,Firefox-20210610_23-26-28
0.989241,1.7e-07,0.995709,0.049215,3.5941,920.1667,1299.4667,4460556746422.21,0,Zip-20201215_19-43-13
0.34044,1e-08,0.995861,0.438737,107.0094,27407.1667,1135.2667,762450391320896.2,0,SDelete-20200526_02-24-19
0.294886,-0.0003231,0.69745,0.149438,0.0707,18.1,39.3,1052167546873132.4,1,GandCrab4-20200829_00-38-15
0.878683,-7.7e-07,0.996235,0.242301,34.0581,8719.4667,6755.6333,391365382222608.8,1,Sodinokibi-20211007_02-25-46
0.190629,0.00019281,0.994922,0.255991,0.2642,67.7,285.0333,402441686551044.94,0,Firefox-20210611_00-20-20
0.389802,-0.0004799,0.732972,0.189385,0.0538,13.8333,589.2333,446271762877306.7,1,Sodinokibi-20200824_19-32-00
0.989479,2.81e-06,0.99583,0.047338,0.938,240.1333,393.8333,34197524055316.24,0,Zip-20200516_03-49-10
0.34823,2.38e-06,0.984542,0.33447,10.7774,2795.7,145.2667,486464134480059.94,1,Sodinokibi-20211012_22-01-38
0.537751,-9.2e-06,0.669667,0.106952,0.5855,150.0667,193.6,313170838799244.4,0,Excel-20210707_19-29-33
0.989064,-6e-08,0.995912,0.038943,8.8773,2272.6,4827.8667,4467624673196.54,0,Zip-20201215_19-35-06
0.247862,0.0010299,0.603076,0.172588,0.0207,5.3,264.4667,75344038887723.05,0,Firefox-20210617_23-21-03
0.977458,4.5e-07,0.995994,0.073958,6.7331,1723.7333,5082.3667,779974002995649.6,0,Zip-20200526_03-02-54
0.985432,-1.1e-07,0.996271,0.081643,48.2611,12357.0,8663.7,71264784513893.23,1,GandCrab4-20200828_01-33-46
0.379184,0.00050934,0.605812,0.146179,0.0043,1.1,0.8667,199197361025214.66,1,Darkside-20210608_17-35-47
0.472294,1.714e-05,0.993159,0.213276,1.14,292.1333,2125.3667,1318189291293102.2,0,Excel-20210701_23-41-10
0.490215,-1.002e-05,0.993239,0.238891,1.2495,320.3667,2099.6,1691416489026599.5,0,Excel-20210701_23-01-57
0.993714,-1e-08,0.995943,0.019659,10.371,2654.9667,1280.0,82048599859150.61,1,WannaCry-20200805_21-47-04
0.386794,-8.558e-05,0.91563,0.241893,0.2089,54.2667,454.9667,1527835238930309.5,0,Excel-20210701_23-49-20
0.986855,2.6e-07,0.995994,0.036843,11.0082,2818.1333,4972.6667,19374684802778.54,0,Zip-20201215_19-39-01
0.732438,-3.19e-06,0.996269,0.302367,7.8616,2012.5667,1369.9667,438381394323535.44,1,GandCrab4-20200827_01-32-01
0.340465,-5e-08,0.995977,0.445932,37.1641,9518.0333,428.9,156198049277881.8,0,SDelete-20200427_16-15-58
0.518237,2.22e-06,0.994854,0.166448,1.1067,283.3333,1019.5667,1995956791469978.5,0,Excel-20210702_00-11-34
0.994288,0.0,0.996453,0.004806,13.6139,3485.3667,81.5333,44257119873849.23,0,SDelete-20210121_00-19-43
0.969774,5.9e-07,0.995768,0.114362,9.165,2346.2667,4542.6,3242982035434597.0,0,Zip-20200420_15-06-48
0.994119,-0.0,0.995989,0.013536,2.563,656.2333,111.2,4359347923934221.5,0,Firefox-20210717_00-12-47
0.162347,1.12e-06,0.994508,0.213035,0.0925,23.8333,260.8,374323675584657.2,0,Firefox-20210617_21-54-16
0.450597,-2.788e-05,0.669614,0.224581,0.24,62.3,973.3,890846494130019.8,0,Excel-20210701_22-39-11
0.67422,-6.96e-06,0.995972,0.310029,4.0506,1097.4,491.6333,387977372152190.0,1,Ryuk-20200820_17-28-05
0.503808,-1.378e-05,0.995912,0.152057,1.2856,329.2667,513.8667,1.0315631399493212e+16,0,Excel-20210707_19-40-55
0.814901,3.691e-05,0.995937,0.307558,2.198,562.7,10356.7667,1968259960061885.8,1,Ryuk-20200821_17-01-10
0.082355,-3.73e-06,0.994901,0.214828,0.5708,146.2333,76.1667,373645372439618.3,0,Firefox-20210610_22-47-29
0.803254,2.52e-06,0.996294,0.290339,9.9486,2546.9667,694.8,1047346675608272.0,1,Sodinokibi-20200825_00-41-15
0.960698,1e-08,0.996534,0.141787,69.0393,17674.3,24309.2667,123996611151979.67,1,Sodinokibi-20201205_00-20-42
0.749819,1.7e-06,0.996205,0.303559,14.1679,3627.0667,1402.3333,525524994624489.4,1,Sodinokibi-20211013_00-57-40
0.925609,6.6e-07,0.996287,0.197951,47.8631,12253.1,21269.2,162218869274039.2,1,Ryuk-20210624_01-04-07
0.994271,-0.0,0.996451,0.004746,24.2732,6220.0667,2616.1333,3483490452129903.0,1,Darkside-20210717_00-52-10
0.321387,0.01942839,0.443772,0.131489,0.0009,0.2667,391.4667,222085977382792.0,1,GandCrab4-20200828_17-22-05
0.444366,-5e-08,0.99601,0.271399,12.1606,3270.1667,784.2,319002626055004.56,1,Darkside-20210602_19-20-10
0.326745,-0.00160574,0.51279,0.147976,0.003,0.7667,9.2333,170251531247201.4,1,Cerber-20200807_00-37-14
0.178887,0.00022623,0.994757,0.240914,0.2567,65.7667,286.1333,392968638163468.3,0,Firefox-20210611_00-14-43
0.516617,-8.47e-06,0.719093,0.046023,0.2086,53.4,3.1667,802924868314229.0,0,Firefox-20210617_23-13-25
0.97363,2e-07,0.996382,0.11547,16.9164,4330.6667,4412.3667,114355758353389.98,0,AESCrypt-20200420_11-17-39
0.751162,4.2e-06,0.996086,0.3496,6.6496,1702.3,1867.0667,2407878534862832.5,1,GandCrab4-20200829_03-01-45
0.352235,-0.00010038,0.994451,0.309627,0.5926,151.7,65.9667,611494840900644.4,0,Firefox-20210611_00-20-20
0.525147,4.51e-06,0.962516,0.183595,1.1748,300.7667,314.6,1722423759197332.0,0,Excel-20210702_00-11-34
0.930365,-3.6e-07,0.996399,0.189419,65.2589,16707.9667,16580.8667,199620587457017.16,1,Sodinokibi-20210209_21-45-32
0.99385,2.3e-07,0.995944,0.019275,0.7665,196.3667,442.3,8652384788230095.0,0,Excel-20210708_23-00-26
0.792749,-2.48e-06,0.996124,0.286495,4.5475,1233.7,1237.5,383063104173548.2,1,Ryuk-20200821_20-34-10
0.994195,-3e-08,0.996138,0.010937,1.9679,503.9667,722.2333,8630712259617979.0,0,AESCrypt-20210120_22-22-23
0.54481,-0.00010782,0.670227,0.104759,0.2041,52.3,37.2,345676292166248.06,0,Excel-20210708_21-56-09
0.667749,-5.8e-06,0.995993,0.292803,4.3797,1121.2667,496.4667,496302884484481.3,1,Cerber-20200807_00-32-25
0.609054,6.15e-06,0.995918,0.328405,3.4598,886.0667,772.8667,1846597824763826.5,1,Sodinokibi-20200824_17-47-34
0.976799,2e-08,0.996554,0.104263,81.006,20738.9,21723.1667,55157490062858.94,1,Sodinokibi-20211013_00-52-07
0.993962,-3e-08,0.99622,0.018848,2.0592,527.3667,245.6667,8154722037213303.0,0,Firefox-20210717_00-20-12
0.278544,-0.00027975,0.994733,0.224892,0.0284,7.2667,281.0667,105744675552873.36,0,Firefox-20210611_00-37-11
0.633555,-7.03e-05,0.995898,0.37158,1.6049,413.6333,103.7333,535493196850860.1,1,Sodinokibi-20211006_22-06-20
0.990537,3e-08,0.995834,0.032173,12.7643,3267.7,5317.2333,129393332148681.23,0,Zip-20200526_02-45-37
0.761688,8.3e-07,0.996213,0.313406,14.0534,3603.3333,499.0333,785714632688876.4,1,Sodinokibi-20211013_22-36-04
0.981893,5e-08,0.996026,0.08434,5.937,1519.8667,1137.1333,43687969378155.35,1,WannaCry-20200707_23-41-40
0.699754,-5e-08,0.996182,0.308437,11.5927,2967.7667,1260.4,2186036889674719.2,1,Sodinokibi-20211014_20-21-28
0.920788,-8e-07,0.996046,0.193872,14.4847,3708.1,2251.1667,1127428083791895.5,1,WannaCry-20200805_18-03-46
0.985127,3.8e-07,0.996234,0.076357,13.7718,3536.5,796.7667,59210579811299.23,1,GandCrab4-20200828_18-42-18
0.994084,-1e-08,0.996165,0.015064,3.1014,794.1667,279.3,6420932829602819.0,0,Firefox-20210716_23-13-43
0.44164,4.65e-06,0.995912,0.23917,7.3241,1875.2667,866.3,139298868613400.1,1,Darkside-20210714_19-40-33
0.849894,-7e-07,0.9963,0.292767,24.3208,6241.7667,1807.2,297651982701892.56,1,Darkside-20210607_18-02-24
0.940762,1.9e-07,0.99635,0.176419,58.4624,14968.0667,27764.6667,650817001293132.8,1,Sodinokibi-20200825_00-07-24
0.627863,1.52e-06,0.996091,0.310368,8.8223,2258.5,1504.3333,2839717082502753.0,1,Ryuk-20200821_23-35-28
0.454099,-8.4e-07,0.995643,0.154557,1.0703,274.0333,1779.7,1251667020519161.2,1,Sodinokibi-20200824_18-20-52
0.975422,-1.9e-07,0.99621,0.110377,17.4336,4463.2333,4486.1,103666719054206.12,0,AESCrypt-20200427_17-04-45
0.742858,1.791e-05,0.995999,0.318754,4.2606,1090.7667,732.8667,6426954277796090.0,1,Ryuk-20200821_21-58-19
0.126927,4.4e-06,0.994922,0.259292,0.3229,82.8,67.6667,338915754897826.25,0,Firefox-20210714_21-53-48
0.974179,-9e-08,0.996352,0.113826,18.2061,4660.8667,4279.3,196872910217647.22,0,AESCrypt-20200420_11-41-59
0.17518,0.000188,0.994757,0.237859,0.2607,66.9333,803.9,472599873824393.5,0,Firefox-20210617_22-22-18
0.563772,-0.00016626,0.892155,0.192048,0.102,26.1,384.7667,1098148181500040.6,0,Excel-20210701_23-01-57
0.526752,-1.58e-06,0.995857,0.289259,1.4914,381.8333,7431.9333,307254846938691.1,1,Ryuk-20200821_00-44-06
0.99396,1e-07,0.995903,0.018321,0.6438,164.9333,114.7,79540273538621.17,0,AESCrypt-20210120_23-01-42
0.993926,-0.0,0.99642,0.015852,80.5309,20615.9,21525.1667,17787874547826.49,1,GandCrab4-20200828_01-40-14
0.335313,6e-08,0.995712,0.448306,35.8503,9179.8333,411.8667,328829576819496.44,0,SDelete-20200427_15-35-09
0.97989,9.2e-07,0.995994,0.061407,6.1926,1585.3667,4970.5333,291643517970028.3,0,Zip-20200516_03-56-35
0.108414,0.0001951,0.994508,0.196286,0.1072,27.5667,587.4667,337236331164222.25,0,Firefox-20210714_22-50-41
0.540327,5.8e-07,0.994102,0.192743,1.1539,295.5667,549.7333,2200384180481128.2,0,Excel-20210701_23-07-32
0.99375,7e-08,0.995902,0.023094,1.2992,332.7667,630.3333,1.0714108665729418e+16,0,Excel-20210708_23-40-10
0.39146,-5.04e-06,0.955533,0.236483,0.9308,240.5333,1535.8,1009144385700789.2,0,Excel-20210701_22-56-38
0.985957,-1.8e-07,0.99585,0.055938,10.8344,2773.6667,6162.0667,321702457989588.1,0,Zip-20200516_03-32-57
0.776808,-4.9e-07,0.996131,0.295837,21.7981,5580.9,2175.1,1131051114998879.5,1,Sodinokibi-20210209_22-07-15
0.235126,7.202e-05,0.994922,0.266316,0.2427,62.2667,2014.7667,468195435625662.44,0,Firefox-20210617_22-48-55
0.722434,-4e-08,0.996038,0.301914,4.7761,1222.8,766.3667,255963292449661.84,1,GandCrab4-20210126_22-54-12
0.990377,2e-08,0.99597,0.03875,12.909,3304.8,5251.5,467313963719997.6,0,Zip-20200516_03-32-57
0.960995,-4.4e-07,0.996104,0.150502,14.0996,3609.5333,3578.1333,102745001682534.33,1,TeslaCrypt-20200707_22-14-31
0.259428,-0.00011075,0.993702,0.331915,0.4459,114.1667,2158.0667,1537788745949233.8,0,Firefox-20210617_23-42-02
0.184414,2.236e-05,0.994922,0.282339,0.3818,97.7667,1772.3333,1250820004311189.8,0,Firefox-20210617_23-49-05
0.977139,2e-08,0.996248,0.103102,17.7529,4544.9333,4235.4,134730369265332.56,0,AESCrypt-20200420_11-17-39
0.968826,-4e-08,0.996478,0.128163,26.5607,6800.5333,6734.8667,215775366765299.5,0,AESCrypt-20200526_01-09-55
0.993855,-5e-08,0.99594,0.021053,1.621,415.2333,489.9,4589964112655928.0,0,Firefox-20210717_00-06-50
0.994087,-1.6e-07,0.995906,0.015143,0.5474,140.2,219.3333,44814442041060.4,0,Zip-20201210_20-05-06
0.567272,-2.66e-06,0.995788,0.287697,2.8917,740.3,1146.8333,428271376994298.94,1,Cerber-20200807_02-19-17
0.674321,2.7e-07,0.99619,0.300822,11.7317,3003.4,2716.8,549155641019348.6,1,GandCrab4-20200829_02-03-38
0.337955,0.0,0.995762,0.442927,99.4166,25462.0667,1185.1,197039108196094.84,0,SDelete-20200526_01-46-46
0.440909,3.843e-05,0.995881,0.233163,0.4866,125.4,557.0,1823486921628762.0,1,Sodinokibi-20200825_01-15-00
0.840402,4.59e-06,0.999632,0.279636,16.0076,4097.9667,3169.4,756391660331066.1,1,WannaCry-20200610_18-56-52
0.992911,0.0,0.996317,0.032499,92.8214,23762.3333,24439.9333,9381674794999.59,1,GandCrab4-20200828_02-15-20
0.460147,-3.35e-06,0.995726,0.106348,1.2473,319.3667,1919.5,767389006338987.9,1,Sodinokibi-20200825_01-06-13
0.427092,-3.59e-06,0.842714,0.199856,1.3379,342.5333,1.5,511724599967496.25,0,Firefox-20210617_23-21-03
0.297646,-5.089e-05,0.925725,0.21873,0.1878,48.1667,58.8667,467980152971933.94,1,Sodinokibi-20211007_01-52-01
0.978635,1.46e-06,0.995994,0.061217,4.8155,1232.8,3845.2667,6885785463913007.0,0,Zip-20200420_15-48-51
0.35006,-0.00018959,0.962126,0.281368,0.0801,20.5667,10.7667,973790885464500.1,1,Ryuk-20200821_18-23-03
0.994028,0.0,0.995978,0.016521,2.6455,677.5333,538.0,6253350371367687.0,0,Firefox-20210717_00-20-12
0.98657,-1.1e-07,0.996269,0.076311,14.3009,3661.0333,3073.6,387435344221654.4,1,Ryuk-20200821_01-09-59
0.506426,7.91e-06,0.995435,0.167251,1.3229,339.9333,832.0333,1.0865898348979064e+16,0,Excel-20210707_21-11-24
0.954895,-6.8e-06,0.996044,0.159975,1.8817,481.7333,690.1333,184944185631229.38,0,AESCrypt-20200526_01-27-25
0.962829,2.6e-07,0.99616,0.127261,18.4873,4732.7667,2986.2,1081083472437373.9,1,WannaCry-20200805_18-22-53
0.426424,-2.06e-06,0.991581,0.180841,1.3763,352.4333,30.9,1016142554592853.9,0,Firefox-20210617_23-42-02
0.375182,0.00116671,0.654868,0.161971,0.0201,5.2,5.5333,32918613896531.75,1,Darkside-20210617_19-29-34
0.425774,2.84e-06,0.844406,0.179938,1.3989,359.4,44.2,537420454644819.56,0,Firefox-20210617_21-47-27
0.338266,2e-08,0.995866,0.444227,35.5471,9103.7,409.7,159173490966659.0,0,SDelete-20200427_16-12-07
0.603311,-9.01e-06,0.99125,0.315235,1.8803,481.6,234.1667,4209120622389813.0,0,Excel-20210707_19-35-58
0.95036,-1.2e-07,0.996328,0.158776,65.5668,16785.7667,6496.8,247044626653718.97,1,Sodinokibi-20211012_22-22-56
0.360059,0.00013424,0.79629,0.243398,0.0341,8.8,5.6,1.2547706910575108e+16,0,Firefox-20210617_21-47-27
0.979091,3.4e-07,0.996263,0.097993,30.3194,7761.8333,12938.0667,424750258906348.9,1,Cerber-20200729_03-55-43
0.521827,1.059e-05,0.995912,0.172288,0.603,154.4667,390.8667,4224730286215962.0,0,Excel-20210707_21-28-02
0.97689,0.0,0.99638,0.104127,27.7504,7104.8333,7491.2333,251681295674309.28,0,AESCrypt-20200516_01-20-52
0.72312,-2.78e-06,0.996001,0.336051,2.7035,692.2333,1062.2333,366050191787953.3,1,TeslaCrypt-20200521_01-42-30
0.350974,2.76e-06,0.980037,0.339192,10.3032,2669.5,189.8,539305778316319.94,1,Sodinokibi-20211007_20-04-47
0.993803,-0.0,0.996291,0.018404,78.0611,19983.6333,19858.5667,437264018731724.8,1,GandCrab4-20200827_03-01-29
0.337581,2e-08,0.996029,0.44782,64.0378,16393.9,409.2667,185996127922512.72,0,SDelete-20201208_22-22-19
0.665615,-1.194e-05,0.995939,0.292518,3.8901,995.9333,492.4,294438079470367.2,1,Cerber-20210126_20-14-09
0.539095,-4.38e-06,0.995989,0.255691,5.6702,1451.6333,225.0667,224483817112210.9,1,Darkside-20210527_23-56-17
0.49965,-6.8e-07,0.814855,0.108767,0.4005,102.7,215.2333,318247773473878.5,0,Excel-20210708_21-44-34
0.268439,0.00072222,0.618102,0.17202,0.0224,5.7667,4.5333,645057389664660.9,1,Sodinokibi-20200826_02-10-07
0.260309,0.00025327,0.994508,0.247891,0.1934,49.6667,1644.1333,473760505767791.75,0,Firefox-20210617_22-36-15
0.974088,-8e-08,0.996313,0.112174,28.0153,7172.8667,7580.7667,417851936883180.6,0,AESCrypt-20200516_01-12-44
0.375681,0.00013293,0.605812,0.135702,0.007,1.8333,0.5667,465347918342314.4,1,Sodinokibi-20211007_02-08-29
0.33856,0.0,0.995796,0.44502,116.5748,29854.8333,792.0333,997998642210115.2,0,SDelete-20200526_02-00-40
0.36392,5.18e-06,0.99085,0.350593,9.4782,2455.3667,332.9333,566923120198798.1,1,Sodinokibi-20211006_19-21-54
0.927102,2.4e-07,0.99615,0.19244,10.2684,2628.9333,2698.0333,193955467359525.75,1,Darkside-20210607_19-55-49
0.97334,-7e-08,0.996279,0.114045,28.2068,7221.3667,7601.9,377804195786091.44,1,GandCrab4-20200828_19-52-42
0.992485,-1.1e-07,0.995814,0.019999,2.1017,538.0333,776.8333,23847193809665.62,0,Zip-20200420_15-10-33
0.966264,8e-08,0.996242,0.133012,26.4192,6764.5333,6646.3333,169195423840173.9,0,AESCrypt-20200526_00-44-12
0.641068,-2e-07,0.996073,0.333195,17.0874,4383.0333,1503.2667,2204221635300362.5,1,Sodinokibi-20211014_19-29-37
0.052937,3.1e-06,0.788045,0.132023,5.4997,1408.3,0.3,222956245905859.78,1,WannaCry-20200513_21-50-28
0.410578,-4.23e-06,0.999684,0.198023,1.3398,343.2667,38.1,1267508703513972.2,0,Firefox-20210610_23-20-21
0.988358,2e-08,0.99585,0.040634,11.0607,2831.5667,6131.0333,342308076146535.2,0,Zip-20200516_03-43-17
0.988844,-6e-08,0.995846,0.038053,5.5315,1416.1,2913.6,4302377718444.28,0,Zip-20201215_19-06-34
0.828408,-1.11e-06,0.996289,0.286639,36.885,9442.9,5273.1667,818934396430511.5,1,Sodinokibi-20211004_23-44-55
0.988304,4e-08,0.99585,0.040381,11.0308,2823.9667,6049.7,222698091630881.03,0,Zip-20200526_02-51-42
0.337644,3e-08,0.995827,0.445399,38.1808,9778.0,289.3667,227999760479522.72,0,SDelete-20200415_15-59-21
0.993669,-1.3e-07,0.996023,0.024937,0.9556,244.8,175.8,9193663987752672.0,0,Firefox-20210717_00-00-24
0.946484,2.4e-07,0.996301,0.166786,58.3791,14946.1333,30147.5333,194850477004689.4,1,Sodinokibi-20210209_22-36-49
0.993856,-5e-08,0.996144,0.021019,1.3048,334.2,383.9,1.2023464257462912e+16,0,Excel-20210708_23-00-26
0.990679,8e-08,0.995912,0.020434,9.2099,2357.7333,4950.0,253264395319214.72,0,Zip-20200420_15-44-56
0.678112,1.39e-06,0.996175,0.305413,9.6301,2465.5,2663.5667,490113338393877.2,1,GandCrab4-20200827_02-44-19
0.993907,8e-08,0.995956,0.019497,1.1782,301.7333,296.0,9542423663717024.0,0,Excel-20210708_22-35-48
0.95286,-1.1e-07,0.99597,0.171594,2.7728,709.8333,354.1,1.3257343948996916e+16,1,GandCrab4-20200828_23-19-04
0.380724,1.904e-05,0.81912,0.307253,0.3676,95.6667,3.2667,699135889533792.9,1,Sodinokibi-20211012_23-41-02
0.485992,9.11e-06,0.993239,0.220737,1.171,300.0667,1688.5,1273482670461354.5,0,Excel-20210702_00-22-07
0.966047,-1e-08,0.99645,0.129063,55.2888,14154.7,14784.6667,90052349717882.66,1,Ryuk-20201217_19-32-15
0.993962,-5e-08,0.995926,0.018065,0.7333,187.8667,212.1333,1.2067047533871588e+16,0,Excel-20210708_23-27-08
0.925195,2.66e-06,0.996217,0.203084,5.4131,1404.1667,2368.6333,8995376368889607.0,1,GandCrab4-20200829_01-00-07
0.994252,-0.0,0.996213,0.001487,9.4207,2419.0,2288.6667,216615243565131.28,1,TeslaCrypt-20210121_22-11-44
0.560763,2.154e-05,0.996152,0.283956,1.9808,507.1667,3883.6667,1939111660690028.0,1,Sodinokibi-20211014_20-21-28
0.412575,-2.38e-06,0.844838,0.199815,1.1672,298.9333,2.8667,874389043307181.9,0,Firefox-20210617_23-06-08
0.992736,4.5e-07,0.9958,0.002943,0.9,230.4,328.9,254840832.0,0,Zip-20200526_02-42-08
0.988218,-1.9e-07,0.995953,0.055102,4.1386,1059.6,1520.3333,5224443947726.26,0,Zip-20201215_19-26-57
0.573629,-4.64e-06,0.999632,0.4399,26.1032,6682.7,1304.0,330756923410458.8,1,WannaCry-20201202_19-25-42
0.993215,0.0,0.99625,0.025954,48.9164,12522.6,12540.4,5105137083259.11,1,Cerber-20200730_02-04-29
0.993333,1.21e-06,0.995706,0.030288,0.2641,67.7,145.8,1395226939059799.8,0,Firefox-20210716_23-20-19
0.104079,0.00015787,0.994508,0.194393,0.2145,55.1667,95.7333,328110012720932.0,0,Firefox-20210714_22-57-54
0.633315,-2.64e-06,0.995912,0.297162,3.1594,808.8,328.9333,385016300501866.56,1,Cerber-20200729_17-23-52
0.46438,-1.711e-05,0.91563,0.20199,0.2049,52.5,738.9667,1031221710435347.4,0,Excel-20210701_23-13-43
0.986144,0.0,0.995846,0.053717,10.7525,2752.7333,6218.0667,356029146746759.7,0,Zip-20200516_03-26-28
0.993994,1e-08,0.996163,0.0173,1.9096,489.2,445.1667,1.1716275109973558e+16,0,Excel-20210708_23-40-10
0.545794,-9.4e-07,0.996369,0.331585,14.3818,3738.3,368.0,585104962360952.1,1,Darkside-20210527_23-48-23
0.955719,1e-08,0.996402,0.151469,68.5545,17552.1,24888.7,183388113045417.66,1,Sodinokibi-20211013_22-18-00
0.991668,-0.0,0.996232,0.043126,68.6791,17581.9667,18049.5333,245838273876519.94,1,TeslaCrypt-20200729_00-47-52
0.371637,-4.358e-05,0.927859,0.308539,0.1939,50.6333,82.2667,302433059903173.7,1,Sodinokibi-20211013_22-52-05
0.751339,8.02e-06,0.996036,0.353897,4.3803,1127.7333,421.8333,1.047608108774156e+16,1,GandCrab4-20200828_17-28-45
0.750176,-2.713e-05,0.991821,0.292297,0.7374,188.8,156.6667,125635786872227.23,1,Sodinokibi-20211018_19-47-16
0.993158,-1e-08,0.99642,0.028115,47.2958,12107.7333,5962.7667,214956645402950.16,1,WannaCry-20200729_19-45-26
0.342727,-4e-07,0.995691,0.429876,4.7646,1220.3667,51.7333,398495365427246.2,0,SDelete-20200516_01-57-43
0.419923,-8.07e-06,0.875633,0.206471,1.2432,318.4333,27.5,581817874440647.0,0,Firefox-20210617_22-07-20
0.52967,7.66e-06,0.670885,0.087513,0.7497,192.0667,168.1667,337147575628025.7,0,Excel-20210708_21-56-09
0.994267,-1e-08,0.99614,0.005865,3.4708,888.5333,1530.9,499071730655.35,1,Cerber-20200730_01-21-20
0.96866,0.0,0.996395,0.123599,28.9485,7411.7333,7914.4667,299453568935732.7,1,Cerber-20200807_18-23-01
0.373859,-2.18e-05,0.813675,0.273894,0.6943,179.4,4.4333,686391608647985.6,1,Sodinokibi-20211013_00-41-18
0.994213,0.0,0.996514,0.002386,55.2833,14217.2333,14524.6333,412928585671759.7,1,Ryuk-20201119_19-32-15
0.572535,4.288e-05,0.989424,0.20204,0.9173,235.0333,631.5333,240684637592114.38,0,Excel-20210708_18-15-31
0.973138,-1e-07,0.996367,0.11572,17.5201,4485.3333,4036.4,139224054424689.1,0,AESCrypt-20200427_16-36-30
0.752346,-2.013e-05,0.991641,0.302356,1.5049,385.3333,341.6,198001354577183.56,1,Sodinokibi-20211007_20-04-47
0.449518,1.83e-06,0.995953,0.206859,2.2871,585.7,14.1667,413229465837508.06,0,Firefox-20210714_22-50-41
0.740539,-3.3e-07,0.996489,0.286935,29.6837,7599.0333,7648.6333,1253122088378193.8,1,Cerber-20200805_19-28-41
0.827697,-1.19e-06,0.996323,0.285889,36.994,9470.7333,5347.1333,1101164890951715.4,1,Sodinokibi-20200825_17-44-24
0.584381,-3.6e-07,0.996081,0.313985,6.0718,1554.4,1589.5333,2205074414248865.8,1,GandCrab4-20200829_03-17-01
0.993858,-5e-08,0.996152,0.020323,1.6165,414.2,434.7333,3635400193183513.0,0,AESCrypt-20210120_23-01-42
0.993957,9e-08,0.995991,0.018889,1.2809,328.0667,486.4333,9518142929563192.0,0,Excel-20210708_23-22-23
0.536729,1.361e-05,0.995912,0.151124,0.6953,178.2,443.3,4261291869452805.5,0,Excel-20210707_19-54-06
0.990845,-3.7e-07,0.995971,0.032813,3.5419,906.7333,1215.9667,65764143785610.2,0,Zip-20200420_15-57-06
0.993728,-3e-08,0.996136,0.018578,5.929,1517.8333,1867.3333,328108864283822.94,1,Cerber-20200729_17-46-15
0.829671,-1.17e-06,0.99633,0.285119,37.7309,9659.5333,5719.7,1064592500807934.8,1,Sodinokibi-20200825_17-49-34
0.58174,-1.77e-06,0.996144,0.304517,4.0124,1027.2,9412.0,2412263818563961.5,1,Sodinokibi-20200826_00-45-12
0.463175,3.3e-07,0.995775,0.406366,11.582,2987.4333,832.4333,1689873099954744.2,1,Sodinokibi-20211014_19-42-40
0.398554,9.09e-06,0.994569,0.208546,1.3918,356.5,111.3667,1046154124284469.9,0,Firefox-20210611_00-31-32
0.34294,1.3e-07,0.995736,0.434205,4.8371,1238.7,38.3,362513682109327.06,0,SDelete-20200516_02-48-49
0.340108,-3e-08,0.995921,0.446634,40.753,10437.2333,263.9,157346321497740.5,0,SDelete-20200427_15-40-11
0.990714,1e-07,0.995709,0.035034,4.6273,1184.6,1834.2667,1851453456652.52,0,Zip-20201215_19-17-58
0.993622,0.0,0.996749,0.02083,53.9741,13817.3667,13770.2667,4700866130250.67,1,Cerber-20200730_01-21-20
0.321707,-0.02468521,0.529138,0.186246,0.0013,0.3333,0.0,357871460938627.56,1,Darkside-20210603_22-25-22
0.426642,-4.08e-06,0.995953,0.226952,1.9754,505.8667,118.6667,541782837316123.9,0,Firefox-20210617_22-00-56
0.41175,-0.0001517,0.930174,0.211696,0.4012,102.7333,1.9333,399356709372520.1,0,Firefox-20210610_22-47-29
0.772592,4.53e-06,0.996259,0.292837,3.8408,1058.8,812.6,475865688443524.0,1,Ryuk-20200821_00-07-57
0.39622,4.901e-05,0.84177,0.207959,0.8137,208.5,0.8333,219651364650306.34,0,Firefox-20210714_21-53-48
0.347478,-0.0015645,0.760202,0.203623,0.0215,5.6,12.8,483180994956474.1,1,GandCrab4-20200829_01-56-58
0.589489,1.01e-06,0.995972,0.281754,6.4929,1662.2667,811.6333,368387821116906.0,1,Darkside-20210527_23-48-23
0.421389,-2.838e-05,0.730585,0.1115,0.4378,112.1667,2481.5667,754624303897700.9,1,Sodinokibi-20211005_00-05-58
0.9939,-4e-07,0.996074,0.009811,0.4917,127.3,414.1667,440097453674223.56,1,Cerber-20210121_20-20-55
0.994233,-0.0,0.996198,0.00768,8.6375,2212.9333,2304.0,90603442726765.53,1,GandCrab4-20201124_22-14-48
0.520717,2.063e-05,0.989424,0.115216,0.7775,199.2333,302.5,231887925785762.9,0,Excel-20210707_19-23-49
0.36409,1.553e-05,0.929408,0.28982,0.6623,171.4,74.2667,695801237348000.5,1,Sodinokibi-20211013_22-23-18
0.718859,1.302e-05,0.996109,0.301187,2.9559,756.7667,10329.4667,559833673863166.75,1,Sodinokibi-20200825_19-23-31
0.377934,5.964e-05,0.841773,0.21844,0.8448,216.4333,0.6667,332964388891555.75,0,Firefox-20210714_21-42-43
0.54478,-1.26e-06,0.669667,0.107118,0.4471,114.6667,120.2333,454629326643261.5,0,Excel-20210708_21-44-34
0.817725,1.43e-06,0.996227,0.281479,8.3802,2145.3667,356.5333,713433441635900.6,1,Sodinokibi-20211012_23-57-15
0.338877,0.0,0.99591,0.445331,54.7113,14006.3333,410.2,88068167088103.42,0,SDelete-20210624_02-02-14
0.961768,1e-07,0.996329,0.138434,64.7309,16571.5667,21349.6333,255201193713753.53,1,Sodinokibi-20211013_17-43-25
0.609249,-2.18e-06,0.995497,0.309199,3.7111,950.2333,547.9333,9279871032788102.0,0,Excel-20210707_19-35-58
0.909219,-9.7e-07,0.996293,0.212849,40.0636,10257.5667,5008.6667,301819533107118.2,1,WannaCry-20201202_19-19-47
0.40006,4.9e-07,0.995077,0.155486,15.4484,3954.8667,1888.2667,1303247807276312.2,1,Sodinokibi-20211006_18-13-33
0.53463,7.07e-06,0.995912,0.16328,0.7334,187.9333,341.7333,5509280144858919.0,0,Excel-20210707_19-35-58
0.373327,-2.528e-05,0.859378,0.29092,0.6398,165.7667,3.2333,605729269099711.0,1,Sodinokibi-20211013_00-30-53
0.335975,1e-08,0.995971,0.450047,107.076,27411.7667,818.5667,165530377792888.75,0,SDelete-20201208_22-35-33
0.994226,-2e-07,0.995814,0.001675,0.1456,37.4667,136.5,365857210454259.6,0,Zip-20201210_19-28-46
0.544446,-1.2e-05,0.994842,0.157254,1.3653,349.5667,405.2667,1764002434866257.8,0,Excel-20210702_00-22-07
0.538981,7.62e-06,0.669276,0.114244,0.6204,159.0,169.5,213042654685065.5,0,Excel-20210707_21-47-18
0.543283,1.38e-06,0.996038,0.316747,6.8641,1757.2,1288.2,2299471843351447.5,1,GandCrab4-20200827_23-19-09
0.557521,-8.533e-05,0.97645,0.157575,0.118,30.2333,164.5667,315278845377445.5,0,Excel-20210707_19-54-06
0.092304,6.91e-06,0.995044,0.234008,0.5539,141.8333,41.2,358305249702379.4,0,Firefox-20210611_00-08-44
0.261933,0.00176872,0.994966,0.24857,0.0235,6.0667,297.4333,112790734139240.31,0,Firefox-20210610_23-06-00
0.989136,-1.4e-07,0.99585,0.038333,11.5129,2947.3,4071.0333,5019808129239.04,0,Zip-20201215_19-17-58
0.982313,8.2e-07,0.996122,0.083711,1.3606,348.3667,459.6667,45162387496883.8,0,AESCrypt-20200427_17-22-00
0.092031,1.09e-05,0.994901,0.227965,0.5073,130.2333,38.3,700578557997547.5,0,Firefox-20210618_00-03-32
0.089116,4.1e-07,0.994901,0.227123,0.5047,129.3,35.6,426122038697454.2,0,Firefox-20210610_22-34-03
0.994299,0.0,0.996363,0.003748,21.8025,5581.7,196.1667,229692414800399.1,0,SDelete-20210121_00-32-17
0.992193,-0.0,0.995864,0.013118,4.6021,1178.1667,1907.2333,118725572983609.75,0,Zip-20200427_17-46-52
0.994305,-0.0,0.996332,0.003685,31.7553,8129.6,218.2333,377085752484218.8,0,SDelete-20210121_01-17-51
0.299325,-0.00047537,0.555646,0.160361,0.0196,5.1333,12.4,678096974730040.9,0,Firefox-20210610_23-13-14
0.498811,-4.2e-06,0.995934,0.227255,3.4879,892.9,183.3667,107593498830015.8,1,Darkside-20210527_22-35-21
0.994211,-0.0,0.996413,0.002461,51.3221,13197.5333,13926.1667,29203690773064.05,1,Ryuk-20201119_20-16-12
0.142193,7.503e-05,0.995953,0.308025,0.5861,150.1,13.4333,449017213302294.06,0,Firefox-20210617_22-15-49
0.992639,0.0,0.996409,0.033746,70.0271,17927.0,18050.3,392442480394237.7,1,TeslaCrypt-20200729_00-35-35
0.639785,-2.82e-06,0.996128,0.289614,3.9798,1018.8667,466.5667,396553320358324.7,1,Darkside-20210602_22-42-17
0.338222,3.993e-05,0.547163,0.06501,0.1343,34.4667,337.9,5431714543516.37,1,Cerber-20210126_20-07-53
0.989884,3e-08,0.995755,0.043047,2.3099,591.3333,1011.7333,88875595685105.92,0,Zip-20200427_18-22-02
0.236347,-0.00076785,0.674676,0.118255,0.0245,6.3,0.1667,116307922782614.23,1,Darkside-20210608_17-52-10
0.993792,-7.1e-07,0.995994,0.020714,0.2957,76.0667,256.0333,3523908237032211.0,0,Zip-20201209_22-32-20
0.688327,3.9e-07,0.99615,0.305878,13.479,3450.8,1980.7333,498656736269540.1,1,GandCrab4-20200828_18-28-23
0.966122,3e-08,0.996271,0.134095,28.0964,7193.6,7158.9667,218149983823011.16,0,AESCrypt-20200526_01-14-14
0.401668,-9.77e-06,0.840745,0.191752,0.9895,253.4667,0.1333,322669669801938.5,0,Firefox-20210714_22-29-57
0.976132,-5e-08,0.996186,0.106503,27.9352,7152.6,7454.2,312039186844059.25,0,AESCrypt-20200516_01-08-37
0.592678,7.438e-05,0.996165,0.375174,0.6275,160.6333,394.0333,2997283116986146.0,1,GandCrab4-20200829_05-02-30
0.977956,1e-08,0.996565,0.10095,93.0723,23827.5333,23009.3667,49250320976607.48,1,Sodinokibi-20211013_00-30-53
0.324335,-4.226e-05,0.994868,0.151959,0.1533,39.2333,256.1333,397599608378677.44,1,TeslaCrypt-20200422_18-18-27
0.993213,-0.0,0.996399,0.027789,113.6474,29093.9667,13792.8667,142001478596696.75,1,WannaCry-20200729_02-32-48
0.188199,0.00024578,0.994757,0.247259,0.2549,65.3,287.8667,410144619563281.56,0,Firefox-20210611_00-37-11
0.596151,1.694e-05,0.984689,0.219108,0.9883,253.0,571.9,1434415412665498.0,0,Excel-20210707_21-23-17
0.409231,1.148e-05,0.886478,0.200473,1.1967,306.3667,52.4667,734062913952730.0,0,Firefox-20210618_02-09-37
0.360792,3.123e-05,0.840895,0.226991,0.8941,229.0667,26.2333,323683481362847.8,0,Firefox-20210714_22-29-57
0.538284,5.329e-05,0.668631,0.119767,0.271,69.5,69.5,279797683311787.2,0,Excel-20210708_22-01-42
0.993725,-3e-08,0.996028,0.023321,1.2238,313.5333,348.5333,1.0348810600584328e+16,0,Excel-20210708_23-27-08
0.975424,9.7e-07,0.995994,0.084649,6.8883,1763.4333,5096.3,665829198545102.2,0,Zip-20200526_02-45-37
0.337168,1e-08,0.995944,0.448059,128.2629,32844.7333,890.1333,467505662627182.25,0,SDelete-20200516_01-57-43
0.916626,-9.04e-06,0.9959,0.225346,1.7143,438.9,199.5333,3476428896280073.5,1,GandCrab4-20200829_03-34-01
0.994218,-0.0,0.996246,0.004861,13.1569,3379.3,1523.2,379447746171111.4,1,WannaCry-20201028_22-38-12
0.535169,-6.11e-06,0.996108,0.31718,4.7241,1209.4,1591.0667,2200450962603693.8,1,Ryuk-20200821_17-36-19
0.536831,1.7e-07,0.996078,0.301639,15.6451,4005.2333,4271.5333,2310835367402714.5,1,Ryuk-20200821_18-39-59
0.69731,-2.3e-06,0.995953,0.311363,5.8992,1510.2,1410.0333,429307689605977.75,1,Ryuk-20200820_18-15-12
0.542573,-8.16e-06,0.995912,0.160944,0.6254,160.1333,360.0333,3956732006973053.5,0,Excel-20210707_21-06-39
0.973611,-2.1e-07,0.99619,0.115972,13.0147,3332.1333,3094.7,96973933728762.77,0,AESCrypt-20201126_22-02-54
0.532968,5.1e-07,0.995699,0.138398,0.7482,192.8333,304.9,2490143726348700.0,0,Excel-20210707_21-37-06
0.397393,-0.0002658,0.69635,0.1764,0.1491,38.2,34.2333,192405781282010.3,1,Sodinokibi-20200824_20-42-49
0.589511,1.15e-06,0.996184,0.279917,6.8545,1754.8,1117.2,380610865801673.75,1,Darkside-20210603_22-25-22
0.978699,-0.0,0.996385,0.097012,69.0297,17672.4,8933.7333,71201929577137.72,1,WannaCry-20201202_19-49-06
0.994298,-0.0,0.996059,0.004805,5.5055,1409.4667,423.4667,534891976061564.8,1,Darkside-20210717_01-00-34
0.32233,0.00126301,0.995244,0.268725,0.0142,3.6333,597.0333,244305064937444.0,1,Sodinokibi-20200824_18-01-32
0.524579,7.98e-06,0.991728,0.179856,1.1268,288.6333,265.6667,1787802013665513.2,0,Excel-20210701_22-39-11
0.51982,1.05e-06,0.989424,0.108129,0.7018,179.7,360.7667,164993886898558.97,0,Excel-20210707_21-28-02
0.993632,7.5e-07,0.995778,0.025752,0.3644,93.3333,139.8667,1888541919046102.0,0,Firefox-20210716_23-41-03
0.979381,-9.47e-06,0.99595,0.09741,0.845,216.3667,32.1333,367329903823756.25,1,Darkside-20210617_19-39-03
0.360393,3.03e-05,0.843203,0.227462,0.8875,227.4,26.2,228424372314992.28,0,Firefox-20210714_22-00-35
0.98253,1.16e-06,0.996107,0.085434,3.7614,963.0333,891.5,66716852655715.41,0,AESCrypt-20200516_01-12-44
0.977779,1e-08,0.99638,0.101838,94.7928,24268.2,23918.1667,51909597687410.82,1,Sodinokibi-20211018_19-47-16
0.196178,1.25e-05,0.994922,0.276742,0.3969,101.6333,337.3,408959983061276.1,0,Firefox-20210611_00-02-39
0.377793,-2.89e-06,0.948867,0.10651,2.7446,703.4333,558.0333,266109766030500.84,1,Darkside-20210609_22-23-16
0.598208,7.07e-06,0.995998,0.287276,3.2161,823.4333,359.0,100216170250045.02,1,GandCrab4-20210126_21-59-08
0.795437,5.54e-06,0.996138,0.330164,7.8733,2015.5667,3034.0,2049936285241865.2,1,GandCrab4-20200828_19-52-42
0.1571,0.0002428,0.994757,0.22691,0.2446,62.7333,71.5,451443938259582.8,0,Firefox-20210610_22-54-18
0.98682,-6e-08,0.995846,0.052517,9.1368,2339.0667,4538.4333,131728754764339.98,0,Zip-20200427_18-28-26
0.993737,-2.9e-07,0.995722,0.020442,0.3051,78.5,257.6667,3408994386990203.5,0,Zip-20201210_19-28-46
0.454951,2.48e-06,0.995953,0.206635,2.2763,582.9,16.3,392871363398055.25,0,Firefox-20210714_22-29-57
0.964518,-1.4e-07,0.996383,0.132217,65.8675,16862.6667,8150.9333,179567581587537.53,1,Sodinokibi-20211012_22-39-18
0.337353,1.2e-07,0.995827,0.44277,10.6696,2733.1,89.1333,224633515564117.9,0,SDelete-20200415_15-59-21
0.885608,5.35e-06,0.996028,0.245485,9.8047,2510.0,4799.9333,1050813201934584.2,1,Cerber-20200807_18-53-05
0.736662,2.92e-06,0.996035,0.294254,3.3877,900.0333,674.3333,392740119705368.94,1,Darkside-20210608_19-16-01
0.093009,1.569e-05,0.995044,0.23244,0.5606,143.6333,15.2,436673420888674.9,0,Firefox-20210617_22-22-18
0.541392,0.00011029,0.956142,0.165807,0.1425,36.5,371.0667,1279099149554990.0,0,Excel-20210701_22-34-07
0.801005,3.08e-06,0.996141,0.332509,8.0729,2066.9667,1944.2,2552872573384561.0,1,GandCrab4-20200829_03-26-34
0.792869,4.16e-06,0.996187,0.288631,12.6707,3244.5,7468.6333,475542154317738.75,1,Darkside-20210607_17-41-24
0.933065,-6.9e-07,0.996284,0.185485,15.2548,3922.9333,6051.5333,743378216479792.0,1,Sodinokibi-20200825_18-43-38
0.412344,-1.066e-05,0.916577,0.200062,1.2261,314.0667,1.6333,617168601387974.1,0,Firefox-20210617_22-48-55
0.981737,6.2e-07,0.995994,0.060679,7.9698,2040.3,5724.3333,310088301244215.7,0,Zip-20200516_03-49-10
0.524279,1.759e-05,0.995912,0.178934,0.6486,166.1333,403.1667,4344128748490710.0,0,Excel-20210707_21-16-02
0.522195,-4.06e-06,0.995854,0.285242,1.6278,416.7333,7067.0667,364798087508926.44,1,Ryuk-20200821_00-22-31
0.933832,3.5e-07,0.996394,0.186428,79.1937,20274.3333,20490.3,317292112750187.5,1,Sodinokibi-20211013_00-15-08
0.425928,-7.7e-07,0.995712,0.32434,4.0066,1038.4667,161.0333,468639519934879.75,1,Sodinokibi-20210209_22-53-15
0.540695,-2.28e-06,0.687034,0.107346,0.5676,145.3333,154.7333,379994569596374.06,0,Excel-20210707_21-06-39
0.280822,-0.00093396,0.995101,0.273335,0.0228,5.8667,721.1333,371190294343636.94,1,Sodinokibi-20200825_19-44-17
0.492944,-4.87e-06,0.994842,0.217752,1.2711,325.9,2289.5,1412379554155360.2,0,Excel-20210701_22-56-38
0.976763,1.61e-06,0.995994,0.068698,4.6231,1183.5333,3896.9,283795065675334.9,0,Zip-20200427_18-22-02
0.427015,-1.89e-06,0.995953,0.223986,1.8091,463.3,69.0333,570627826264098.0,0,Firefox-20210617_21-47-27
0.55929,3.72e-06,0.907974,0.102863,0.2692,68.9667,922.5667,556194932662435.5,0,Excel-20210701_22-44-18
0.929203,-3.6e-07,0.996276,0.190258,46.4233,11884.5,575.2667,188783612551356.16,1,Sodinokibi-20201205_00-44-45
0.97345,-1.39e-06,0.996003,0.113182,3.7326,955.5333,932.9667,130091307686020.67,0,AESCrypt-20200516_01-08-37
0.355035,0.00155218,0.737845,0.176574,0.007,1.8333,60.8667,11762785403388.25,1,TeslaCrypt-20200414_15-41-32
0.484281,1.1e-06,0.995824,0.276691,5.7982,1484.3667,1471.6333,3020247232517400.0,1,Sodinokibi-20200824_17-34-39
0.972959,8e-08,0.996433,0.1163,11.5723,2962.8667,5250.6333,61644203613972.24,0,AESCrypt-20201126_22-29-13
0.993802,5e-08,0.995964,0.022111,1.4609,374.2333,223.0,3926094814173502.5,0,Firefox-20210717_00-12-47
0.009973,1.3e-07,0.994536,0.074745,18.8287,4820.2667,280.6,17606572732769.3,1,WannaCry-20200513_21-40-32
0.971048,1e-08,0.99635,0.120926,27.1879,6961.2333,7239.7,147310078125708.84,0,AESCrypt-20200516_00-53-53
0.545055,-7.05e-06,0.994109,0.147886,1.3911,356.3,540.1667,2009739056174073.8,0,Excel-20210701_23-07-32
0.975679,1e-08,0.996188,0.107269,16.6899,4273.0,3567.8667,37127246558204.69,0,AESCrypt-20201126_22-29-13
0.762852,-1.16e-06,0.996204,0.293224,6.4736,1716.5333,1275.7,438176159770969.2,1,GandCrab4-20200827_00-54-02
0.985424,1.4e-07,0.995846,0.061454,8.9823,2299.5333,4666.2,124567212676395.31,0,Zip-20200427_18-03-08
0.337397,1e-08,0.995768,0.444958,67.1997,17203.3667,456.6667,208864403583858.06,0,SDelete-20201208_22-44-54
0.685408,-3.44e-06,0.996243,0.404777,19.7536,5078.7,305.4,1825397703276419.0,1,GandCrab4-20200828_17-22-05
0.975008,-2e-08,0.996285,0.111954,15.8642,4061.5,3748.9667,179045564893571.22,0,AESCrypt-20200420_11-41-59
0.536296,2.4e-06,0.995055,0.158316,1.5482,397.7333,1014.0,1950410501336867.5,0,Excel-20210701_22-50-01
0.643359,-5.307e-05,0.995875,0.344794,1.5435,395.1333,578.3667,2123972316266376.0,1,TeslaCrypt-20210616_22-13-11
0.521605,2.45e-06,0.995792,0.247135,2.6162,669.9,3854.9667,1976348223994724.8,1,Sodinokibi-20210209_22-42-17
0.991886,-1e-08,0.995953,0.008907,9.3336,2389.4,3579.5,213169220316639.88,0,Zip-20200516_03-52-41
0.104222,-0.00067613,0.687322,0.175774,0.059,15.2333,29.7,308320232095637.06,0,Firefox-20210714_22-08-39
0.917216,-8.5e-07,0.996237,0.203406,42.1164,10781.8667,3869.6667,419203544166985.4,1,Sodinokibi-20211013_01-38-31
0.988625,1e-07,0.99597,0.050521,13.1149,3357.5333,5267.7667,182853802740235.12,0,Zip-20200516_03-39-25
0.96459,4e-08,0.996438,0.132464,60.213,15415.9,9120.1667,186031335704795.4,1,WannaCry-20200610_00-12-16
0.957417,1.35e-06,0.996314,0.149957,12.2036,3124.4333,4583.0333,976105542180321.6,1,GandCrab4-20200828_03-29-15
0.827742,-3.5e-07,0.996197,0.274546,3.4156,942.0333,646.4333,482672709208521.44,1,Ryuk-20200820_17-40-41
0.338223,1e-08,0.996147,0.443208,101.4115,25972.9,1144.0,605171271216151.6,0,SDelete-20200526_02-06-37
0.354159,-0.00091947,0.556682,0.143598,0.0113,2.9,12.9,173160238526987.38,0,Firefox-20210611_00-02-39
0.958836,-1e-07,0.996317,0.141732,30.8372,7894.4667,8570.5333,40090955791517.83,1,GandCrab4-20210126_21-59-08
0.409374,0.00405906,0.463573,0.057859,0.0016,0.4,1.6,14688426267.15,1,Ryuk-20200821_22-03-44
0.472525,-1.2e-07,0.999684,0.217783,2.1315,545.6667,154.3667,1575171342697287.0,0,Firefox-20210611_00-14-43
0.94788,3.2e-07,0.99614,0.161413,19.4477,4978.7,10502.5,394134727367040.56,1,Sodinokibi-20211006_19-48-48
0.544765,-1.73e-06,0.995411,0.170509,0.8987,230.3,266.9667,6116702406915814.0,0,Excel-20210707_19-49-55
0.971411,3e-08,0.996364,0.117607,27.9573,7157.7,8285.1,723633803862231.8,1,Cerber-20200807_21-14-33
0.533441,-9.7e-06,0.994842,0.134901,1.1884,304.3,453.1667,1673343940005597.5,0,Excel-20210701_23-49-20
0.63577,1.56e-06,0.99609,0.317328,23.048,5900.4,3695.9,2760035294169621.0,1,GandCrab4-20200829_04-47-32
0.736606,3.44e-06,0.996218,0.302238,9.0921,2327.6667,901.9667,554607529193171.94,1,Sodinokibi-20200824_21-50-33
0.696797,3.7e-07,0.996231,0.315764,14.8947,3813.1,1615.3333,2297292272447301.0,1,Sodinokibi-20211004_23-33-32
0.99029,1e-08,0.99597,0.039051,13.0114,3331.0,5249.3667,437419889790309.25,0,Zip-20200516_03-36-14
0.293872,-0.00046768,0.605812,0.149847,0.0188,4.8333,2.4667,214433383151045.9,1,Sodinokibi-20211006_19-48-48
0.595016,6.36e-06,0.996005,0.289849,3.5358,905.1667,485.7667,375376446361637.06,1,Darkside-20210608_18-45-00
0.456311,-6.84e-06,0.996104,0.399095,10.7552,2773.1333,116.2667,524120575709399.8,1,Sodinokibi-20211007_01-52-01
0.505093,1.645e-05,0.670227,0.108352,0.5383,138.0,141.0667,260296109569441.6,0,Excel-20210708_21-49-25
0.967731,1.12e-06,0.996211,0.133497,15.1014,3865.9667,7274.3333,667436609651651.8,1,Ryuk-20200821_00-00-18
0.536192,2.138e-05,0.995912,0.158559,0.6167,158.2667,413.9667,3822338236061403.5,0,Excel-20210707_21-37-06
0.64261,-1.43e-06,0.996321,0.299484,3.059,783.1,336.9,344587682378224.44,1,Cerber-20200729_17-07-36
0.707165,-7.19e-06,0.996432,0.315498,6.0637,1552.3,535.1333,428733755781866.75,1,Ryuk-20200821_00-44-06
0.554637,-0.00052794,0.995497,0.337711,0.1986,50.9667,39.9333,7739843875988930.0,1,GandCrab4-20200828_18-10-48
0.424892,1.662e-05,0.991581,0.19888,0.4283,109.7,0.0,366170830744386.8,0,Firefox-20210617_21-47-27
0.531322,-0.00011117,0.666517,0.168351,0.1949,50.9,629.8333,1872604099737943.2,0,Excel-20210702_00-27-20
0.994292,0.0,0.996453,0.004649,16.0659,4113.0667,145.7333,58189352948513.95,0,SDelete-20210121_00-56-38
0.347133,3.754e-05,0.995634,0.433685,1.073,274.8,8.2667,392270885900090.75,0,SDelete-20200516_02-44-26
0.591153,2.26e-06,0.996052,0.281723,6.658,1704.5667,1036.9667,385331442871080.0,1,Darkside-20210603_22-08-14
0.981177,7.2e-07,0.995994,0.058647,7.0631,1808.2,5235.2333,58629770193285.52,0,Zip-20200516_03-29-39
0.987671,1e-07,0.99597,0.054772,13.0383,3337.9,5191.9,155654988206958.88,0,Zip-20200526_02-42-08
0.408337,2.046e-05,0.841956,0.186209,0.9721,249.0,0.2333,437768459007724.4,0,Firefox-20210714_22-16-14
0.978137,1.41e-06,0.995994,0.067013,5.3324,1365.1,4220.9,255504243163747.3,0,Zip-20200427_17-51-34
0.960631,1.5e-07,0.996286,0.148576,10.4217,2682.2333,2670.1333,112222182670682.19,1,TeslaCrypt-20200707_22-42-07
0.789598,-2.646e-05,0.995987,0.291163,1.8789,481.2333,343.1,1945023481278495.8,1,Sodinokibi-20211014_20-21-28
0.536415,-1.17e-06,0.995573,0.171259,1.1428,292.7333,793.5333,8434151628205136.0,0,Excel-20210707_21-28-02
0.722285,-0.00015673,0.99074,0.306928,0.2236,57.3,64.0667,282866592372658.2,1,Sodinokibi-20211007_01-57-10
0.082034,2.95e-06,0.994901,0.212756,0.5848,149.8333,63.0333,371781683787862.7,0,Firefox-20210610_22-41-24
0.058174,-8.2e-07,0.994536,0.150394,22.4204,5740.6,467.6333,186770750925332.2,1,WannaCry-20200520_21-19-26
0.353119,6.429e-05,0.925521,0.249591,0.1323,34.1667,69.8667,1442447325370019.5,1,Sodinokibi-20200824_20-42-49
0.437278,5.236e-05,0.993075,0.236965,0.2065,53.6667,378.9,1117929071550759.9,0,Excel-20210701_23-54-57
0.752341,-0.00014373,0.995887,0.315315,0.5916,151.4667,379.8667,5790432499280412.0,1,GandCrab4-20200829_02-27-08
0.239596,-0.00053814,0.541244,0.162571,0.0267,6.9,253.3333,200783777135326.66,0,Firefox-20210617_22-22-18
0.546323,-9.78e-06,0.994041,0.149665,1.344,344.2333,546.3333,1676987054141424.2,0,Excel-20210701_22-56-38
0.536967,7.31e-06,0.992868,0.1993,1.1819,302.7,285.6,1603145499674160.2,0,Excel-20210701_22-56-38
0.615585,4.502e-05,0.988461,0.238491,0.2714,69.4667,138.1667,2363165196708607.0,0,Excel-20210707_21-06-39
0.884022,-1e-07,0.996275,0.248231,28.266,7245.8333,6410.1333,213273638644708.38,1,Darkside-20210527_23-40-08
0.771232,-1.4e-06,0.996262,0.310811,25.2886,6474.0,2301.9333,1003646574285650.1,1,Sodinokibi-20211018_21-35-54
0.375548,2.998e-05,0.926388,0.274145,0.4717,122.0,78.7667,686033871700709.9,1,Sodinokibi-20211012_23-01-13
0.381029,-7.949e-05,0.712672,0.140397,0.1785,45.7667,342.5,701043239734454.1,1,Cerber-20200807_02-13-02
0.423569,-0.0003075,0.874442,0.26073,0.2139,54.8667,71.7333,185901769114894.75,1,Darkside-20210602_20-11-43
0.822933,-8.3e-07,0.996192,0.274814,23.9983,6143.7333,2001.6,613623945034446.1,1,Sodinokibi-20211012_23-51-51
0.666364,4e-07,0.996301,0.323701,17.3028,4430.6333,2016.8667,2455454055852967.0,1,Sodinokibi-20200825_17-39-16
0.990532,-5e-08,0.99597,0.040207,6.0995,1561.5333,2327.9,2860050072025.72,0,Zip-20201215_19-35-06
0.378886,-7.1e-07,0.995603,0.134949,5.0307,1288.3333,840.9333,255531039479717.75,1,Darkside-20210603_21-53-16
0.437293,4.2e-06,0.999684,0.178876,1.1348,290.8333,35.7667,726986212645379.2,0,Firefox-20210610_23-26-28
0.426196,-1.236e-05,0.995953,0.225102,1.7984,460.4,117.7667,536215079937339.25,0,Firefox-20210617_23-21-03
0.673309,-9.14e-06,0.996018,0.292079,4.2509,1088.2667,347.0667,237966687673481.3,1,Darkside-20210608_19-31-14
0.978695,4e-08,0.996256,0.09802,21.9097,5609.3333,7180.7333,749172023833888.4,1,GandCrab4-20200828_03-37-15
0.390837,-1.7e-06,0.750665,0.22005,0.1855,47.5,0.0,122324443147300.55,0,Firefox-20210617_23-35-32
0.988675,2e-07,0.996074,0.05661,2.9905,765.5667,597.8,6169962862601.62,0,AESCrypt-20200427_17-04-45
0.338142,0.0,0.995878,0.445319,118.5343,30355.5333,829.0667,970603995046789.2,0,SDelete-20200526_01-55-34
0.461668,4.07e-06,0.995953,0.231164,2.1673,555.0667,172.7667,1715490388457436.2,0,Firefox-20210611_00-25-47
0.902731,5.4e-07,0.99622,0.221793,62.7168,16057.0667,27170.0667,598059142711872.8,1,Sodinokibi-20211013_20-14-49
0.664684,-5.97e-06,0.996133,0.289938,3.2514,889.5667,373.3333,233922427854012.1,1,Cerber-20200806_23-52-59
0.992764,2e-08,0.996235,0.030018,7.1859,1839.7667,1528.0667,287420251874465.9,1,Cerber-20200729_17-17-57
0.976912,-4e-08,0.996422,0.105159,33.3516,8538.2,8448.2,439735406070962.0,1,GandCrab4-20200828_02-54-47
0.547359,3.18e-06,0.996071,0.294421,23.9007,6118.7,5305.5333,307646812528341.44,1,Sodinokibi-20211013_00-41-18
0.607368,5.3e-07,0.996105,0.28386,6.2916,1610.7,711.2333,408585661470565.8,1,Darkside-20210608_17-28-33
0.34041,0.0,0.995762,0.436817,104.7727,26835.0333,772.7667,233292301786229.47,0,SDelete-20200526_01-46-46
0.992808,0.0,0.996275,0.03188,70.0104,17922.7333,18052.7333,390310618743481.75,1,TeslaCrypt-20200729_00-41-47
0.426649,1.04e-06,0.995953,0.229849,1.871,479.1333,51.8667,772598313449791.5,0,Firefox-20210618_00-03-32
0.941278,3.8e-07,0.999632,0.178242,65.9745,16890.3,10556.9667,180851865170853.44,1,WannaCry-20200610_00-12-16
0.549652,-6.43e-06,0.994105,0.152061,1.6481,422.1,599.8667,1991391526545467.5,0,Excel-20210701_23-23-28
0.807202,-6e-08,0.996275,0.291476,92.082,23573.0,23408.2,1192212912962937.5,1,Cerber-20200730_01-32-25
0.993417,0.0,0.99642,0.023592,38.9331,9966.9,10172.6667,230437161891659.4,1,GandCrab4-20200827_02-10-29
0.917038,3.5e-07,0.996084,0.202147,12.6468,3237.6667,3773.2667,147662022285692.2,1,Darkside-20210714_19-24-10
0.514324,2.94e-06,0.996017,0.276085,21.386,5474.9333,5205.0,286631984311336.94,1,Sodinokibi-20211013_00-36-05
0.966654,3.2e-07,0.996231,0.129867,9.8936,2532.7667,4550.3667,215330053190040.28,0,AESCrypt-20200427_16-43-56
0.978374,1.3e-07,0.996183,0.09802,8.9299,2292.0,2178.9333,177534960802634.9,1,GandCrab4-20200828_03-53-08
0.504451,1.697e-05,0.670227,0.108115,0.5405,138.5667,140.3667,261408977965203.22,0,Excel-20210708_21-38-44
0.703362,-1.01e-05,0.996371,0.355052,6.7479,1735.0667,142.3333,663534653671198.9,1,Sodinokibi-20211006_22-54-38
0.412452,0.00165005,0.655507,0.185833,0.0146,3.7667,5.1333,5965805202323.96,1,Ryuk-20210624_00-57-13
0.315578,0.00087664,0.560311,0.160422,0.0169,4.3667,12.0333,1397797647793926.5,0,Firefox-20210610_23-33-03
0.99368,2.6e-07,0.995774,0.024477,0.6029,154.5667,336.4333,3265049466401549.5,0,AESCrypt-20210120_22-15-06
0.992714,1e-08,0.996548,0.032759,69.2364,17724.6,18390.5333,359571201113347.7,1,TeslaCrypt-20200729_00-22-50
0.435118,-2.38e-05,0.995985,0.347718,0.8312,212.8,5.9333,592317940351791.8,0,SDelete-20201208_22-31-20
0.993988,1e-08,0.996039,0.006364,4.314,1111.1333,455.5,376571484127751.5,1,GandCrab4-20201124_19-58-17
0.99162,-0.0,0.995945,0.009528,5.6333,1442.1667,2201.5667,70949028813315.34,0,Zip-20200516_03-56-35
0.37386,-0.0169887,0.482026,0.116964,0.0017,0.4333,0.0,5157777334156.31,1,Sodinokibi-20211006_22-32-26
0.992402,-0.0,0.995864,0.010826,6.8762,1760.3,2664.2,59261492427878.09,0,Zip-20200427_18-18-30
0.555945,-0.00012978,0.679104,0.127038,0.182,46.7667,165.5333,372211781950062.5,0,Excel-20210707_21-37-06
0.992205,3.54e-06,0.995879,0.041294,0.2761,71.3667,104.6,367197632767483.7,0,AESCrypt-20210120_22-15-06
0.4198,-6e-08,0.995843,0.450275,25.697,6579.6,1687.3667,815051388360440.8,0,SDelete-20200516_01-34-09
0.170704,-2.57e-05,0.994922,0.273976,0.362,92.6667,833.5333,393654003449520.25,0,Firefox-20210611_00-37-11
0.414232,9.08e-06,0.999684,0.205771,1.2901,330.4,23.5667,926965424523347.5,0,Firefox-20210610_23-06-00
0.517291,2.088e-05,0.814855,0.105434,0.5165,132.4333,198.9667,335499710497979.9,0,Excel-20210708_21-27-03
0.421586,2.629e-05,0.994102,0.25741,1.1872,304.0667,557.4333,1508490224053515.8,0,Excel-20210701_23-01-57
0.648829,-1.183e-05,0.987081,0.321463,2.1178,542.3667,238.0333,1446036721363754.0,0,Excel-20210708_18-15-31
0.994186,-4e-08,0.996141,0.011216,1.0009,256.3333,379.6,7372019913747045.0,0,AESCrypt-20210120_22-54-00
0.534734,-8.47e-06,0.995521,0.137595,0.6573,168.2667,244.0667,2004615606902185.8,0,Excel-20210707_21-32-38
0.263007,0.00035964,0.887543,0.156804,0.046,11.7667,30.3,2324377473718533.0,1,GandCrab4-20200829_04-47-32
0.333752,-0.00387843,0.473024,0.145193,0.0026,0.6667,0.3333,98056490486296.25,1,GandCrab4-20200829_05-10-26
0.948743,1.717e-05,0.996061,0.163193,0.5946,152.3,372.1667,428882086498153.4,0,AESCrypt-20200526_01-14-14
0.934223,-3e-07,0.996323,0.184613,65.8589,16861.6,15293.2,188236308734994.2,1,Sodinokibi-20210209_22-12-55
0.477834,6.57e-06,0.993239,0.212488,1.1515,295.2333,2170.2,1236880797047819.0,0,Excel-20210701_22-50-01
0.349146,9.138e-05,0.929244,0.150462,0.1008,25.8333,35.6667,2314096595734369.0,1,Cerber-20200806_19-10-20
0.54416,8.69e-06,0.995593,0.163313,0.7799,199.6667,588.5333,5437574839762677.0,0,Excel-20210707_21-23-17
0.993127,5.5e-07,0.996042,0.030215,0.3947,101.6667,182.4,2776427709587440.0,0,AESCrypt-20210120_22-54-00
0.985915,4.1e-07,0.996161,0.0816,8.9709,2296.7,1.1333,73192917892699.92,1,Darkside-20210609_19-24-48
0.746488,1.029e-05,0.995896,0.281907,4.7118,1206.2333,943.9333,237725618605818.0,1,Cerber-20210126_20-35-19
0.992803,2e-08,0.995772,0.036582,0.1644,42.1667,153.0333,758180477450493.0,0,Firefox-20210717_00-00-24
0.683577,1.9e-07,0.996127,0.320849,15.3521,3930.2,1626.0333,2336593775067167.0,1,Sodinokibi-20211013_19-30-50
0.964541,-2e-08,0.996331,0.135681,14.6121,3741.1333,6531.6667,266162940656249.28,0,AESCrypt-20200516_01-08-37
0.98571,-1.6e-07,0.995846,0.057318,9.4301,2414.1333,4668.2333,138792334875257.61,0,Zip-20200427_18-18-30
0.431467,-1.006e-05,0.9856,0.197839,1.3967,357.8333,4.0333,1029756910661256.4,0,Firefox-20210617_21-47-27
0.960805,4e-08,0.996522,0.141376,73.0194,18693.1333,28673.8667,123641461667427.23,1,Sodinokibi-20201205_00-38-32
0.381451,-4.479e-05,0.71333,0.134223,0.2285,58.5667,363.5,909869284718048.8,1,Cerber-20200806_21-55-46
0.983585,8e-08,0.996508,0.080962,89.3192,22865.8333,25527.2667,459595595864691.5,1,GandCrab4-20200827_03-22-21
0.438105,-1.86e-06,0.991581,0.169235,1.4109,361.5333,30.8667,1089276329783293.5,0,Firefox-20210617_22-00-56
0.486903,1.098e-05,0.994041,0.239407,1.452,372.0,1839.1333,1669995449408538.2,0,Excel-20210701_23-49-20
0.409864,6.238e-05,0.752923,0.207922,0.2193,56.1667,2.9,263940940082221.03,0,Firefox-20210617_21-54-16
0.543566,9.47e-06,0.814855,0.126176,0.4861,124.7333,218.9667,326406767751044.8,0,Excel-20210708_21-33-17
0.993927,0.0,0.996203,0.019153,1.4165,362.7667,457.5,1.2425765819453662e+16,0,Excel-20210708_23-34-51
0.987592,4e-08,0.995846,0.045273,9.5001,2432.0333,4940.6,117848917688922.94,0,Zip-20200427_17-56-04
0.994289,0.0,0.996187,0.005462,17.7547,4545.4667,169.1333,38462081792606.05,0,SDelete-20210121_00-47-18
0.975406,8e-08,0.996231,0.109399,28.0425,7179.9667,7338.8333,143159298244299.72,0,AESCrypt-20200526_01-14-14
0.535441,-8.73e-06,0.99442,0.208972,1.0179,260.6,324.3667,1615849967266383.5,0,Excel-20210702_00-11-34
0.555792,-7.447e-05,0.671415,0.131086,0.172,44.0333,142.4667,237384328676537.94,0,Excel-20210707_21-32-38
0.279221,4.072e-05,0.729398,0.162134,0.2935,75.1667,257.7667,2842623180787678.0,1,Cerber-20200806_18-06-08
0.947953,1.89e-06,0.996181,0.178084,3.5689,913.6333,1228.7,446058579626737.1,1,Ryuk-20200820_17-21-01
0.99348,-1e-08,0.996293,0.024589,9.4504,2419.3,2115.5667,476025959171596.2,1,TeslaCrypt-20200729_00-35-35
0.416258,0.00042748,0.672779,0.136681,0.0485,12.4333,10.4,61948987581325.84,1,Darkside-20210609_20-29-02
0.338471,0.0,0.995878,0.442467,102.4504,26238.9667,763.6333,575114954415317.6,0,SDelete-20200526_01-55-34
0.544414,5.18e-06,0.669276,0.101333,0.6153,157.7,199.3,246641235862928.06,0,Excel-20210707_19-40-55
0.969994,5e-08,0.996417,0.124809,28.173,7213.3,7070.5,119405575612495.05,0,AESCrypt-20200516_00-49-54
0.43432,-2.26e-06,0.995654,0.164455,3.0814,788.8333,105.3333,111789790437251.75,1,Darkside-20210527_22-51-21
0.053695,-1.17e-06,0.794967,0.142906,22.708,5813.4333,459.7,154423127467227.25,1,WannaCry-20200520_20-51-15
0.352129,0.00110868,0.697306,0.159969,0.025,6.4333,34.1667,3883849656572606.0,1,Sodinokibi-20200825_20-59-48
0.961939,1.4e-07,0.996213,0.142255,11.0642,2833.1667,4291.7667,1208693377449478.8,1,Cerber-20200807_02-52-24
0.928337,-3.8e-07,0.996191,0.189855,7.3546,1883.0333,2134.4,196350253866910.84,1,Darkside-20210607_19-47-44
0.306076,-0.00090752,0.994116,0.215628,0.0377,9.7333,283.3667,386055644166989.8,0,Firefox-20210611_00-25-47
0.086043,2e-07,0.994901,0.218158,0.5557,142.3,92.3,365783385904207.7,0,Firefox-20210611_00-02-39
0.973658,-9e-08,0.996464,0.11568,18.2714,4677.6667,4582.2,123244942862707.36,0,AESCrypt-20200427_16-36-30
0.096828,0.00011579,0.687322,0.174166,0.0564,14.5333,31.3,301533425283645.6,0,Firefox-20210714_22-29-57
0.299299,-0.00022974,0.733317,0.127263,0.0874,22.4667,12.4333,702068751580484.6,1,GandCrab4-20200829_01-29-54
0.530946,-0.00018959,0.86181,0.292999,0.2188,56.0333,172.0667,642691584148868.4,1,GandCrab4-20200829_04-13-35
0.338472,0.0,0.995796,0.442896,102.5818,26272.5667,773.4667,618779764820836.2,0,SDelete-20200526_02-00-40
0.987679,2.8e-07,0.996302,0.062025,6.5727,1682.6667,1711.2667,20476380961826.57,0,AESCrypt-20200420_10-52-25
0.507054,1.176e-05,0.995912,0.13127,0.5491,140.6333,279.4667,3317020857241890.5,0,Excel-20210707_21-23-17
0.651413,-1.21e-06,0.99615,0.294815,7.4579,1937.7667,1237.6,2159362205253956.0,1,Cerber-20200807_19-33-19
0.993115,-3e-08,0.996079,0.011258,6.9665,1880.9667,353.4667,603613498853309.4,1,Sodinokibi-20210120_19-12-55
0.318306,2.05e-06,0.996099,0.446488,4.1056,1051.0667,41.2333,134676316408426.53,0,SDelete-20201208_22-17-32
0.534905,4.17e-06,0.995912,0.167204,0.6385,163.8667,370.7,3693954710165525.5,0,Excel-20210707_21-11-24
0.528944,-1.86e-06,0.996054,0.335755,11.0994,2853.7667,1575.5,1908390952628631.0,1,Sodinokibi-20211006_17-57-07
0.492638,-4.55e-06,0.996032,0.210056,2.6872,688.0667,184.0,119286484144290.33,1,GandCrab4-20210126_22-14-32
0.974029,-3e-08,0.996313,0.112666,27.5558,7055.3667,7114.6333,135298427561195.64,0,AESCrypt-20200526_01-09-55
0.971737,2e-08,0.996261,0.121161,12.0397,3082.5667,3580.2667,21399633267035.89,0,AESCrypt-20201126_21-50-04
0.336033,-2e-08,0.995986,0.444491,39.9303,10226.9333,289.7333,213974326701516.53,0,SDelete-20200415_15-21-28
0.992709,-2e-08,0.996036,0.010785,1.6616,452.4333,392.2667,428093417740344.0,1,Cerber-20210121_19-42-39
0.140568,0.00026965,0.994906,0.22241,0.1273,32.7333,289.9667,368581528397379.44,0,Firefox-20210610_23-26-28
0.425307,-0.0003158,0.687589,0.148925,0.0147,3.8,2.2,40443993990561.4,1,GandCrab4-20200828_22-47-40
0.988186,-1.4e-07,0.99597,0.055797,5.0175,1284.6333,2801.2,35313820779808.24,0,Zip-20201215_19-22-50
0.549136,-3.81e-06,0.996255,0.339632,9.9893,2566.4667,1585.1333,1954459138030878.8,1,Sodinokibi-20211006_18-24-09
0.907585,4.4e-07,0.99645,0.217557,67.8161,17362.7333,26554.9,558765232814957.75,1,Sodinokibi-20211013_19-30-50
0.442487,-5.12e-06,0.999418,0.213732,1.9937,510.6,39.1333,484719968810927.1,0,Firefox-20210610_23-20-21
0.368604,-7.394e-05,0.703445,0.150375,0.1405,36.0333,80.2333,538201444026204.2,1,TeslaCrypt-20210616_19-39-49
0.617321,-3.97e-06,0.99598,0.346432,2.3977,613.8,733.2,2813139899893438.5,1,Cerber-20200806_18-06-08
0.528114,-7.018e-05,0.991758,0.157483,0.0986,25.2333,421.9,1375803299765830.5,0,Excel-20210701_23-07-32
0.532395,-1.38e-06,0.669276,0.114459,0.3451,88.5333,83.7333,329145798682401.06,0,Excel-20210708_21-56-09
0.336602,1e-08,0.995811,0.44717,110.6172,28327.5,1051.7333,500461747617735.2,0,SDelete-20200516_03-00-19
0.970167,3e-08,0.99639,0.121569,28.7276,7354.9,8283.0333,706641303263227.1,1,Cerber-20200807_21-46-11
0.518153,9.56e-06,0.994102,0.198516,1.0962,280.8667,515.6333,2422383432635175.5,0,Excel-20210701_22-39-11
0.362394,-0.04355261,0.515554,0.161271,0.0012,0.3333,980.8333,1330843171942385.8,1,GandCrab4-20200828_22-39-01
0.976007,-2e-08,0.996149,0.109278,14.2117,3638.6,3485.1,23835862152239.23,0,AESCrypt-20201126_23-23-18
0.364605,-3.86e-06,0.822543,0.102267,1.9082,489.4333,585.1,112648304052223.88,1,Darkside-20210602_21-42-15
0.450434,7e-08,0.995953,0.207876,2.2855,585.2667,54.6667,384439533846654.1,0,Firefox-20210714_21-53-48
0.9937,-3e-08,0.995896,0.023734,1.1305,289.6,480.8667,1.0407140958386758e+16,0,Excel-20210708_23-45-46
0.957489,6e-08,0.996302,0.158242,9.8078,2510.9333,2469.8,123035967743488.23,1,TeslaCrypt-20200707_22-37-36
0.95704,-1e-08,0.996225,0.159441,9.3516,2394.1333,2328.7,97328309969074.86,1,TeslaCrypt-20200611_21-41-35
0.412879,2.24e-06,0.996031,0.175863,6.5279,1672.0,1047.4333,276323384937704.06,1,Darkside-20210528_00-27-42
0.976055,-2.28e-06,0.99608,0.117042,3.0543,781.9667,204.0667,5839739601538586.0,1,Ryuk-20200820_18-52-01
0.521791,1.484e-05,0.994231,0.226498,1.375,352.1667,330.2333,2294520519724796.0,0,Excel-20210701_23-07-32
0.54208,7e-07,0.996019,0.298736,13.6902,3504.7667,4095.3333,2296800441346808.5,1,Ryuk-20200820_22-54-14
0.994306,0.0,0.996301,0.004457,6.2476,1599.4333,1129.0,1041869296748737.4,1,Darkside-20210717_01-16-41
0.993754,-6e-08,0.996112,0.022979,1.2979,332.4333,540.2333,1.0504007584276806e+16,0,Excel-20210708_22-52-59
0.668455,8.9e-07,0.996154,0.301861,7.6502,1958.5,1006.0,378216261488655.3,1,Darkside-20210603_22-25-22
0.411963,9e-08,0.995909,0.436149,112.8841,28905.5333,7373.5,891056754533261.4,0,SDelete-20200516_01-34-09
0.988764,3e-08,0.996002,0.048014,10.721,2744.6,4893.2667,174003118150455.44,0,Zip-20200427_18-13-08
0.99389,-1e-07,0.996053,0.020254,0.8857,226.8333,109.1333,8151379885477762.0,0,Firefox-20210717_00-20-12
0.337732,4e-08,0.995895,0.445208,35.6282,9124.7,408.2333,146369845787654.16,0,SDelete-20200427_15-52-59
0.99384,-0.0,0.995991,0.020947,1.2801,327.9,375.9667,9518242987613052.0,0,Excel-20210708_22-52-59
0.371155,8e-06,0.937504,0.249276,0.2619,67.1667,5.4667,1136976987540228.2,0,Firefox-20210610_23-06-00
0.335739,0.0,0.996045,0.451394,125.7441,32199.7333,825.0,441547459703035.1,0,SDelete-20200516_02-39-13
0.94136,-2e-07,0.996342,0.175406,60.3216,15443.9333,18431.0,168753634941909.78,1,Sodinokibi-20210209_20-26-48
0.512944,-6.07e-06,0.99607,0.417314,10.3156,2654.3,101.0333,1060629346839373.8,1,Sodinokibi-20210209_22-02-02
0.994291,0.0,0.996257,0.004427,22.5279,5767.5,210.0,223124277249502.53,0,SDelete-20210121_01-02-35
0.990279,2e-08,0.999632,0.052497,117.5179,30084.7333,18441.1,287710569997064.3,1,WannaCry-20200805_18-30-21
0.691193,6.64e-06,0.996116,0.28759,4.4164,1130.6667,981.0667,502649893971859.9,1,Cerber-20200807_00-32-25
0.910639,1.36e-06,0.996247,0.216297,24.3131,6224.9667,15733.2,453095311348820.44,1,Sodinokibi-20210209_22-07-15
0.991882,1.16e-06,0.995778,0.048021,0.1495,38.3667,31.1333,1239359477422332.8,0,Firefox-20210717_00-20-12
0.678439,4.92e-06,0.996154,0.310415,6.2273,1594.3667,2374.7667,539426184169254.3,1,Ryuk-20200820_19-05-08
0.93004,-1.5e-07,0.99622,0.188843,59.8786,15329.6667,7132.6667,330562752505486.56,1,Sodinokibi-20211012_22-17-50
0.489505,-6.97e-06,0.995083,0.193962,1.2765,326.9667,292.2333,2271891386146667.0,0,Excel-20210701_22-28-40
0.993719,6e-08,0.995934,0.023011,1.2118,310.4333,397.7,1.037198641095207e+16,0,Excel-20210708_23-00-26
0.317859,0.00111489,0.697483,0.176116,0.0087,2.2333,54.3333,423754386468397.94,1,GandCrab4-20200828_20-13-56
0.547539,4.1e-06,0.994576,0.148133,1.7237,442.6667,1056.7,2195693981316466.5,0,Excel-20210701_22-34-07
0.968108,2.9e-07,0.996414,0.131519,9.8126,2512.0333,4405.6,187153639127234.75,0,AESCrypt-20200420_11-24-46
0.993561,0.0,0.996364,0.021794,86.4561,22132.7667,22192.4667,154464283668176.8,1,GandCrab4-20200827_02-44-19
0.974189,7e-08,0.996347,0.105884,20.5511,5261.1667,8321.0,31102085773897.99,1,Cerber-20210126_20-42-14
0.341466,0.0,0.995913,0.437727,101.0397,25879.4333,730.9667,725913287548532.1,0,SDelete-20200526_02-28-35
0.524917,2.46e-05,0.995241,0.169094,0.8134,208.4,456.9,5724932082847903.0,0,Excel-20210707_19-49-55
0.65075,-8.09e-06,0.995931,0.306098,6.1452,1573.1667,685.6667,437381295173176.94,1,GandCrab4-20200827_02-18-55
0.993802,-1e-08,0.995984,0.022371,0.7455,191.0333,208.1333,75870846136355.5,0,AESCrypt-20210120_22-31-13
0.979448,-8.4e-07,0.996172,0.09598,5.1903,1328.9333,1192.5333,37056857991586.12,0,AESCrypt-20201126_22-43-40
0.352841,2.59e-05,0.760202,0.201189,0.0215,5.6,8.5333,431368298543336.1,1,GandCrab4-20200829_02-03-38
0.949543,-4.368e-05,0.995896,0.158522,0.6714,171.8667,0.3,359862586928832.94,1,Darkside-20210609_19-48-28
0.993557,-0.0,0.995935,0.014365,3.6288,951.6333,811.3333,390588583971707.7,1,Cerber-20210121_19-50-27
0.212396,0.00640863,0.513,0.182723,0.0054,1.4,0.5333,197096290313208.3,1,GandCrab4-20200829_05-02-30
0.35053,-0.00582863,0.528783,0.151141,0.0025,0.6333,0.0,23167010555.51,1,Darkside-20210617_19-29-34
0.486617,-3.609e-05,0.952377,0.112794,0.1985,51.9667,45.8333,544606152598452.44,1,Ryuk-20200821_20-57-54
0.854255,-1.43e-05,0.995935,0.256537,1.2598,322.5333,39.5,348948590775439.6,1,Sodinokibi-20211013_22-23-18
0.19811,-0.0015218,0.449607,0.158802,0.0193,5.0333,249.1,243051303419859.4,0,Firefox-20210617_22-36-15
0.539028,9.46e-06,0.669667,0.112687,0.6569,168.3333,158.8667,241432070625999.78,0,Excel-20210708_18-15-31
0.265054,-0.0001029,0.993702,0.318167,0.4879,125.1667,536.7667,753673413686336.4,0,Firefox-20210617_22-48-55
0.613812,-3.67e-06,0.996124,0.310354,5.9021,1510.9333,942.5333,3002579925722156.0,1,Ryuk-20200821_23-23-20
0.917068,8.7e-07,0.999632,0.209994,44.8814,11490.4333,8030.8,709640543162053.5,1,WannaCry-20200716_01-12-18
0.395277,6.68e-06,0.916577,0.211681,1.3699,350.8667,14.6333,747585313316852.8,0,Firefox-20210617_22-22-18
0.528997,-1.62e-06,0.996037,0.291647,5.7169,1463.5667,709.4,2999217856027624.5,1,GandCrab4-20200829_03-58-37
0.985873,-1.3e-07,0.995846,0.055399,10.6685,2731.2,5995.6,35894260464084.41,0,Zip-20200526_02-38-57
0.991561,-1.8e-07,0.996148,0.047083,6.1178,1566.2667,2634.0667,33649261310088.45,0,AESCrypt-20201126_22-02-54
0.993746,-1.42e-06,0.995785,0.023803,0.2225,57.0333,215.0333,48560041209001.29,0,Zip-20201210_20-09-17
0.630724,9e-08,0.99632,0.29496,10.5123,2691.2333,1819.7333,719989494057720.8,1,Ryuk-20201027_22-23-41
0.441673,-1.33e-06,0.995953,0.215511,1.9451,497.9333,52.9,592833176206179.1,0,Firefox-20210617_23-13-25
0.771312,-2.846e-05,0.990705,0.290278,0.7295,186.8,180.2333,178015965253159.6,1,Sodinokibi-20211007_02-20-31
0.994036,3e-08,0.996271,0.015564,1.3078,334.9667,264.3,1.2390627899869092e+16,0,Excel-20210708_23-40-10
0.467112,-3.62e-06,0.995792,0.197413,3.3504,857.7,198.3667,112290088734673.83,1,Darkside-20210607_19-55-49
0.454198,-0.00011268,0.653114,0.129182,0.1905,48.8,341.1667,239483643267021.56,1,Sodinokibi-20200824_17-47-34
0.993951,-1e-08,0.996176,0.017776,1.3495,345.7333,307.6333,1.1782081592729652e+16,0,Excel-20210708_23-00-26
0.631568,1.78e-06,0.996208,0.296876,4.5332,1160.5333,652.5667,395851757952609.1,1,Darkside-20210609_23-02-22
0.530581,-1.235e-05,0.995686,0.176574,1.2885,330.0,500.4333,9501910023859516.0,0,Excel-20210707_19-23-49
0.590857,5.07e-06,0.99607,0.287214,3.4921,894.0,450.6333,374543486167819.75,1,Darkside-20210609_22-50-01
0.416042,7.16e-06,0.991581,0.186932,1.4755,378.0333,27.8333,585913560182972.2,0,Firefox-20210617_22-15-49
0.37685,-6.78e-06,0.813118,0.306945,0.5619,146.0333,4.3667,705147341255170.8,1,Sodinokibi-20211013_22-41-19
0.414711,-0.00339578,0.870439,0.304847,0.0315,8.0667,0.8667,643120835377034.5,1,Darkside-20210609_19-33-45
0.993643,2e-08,0.996059,0.019626,9.6329,2466.0333,2430.0,3801294814739.17,1,Cerber-20200730_01-37-24
0.993481,1.4e-07,0.995965,0.023678,0.2283,58.9,219.3,276972403458822.53,0,Zip-20201210_19-33-30
0.993019,-2e-08,0.99615,0.006511,6.281,1717.6667,1800.7667,324700737521921.06,1,Ryuk-20201119_19-42-00
0.363157,0.00035562,0.603623,0.114657,0.0134,3.4333,1.0333,52284797711315.84,1,GandCrab4-20200829_03-01-45
0.979508,8.5e-07,0.995994,0.065188,6.6738,1708.5333,4980.5,79233650670283.6,0,Zip-20200516_03-36-14
0.101398,1.88e-05,0.995044,0.238326,0.5978,153.0333,43.3333,401436047809957.1,0,Firefox-20210617_23-06-08
0.985584,7e-07,0.995994,0.035799,6.6962,1714.2667,4384.0,29601155610018.13,0,Zip-20201215_19-13-54
0.333879,-1e-08,0.995895,0.446203,70.038,17930.0,442.0,188903281122902.2,0,SDelete-20201208_22-26-59
0.913545,-1.31e-06,0.996181,0.215662,4.2646,1092.3333,1304.9667,4038576855433874.5,1,Ryuk-20200820_18-35-05
0.421586,2.09e-06,0.991581,0.185535,1.5858,406.1333,85.1667,584840436286565.0,0,Firefox-20210617_23-55-59
0.990695,-8e-08,0.99597,0.040143,5.9422,1521.2667,2207.8333,2356734122285.82,0,Zip-20201215_19-39-01
0.366669,6.13e-06,0.991472,0.35405,9.4785,2455.1333,290.8667,418947061289044.75,1,Sodinokibi-20211012_22-39-18
0.524593,-0.00018073,0.867044,0.29348,0.2262,57.9333,163.5333,680696391582433.6,1,GandCrab4-20200829_04-34-15
0.989651,2e-08,0.996478,0.056269,31.5888,8090.4,7958.4333,71619947811229.84,1,TeslaCrypt-20200805_21-10-55
0.154659,-2.572e-05,0.994922,0.258168,0.4665,119.6333,342.4667,397494463754826.7,0,Firefox-20210610_23-33-03
0.992177,5e-08,0.995953,0.007371,1.8667,477.8667,847.0667,31500483561049.36,0,Zip-20200516_03-46-13
0.980216,1.7e-07,0.99614,0.09148,11.6738,2988.6667,3225.9333,536625807466568.44,1,GandCrab4-20200828_03-29-15
0.981041,1.2e-07,0.996385,0.093943,60.5088,15490.4,15921.8667,273314340389563.88,1,TeslaCrypt-20200729_00-57-23
0.670238,-1.051e-05,0.996134,0.323353,5.3055,1361.6,607.1333,419219936935269.9,1,Darkside-20210602_22-42-17
0.603506,1.3e-06,0.996161,0.310349,8.2239,2141.9667,1025.1667,2588775690620493.0,1,Ryuk-20200820_19-52-59
0.533051,1.555e-05,0.670885,0.087717,0.814,208.5333,169.5333,330176816970018.2,0,Excel-20210708_21-38-44
0.579728,2.62e-06,0.995972,0.308834,8.0074,2049.9,1535.1333,2045077044125640.8,1,Ryuk-20200820_20-05-54
0.162235,0.00024311,0.994757,0.229242,0.2506,64.3333,85.6667,407696270994008.3,0,Firefox-20210610_23-06-00
0.782276,9.3e-07,0.996148,0.306907,5.4303,1390.1667,1208.3,493267933449216.7,1,Ryuk-20200820_17-21-01
0.337325,1.1e-07,0.995824,0.448811,35.479,9086.8,296.7667,276153929868039.8,0,SDelete-20200415_15-29-33
0.973858,-5e-08,0.996289,0.113465,29.6459,7590.2667,7163.4333,349557704694365.44,1,GandCrab4-20200828_19-15-22
0.526992,-1.32e-06,0.991996,0.161391,0.9889,253.2,235.0333,1876820440261454.8,0,Excel-20210701_23-35-36
0.548478,-4.77e-06,0.995805,0.284945,3.6022,922.2,365.7,329660571890699.5,1,GandCrab4-20200828_23-26-59
0.913446,1e-07,0.996356,0.209396,26.3132,6737.1333,8598.3333,236890204872401.16,1,Darkside-20210607_17-41-24
0.64845,-7.6e-07,0.996084,0.288358,7.396,1893.4,1197.0667,1997219058022361.0,1,Cerber-20200805_19-34-10
0.973981,-1.53e-06,0.996156,0.111671,3.7846,969.0,1574.1333,106143466373728.3,0,AESCrypt-20200526_00-39-43
0.99421,1e-08,0.996028,0.010086,3.7271,954.5667,601.7667,391312586696278.6,1,GandCrab4-20201124_19-58-17
0.976747,-1.7e-07,0.996208,0.105208,15.048,3852.7333,3737.5,58157893669263.58,0,AESCrypt-20201126_22-24-10
0.814681,6.9e-07,0.996229,0.287698,7.8499,2009.5667,1230.3,1218158263571098.5,1,Sodinokibi-20200825_19-55-40
0.585605,8.54e-06,0.996032,0.278233,3.1671,854.4667,511.8667,366957774592943.75,1,Darkside-20210603_23-39-07
0.882416,8.19e-06,0.996154,0.257057,7.6845,1968.9333,2852.0333,435538151082954.25,1,Darkside-20210609_20-11-51
0.992907,-0.0,0.996206,0.0086,12.64,3465.2333,4529.9667,331582795749172.5,1,Ryuk-20201119_19-47-21
0.99409,-0.0,0.996178,0.014958,3.193,817.6333,671.4,7380788935175070.0,0,Firefox-20210716_23-34-19
0.687296,1.9e-07,0.996143,0.313205,13.3348,3413.7667,1533.5667,2355465300314772.0,1,Sodinokibi-20211004_23-28-07
0.952131,-0.0,0.996295,0.157827,46.0953,11802.4333,13281.5667,735013330952577.1,1,Ryuk-20201027_22-08-41
0.993565,0.0,0.996205,0.022678,37.2169,9528.2667,9503.6667,16457126473294.03,1,GandCrab4-20200827_23-27-28
0.993565,-0.0,0.996255,0.023118,16.1904,4144.7333,3576.9667,3340310863271.3,1,TeslaCrypt-20200805_17-20-34
0.994277,4e-08,0.995814,0.000746,0.1407,36.1667,199.5333,345022417421933.5,0,Zip-20201210_19-54-00
0.580635,1.51e-06,0.996136,0.318592,6.7327,1783.2333,1266.7333,2301412506170052.0,1,GandCrab4-20200829_02-43-05
0.984383,-2e-08,0.996221,0.078024,16.1308,4129.6,3792.8333,204793288214999.6,1,GandCrab4-20200828_02-54-47
0.420539,1e-08,0.995953,0.438658,111.6921,28600.0,7202.0667,859365792472117.5,0,SDelete-20200516_01-34-09
0.395721,-2.76e-06,0.84263,0.215053,0.4994,127.9333,0.0667,326777472509120.75,0,Firefox-20210714_22-00-35
0.53139,-2.75e-06,0.99602,0.251734,5.5366,1417.4,250.1333,221827570477120.3,1,Darkside-20210603_22-33-58
0.337547,1e-08,0.995913,0.444897,13.8139,3537.9667,112.5,593278398129429.6,0,SDelete-20200526_02-28-35
0.61843,-1.82e-06,0.996281,0.301696,13.6024,3482.4,2335.4333,1472687836281743.2,1,Sodinokibi-20200824_21-33-39
0.703025,2.9e-07,0.996315,0.310723,12.9783,3322.5,1727.1667,467124304830838.1,1,GandCrab4-20200829_01-29-54
0.668972,-1.529e-05,0.996027,0.300298,4.0017,1024.5,558.2333,174403744778086.0,1,GandCrab4-20210126_22-37-34
0.978157,1.52e-06,0.995994,0.065361,5.127,1312.5333,4251.3667,261994949488859.2,0,Zip-20200427_17-56-04
0.993755,-1e-08,0.996251,0.00409,3.5509,931.1,781.7,371981827453008.1,1,Cerber-20210121_19-42-39
0.625613,-7.051e-05,0.99588,0.306058,0.3988,102.2333,1011.3333,227597679985165.78,1,Sodinokibi-20201204_23-28-32
0.937798,-6.1e-07,0.996121,0.186938,8.1405,2084.0,3753.9,1807612678894183.8,0,AESCrypt-20200420_10-52-25
0.993934,-8e-08,0.996239,0.016061,1.7502,449.4,399.6667,1340142657612757.5,0,AESCrypt-20210120_22-35-56
0.957985,1e-07,0.996466,0.145691,15.1508,3879.2667,6803.8667,734668076545038.9,0,AESCrypt-20200516_01-12-44
0.994188,1e-08,0.996061,0.005393,5.1298,1316.4,1431.1333,92441632424839.42,1,GandCrab4-20201124_21-47-20
0.977598,-1e-08,0.996236,0.098523,29.1821,7470.7,7689.2333,17772928094600.6,1,Cerber-20210126_20-47-36
0.993175,-0.0,0.996349,0.026433,89.7063,22966.0,23731.7,134118593199770.98,1,GandCrab4-20200827_03-40-35
0.307583,-9.273e-05,0.89084,0.247696,0.5824,149.1,1.7,569860601564689.2,0,Firefox-20210618_02-09-37
0.460135,2.49e-06,0.9959,0.281395,9.1639,2380.5,1589.2,315605297979906.1,1,Darkside-20210602_19-47-14
0.540396,-9.99e-06,0.995573,0.156465,1.0796,276.8333,610.8667,6311878596022851.0,0,Excel-20210707_19-54-06
0.337769,6e-08,0.995986,0.444716,34.7798,8907.4,422.8333,213104920888920.5,0,SDelete-20200415_15-21-28
0.987997,1.2e-07,0.99597,0.052474,13.1317,3361.8,5297.9333,407653366196547.94,0,Zip-20200516_03-43-17
0.986832,2.6e-07,0.995994,0.037134,11.0259,2822.6667,5005.1667,19474089281121.85,0,Zip-20201215_19-43-13
0.399762,2.195e-05,0.84123,0.198028,0.8518,218.1667,0.0667,221080570836889.28,0,Firefox-20210714_21-42-43
0.423169,-7.165e-05,0.87632,0.198746,0.2536,64.9333,0.2667,710612047336544.6,0,Firefox-20210617_23-42-02
0.434491,4.128e-05,0.940988,0.304137,0.5803,149.0,320.4,669403458733207.8,1,Sodinokibi-20200824_18-32-00
0.409883,-1.2e-06,0.916577,0.205061,1.3214,338.3,2.7,875362185096764.5,0,Firefox-20210618_00-12-16
0.425545,-7.1e-07,0.995768,0.154581,3.1059,795.1333,106.9667,107767853125168.38,1,Darkside-20210604_00-43-19
0.474022,-3.426e-05,0.947201,0.143751,0.1903,49.6667,471.1667,268399854069933.6,1,TeslaCrypt-20200521_02-08-12
0.451618,7.353e-05,0.676597,0.099125,0.1349,34.6333,40.9667,362080853776173.2,1,Ryuk-20210624_01-04-07
0.664406,3.44e-06,0.996142,0.312853,6.7583,1730.2333,3308.4,473168507233080.25,1,Ryuk-20200820_18-40-40
0.665977,1.84e-06,0.9961,0.311565,8.467,2167.7333,3341.1333,542084473857427.1,1,Ryuk-20200821_02-25-51
0.680982,5.4e-06,0.984017,0.222729,0.3194,81.8333,74.7,7401108588742705.0,0,Excel-20210707_19-29-33
0.921055,7.6e-07,0.996277,0.203936,53.4726,13689.1333,21231.2667,950658854000785.6,1,Ryuk-20200821_01-53-40
0.334302,1.68e-05,0.547646,0.065498,0.113,28.9667,298.9,3894542145586.27,1,Cerber-20210126_20-52-53
0.970707,1e-08,0.996285,0.119616,64.24,16446.4667,15407.6,345785246837664.94,1,GandCrab4-20200828_20-42-11
0.986044,1.3e-07,0.99597,0.06458,13.0694,3345.8333,5234.4333,187096130337956.97,0,Zip-20200526_02-51-42
0.362361,-5.081e-05,0.916594,0.242681,0.1113,28.6,188.7,1943587524423317.8,1,GandCrab4-20200829_01-21-37
0.959448,1e-08,0.996216,0.154496,8.9671,2302.1667,2243.9333,95824443486550.14,1,TeslaCrypt-20200611_21-15-45
0.993952,3e-08,0.996038,0.019086,1.6786,429.9,412.0333,1.2710764456431548e+16,0,Excel-20210708_23-05-31
0.411687,6.51e-06,0.866168,0.200329,1.2284,314.5,2.2,747769686013894.5,0,Firefox-20210617_23-49-05
0.795118,-1.31e-06,0.996229,0.308288,34.4609,8822.2333,4885.7,955644875123535.4,1,Sodinokibi-20211013_19-49-56
0.974287,7e-08,0.996324,0.110942,26.6196,6815.7,6829.7333,281206234233158.9,0,AESCrypt-20200516_01-24-36
0.793071,3.6e-07,0.996439,0.29265,35.3557,9051.2,13829.0,1456963705186666.8,1,Sodinokibi-20200826_02-10-07
0.180809,4.627e-05,0.993702,0.278589,0.3,76.9667,144.3667,1530012668971475.8,0,Firefox-20210617_21-47-27
0.924126,2.4e-07,0.996302,0.195578,16.8377,4310.5667,4768.7,104727256662218.75,1,Darkside-20210714_19-15-11
0.993018,0.0,0.996213,0.029263,36.7619,9412.4667,6028.5333,216637832120088.34,1,WannaCry-20200730_00-45-02
0.43414,-0.00012882,0.74926,0.188161,0.2841,72.7667,0.5667,387010861013340.56,0,Firefox-20210617_22-29-38
0.797256,1.79e-06,0.996324,0.292649,11.7762,3014.8333,829.6,1018972738495238.4,1,Sodinokibi-20200825_00-22-00
0.536826,-3.45e-06,0.994924,0.127065,0.9714,249.0,609.4333,4716750411652153.0,0,Excel-20210708_18-15-31
0.985282,2e-07,0.996531,0.073141,27.3279,6995.9333,11813.3,642805405597244.5,1,GandCrab4-20200827_01-46-49
0.592305,7.1e-07,0.999939,0.310638,23.1036,5914.6333,3134.7667,2766051322224566.0,1,Ryuk-20200822_01-09-57
0.803718,-0.00028046,0.995649,0.311938,0.3256,83.4,365.3,3146297377909296.0,1,GandCrab4-20200829_04-53-47
0.978156,-6.1e-07,0.996268,0.099811,5.4688,1400.2,1244.5667,40538052000855.38,0,AESCrypt-20201126_22-33-50
0.425047,-2.36e-06,0.995953,0.222448,1.901,486.6667,119.5,1013469124504404.9,0,Firefox-20210610_23-56-12
0.162919,-3.6e-07,0.994922,0.276476,0.3449,88.3,337.6,390498274675953.06,0,Firefox-20210611_00-14-43
0.450429,-8.23e-06,0.999684,0.209041,1.9229,492.4667,134.9667,616730869058995.0,0,Firefox-20210610_22-54-18
0.520686,9.39e-06,0.98779,0.195924,1.0008,256.2333,243.5,1824231082059752.2,0,Excel-20210701_23-41-10
0.176953,0.00019323,0.994757,0.233957,0.2621,67.1667,446.0333,462436366923527.1,0,Firefox-20210617_23-49-05
0.525108,6.75e-06,0.995521,0.194374,1.4455,370.5,861.6,1.0250730707707994e+16,0,Excel-20210708_18-04-14
0.993741,-3e-08,0.995858,0.023175,1.2049,308.6333,425.9333,1.158254827988458e+16,0,Excel-20210708_23-45-46
0.079488,0.00012818,0.994508,0.166792,0.1913,49.1,15.2667,327544925231052.7,0,Firefox-20210714_22-37-47
0.481356,2.3e-07,0.996026,0.408027,12.2819,3167.8333,895.9333,1647905923098968.8,1,Sodinokibi-20211004_23-50-38
0.170691,2.128e-05,0.994922,0.276439,0.3616,92.7667,70.2667,406935346024902.4,0,Firefox-20210610_22-54-18
0.018119,6.1e-07,0.995869,0.119726,19.0643,4880.6333,331.3,93912343807926.97,1,WannaCry-20200520_21-12-34
0.914049,8.1e-07,0.996354,0.209318,30.3622,7773.6333,19150.3333,346976919027339.8,1,Sodinokibi-20211007_19-39-34
0.976731,1.58e-06,0.995994,0.071185,4.8965,1253.5667,4460.2333,830792817485410.2,0,Zip-20200526_02-59-07
0.546907,3.7e-06,0.994102,0.165608,1.2924,331.0667,626.3,1993485295192868.5,0,Excel-20210701_22-28-40
0.173736,0.00023862,0.994757,0.236064,0.2614,66.9667,286.4333,413717220857497.56,0,Firefox-20210610_23-49-44
0.462539,-3.07e-06,0.995871,0.188463,3.1082,795.7333,125.9667,82362923402808.3,1,Darkside-20210607_19-47-44
0.976521,1.75e-06,0.995994,0.070381,4.5192,1156.9333,3760.4333,6935314365139181.0,0,Zip-20200420_15-57-06
0.973431,2e-08,0.996191,0.109616,28.0566,7182.5667,7131.9667,23144769451184.0,1,Cerber-20210126_20-19-29
0.515222,-1.279e-05,0.670227,0.101673,0.5613,143.9,141.1,292410351909538.3,0,Excel-20210708_22-06-31
0.984966,-1e-07,0.996121,0.074027,14.4043,3687.5667,1613.4,110459933532059.53,1,WannaCry-20200716_01-08-53
0.180324,-1e-07,0.994508,0.230542,0.2297,59.1333,355.2667,660543006942092.6,0,Firefox-20210617_23-35-32
0.366459,4.87e-06,0.991245,0.350363,10.2054,2644.2667,323.0333,506921976438851.94,1,Sodinokibi-20211007_02-15-13
0.304652,4.065e-05,0.814484,0.21984,0.1378,35.5,24.9333,620148725466737.6,1,Sodinokibi-20211006_18-02-25
0.880392,-7.7e-07,0.996312,0.237638,34.4772,8826.5333,6045.3333,1004075282977254.9,1,Sodinokibi-20200825_00-07-24
0.994205,-4e-08,0.99599,0.010473,1.1192,286.6667,396.3333,7256123820699912.0,0,AESCrypt-20210120_22-49-06
0.98757,2.8e-07,0.995909,0.056899,3.8292,980.4,1469.3,5517861030364.83,0,Zip-20201215_19-31-00
0.803853,1.17e-06,0.996221,0.289577,8.466,2167.3333,531.8667,701223578962849.1,1,Sodinokibi-20211013_22-00-05
0.545965,-3e-08,0.996192,0.316894,7.1776,1837.5333,1415.6,2244690898098263.5,1,GandCrab4-20200828_00-13-13
0.648285,1.22e-06,0.996027,0.293825,3.3598,897.8667,604.1667,394715625476590.6,1,Darkside-20210603_23-56-04
0.939492,4.05e-06,0.999939,0.186887,8.4675,2167.7,1810.7,699213547742098.4,1,Ryuk-20200821_17-46-39
0.341631,6.32e-06,0.872372,0.146078,1.1074,283.6,70.2667,71500634296341.33,1,Ryuk-20200821_02-25-51
0.993891,-1e-08,0.99642,0.016812,13.1085,3355.8,3918.8333,6244257395749.8,1,GandCrab4-20200828_00-03-13
0.831673,5.77e-06,0.996405,0.279248,8.5951,2200.7667,10965.2,927829732392201.1,1,Sodinokibi-20210209_20-18-32
0.278241,-2.719e-05,0.994339,0.299016,0.3891,100.0667,2158.5333,470178498469321.4,0,Firefox-20210611_00-25-47
0.476237,-0.00017663,0.837079,0.219043,0.2378,61.1667,68.5,972077636304283.2,1,Sodinokibi-20200824_21-33-39
0.294262,-0.00108194,0.53702,0.146502,0.018,4.6333,0.1333,764795098378563.9,0,Firefox-20210616_19-27-04
0.332577,-1e-08,0.995921,0.446316,36.7215,9403.4333,291.9333,175545809440660.9,0,SDelete-20200427_15-40-11
0.419389,3.11e-06,0.996053,0.20051,6.3851,1635.5333,907.0667,354957140216334.94,1,Darkside-20210607_18-02-24
0.901737,-1.63e-06,0.996331,0.225462,19.4661,4983.4667,424.2333,1063407544265454.2,1,Ryuk-20200821_18-23-03
0.948917,1.6e-07,0.996434,0.163414,80.5564,20623.1667,21255.8333,299135903835111.8,1,Sodinokibi-20211013_00-57-40
0.721526,-7.4e-07,0.996187,0.307146,12.5753,3219.3667,1408.8667,2331829856787432.5,1,Sodinokibi-20200825_17-26-22
0.465688,-6.253e-05,0.995761,0.331866,0.9583,247.4333,113.5333,1231346800661936.8,1,Sodinokibi-20200825_20-59-48
0.315866,-0.00014707,0.846265,0.208707,0.15,38.4667,48.9667,250916975560951.72,1,Darkside-20210602_19-47-14
0.992626,2.69e-06,0.995853,0.039835,0.1427,36.6,43.1667,941444167487369.6,0,Firefox-20210716_23-13-43
0.375649,1.84e-05,0.84377,0.225218,0.9811,251.3333,0.6333,247553306365861.06,0,Firefox-20210714_22-50-41
0.45718,-5.39e-06,0.995953,0.205395,1.8246,467.2667,134.0667,1090943241295265.5,0,Firefox-20210617_22-22-18
0.283541,0.0010223,0.642815,0.151411,0.0119,3.0667,1582.7333,4543288654172365.0,1,GandCrab4-20200827_02-44-19
0.972312,-2.1e-07,0.996332,0.117643,12.8254,3283.7667,4824.6333,60995740297162.88,0,AESCrypt-20201126_22-18-21
0.988365,-1.8e-07,0.995912,0.043442,8.6902,2224.7,5055.7667,7976760709045.85,0,Zip-20201215_19-39-01
0.993861,-1e-08,0.996216,0.016809,10.96,2805.8,1777.6333,291542747231999.06,1,WannaCry-20200729_02-54-18
0.009045,2.7e-07,0.995264,0.076709,18.4802,4731.1333,229.5667,54355431001716.33,1,WannaCry-20200520_20-51-15
0.503009,-3.142e-05,0.668631,0.11224,0.4321,110.8,145.1,307274341348045.25,0,Excel-20210708_21-56-09
0.541589,-1.163e-05,0.993573,0.138679,1.2666,325.1,412.1333,1570843610474541.2,0,Excel-20210702_00-05-58
0.985975,-1.4e-07,0.99585,0.055607,10.8687,2782.4333,6226.7,397295066476492.75,0,Zip-20200516_03-46-13
0.470283,9.5e-07,0.708448,0.078769,0.4522,115.9,657.5333,551382369668048.7,1,Sodinokibi-20200825_18-43-38
0.9693,-4e-07,0.996424,0.127465,17.539,4490.1667,4354.6667,134976663144000.06,0,AESCrypt-20200420_10-52-25
0.967656,-2.1e-07,0.996117,0.127942,5.852,1498.1,837.5,138005595619108.98,0,AESCrypt-20200427_16-23-28
0.848087,4.14e-06,0.999632,0.272464,15.6547,4007.6333,2940.5,387032693378204.06,1,WannaCry-20200610_20-21-39
0.702557,-0.00044079,0.995715,0.35078,0.2078,53.2,15.7333,2776177083803440.0,1,Ryuk-20200822_00-26-35
0.123778,6.889e-05,0.995725,0.230842,0.2238,57.5,293.4333,363557165209998.56,0,Firefox-20210610_23-13-14
0.725586,-4.8e-07,0.996063,0.321665,5.1044,1306.7667,1194.3667,471745106572715.7,1,Ryuk-20200820_18-03-08
0.974384,-1.6e-07,0.996451,0.112806,9.9343,2543.4667,4411.2333,62638748494042.1,0,AESCrypt-20201126_22-24-10
0.531291,1.307e-05,0.99603,0.249923,4.5529,1165.7,1729.3,135822062329637.31,1,Darkside-20210714_20-04-02
0.525943,-9.98e-06,0.995686,0.165366,1.3798,353.4,455.7333,9630038202119394.0,0,Excel-20210707_21-23-17
0.966939,2.35e-06,0.996045,0.144227,2.5998,665.5667,273.6,2782421089205321.0,1,GandCrab4-20200828_01-46-43
0.574539,-6.37e-06,0.995868,0.282323,2.4116,617.4,481.8667,214522133555233.78,1,Cerber-20200806_21-40-06
0.994271,0.0,0.996309,0.007215,4.7989,1228.6333,1415.9,246089419723906.78,1,GandCrab4-20201124_19-49-48
0.957927,3e-08,0.996273,0.149016,18.9015,4839.1,3541.6,184757970658950.1,1,Sodinokibi-20200825_02-08-02
0.712323,2.365e-05,0.996008,0.308155,1.5866,491.1667,307.5333,387089646257737.0,1,Ryuk-20200821_20-34-10
0.341866,0.00027267,0.75759,0.155825,0.0186,4.7667,15.9,76949782397346.22,0,Firefox-20210617_23-13-25
0.591196,1.407e-05,0.99198,0.341837,3.8469,994.3333,452.5333,508606543760993.9,1,Sodinokibi-20211014_19-56-55
0.290944,3.71e-06,0.982233,0.335401,6.3469,1638.4,74.7333,326705116372135.6,1,Sodinokibi-20211012_22-28-35
0.53137,1.24e-06,0.995162,0.15136,1.2942,332.3667,1106.4333,1911809548234561.2,0,Excel-20210701_23-41-10
0.494495,6.834e-05,0.999939,0.261792,0.5865,150.2333,28.7,1464708056909172.2,0,Firefox-20210616_19-27-04
0.500546,-9.461e-05,0.995679,0.33824,0.7658,196.5333,426.4,536929435753663.94,1,Cerber-20200806_21-40-06
0.99428,-0.0,0.996485,0.006176,14.7595,3778.7667,196.0333,33309895382027.04,0,SDelete-20210121_00-00-16
0.879817,-2.8e-07,0.996231,0.251779,21.6999,5555.2,739.2,935382097801928.4,1,Sodinokibi-20200826_00-58-23
0.993446,0.0,0.996426,0.023264,48.4198,12395.4667,5892.9,199553614691469.53,1,WannaCry-20200730_01-01-54
0.628991,-9.9e-07,0.996058,0.288478,7.7478,1983.5,1182.1,2039930171902457.2,1,Cerber-20200806_18-11-08
0.776328,4.1e-07,0.99627,0.302652,18.827,4822.2333,1424.7,763680827341049.6,1,Sodinokibi-20211007_01-52-01
0.972453,-1.1e-07,0.996487,0.117283,27.5214,7046.2333,7329.9667,196192615799930.84,0,AESCrypt-20200516_00-59-41
0.348547,0.00141078,0.55477,0.145916,0.0057,1.4667,0.0,358768281417224.44,1,GandCrab4-20200827_02-29-33
0.337555,-1e-08,0.996099,0.445843,78.2353,20028.5,522.5,203524628181662.16,0,SDelete-20201208_22-17-32
0.535707,-6.84e-06,0.996105,0.248011,2.4667,690.6667,109.0333,115688367897054.89,1,Darkside-20210608_19-16-01
0.991863,1e-08,0.99597,0.021641,13.0473,3340.1333,5236.4667,62453518741311.2,0,Zip-20200526_03-02-54
0.563739,-2.614e-05,0.995972,0.333358,0.893,232.0333,23.3333,474371057729849.8,1,Darkside-20210528_00-19-51
0.993763,3e-08,0.996051,0.021936,1.1728,300.4333,282.5,1.0896833435838844e+16,0,Excel-20210708_23-40-10
0.333259,-7e-08,0.995998,0.443639,39.1152,10018.1333,435.2333,373673154301807.44,0,SDelete-20200415_15-53-48
0.552571,-9.89e-06,0.993837,0.135456,1.2533,321.0,517.7,1723535038064304.2,0,Excel-20210701_23-01-57
0.773999,1.76e-06,0.996302,0.30672,41.8159,10705.0667,13417.3333,1859437830503766.0,1,GandCrab4-20200828_20-13-56
0.636033,-6.86e-06,0.995984,0.301101,4.1225,1055.4,291.9,397439205413199.9,1,Darkside-20210602_22-58-51
0.493123,-0.00013802,0.668631,0.089708,0.217,55.6,31.0333,351523971601627.1,0,Excel-20210708_21-27-03
0.967889,1.2e-07,0.996258,0.12588,17.558,4495.6,2275.2,801503361691951.5,0,AESCrypt-20200526_01-40-49
0.853522,3.41e-06,0.996135,0.224024,3.301,845.1,828.4667,411306702489041.9,1,Darkside-20210603_22-08-14
0.082988,5.61e-05,0.994757,0.174367,0.1928,49.5,16.6333,341062690597148.8,0,Firefox-20210714_22-08-39
0.859121,9.7e-07,0.999939,0.259705,62.4369,15983.9,18726.5667,1374173154013330.5,1,Ryuk-20200820_23-19-58
0.517036,3.82e-06,0.571474,0.030263,0.2701,69.1333,0.5667,455092612735166.94,0,Firefox-20210617_23-55-59
0.337374,1e-08,0.99591,0.449988,61.4267,15725.4667,449.4,68392125750395.69,0,SDelete-20210624_02-02-14
0.993002,5e-07,0.9958,0.033384,0.5038,129.2,2688.1667,1995693568957739.0,0,Firefox-20210717_00-00-24
0.262847,0.00067487,0.598844,0.132963,0.0326,8.3667,6.1,390417366832122.9,1,Darkside-20210603_22-25-22
0.552724,8.46e-06,0.670745,0.103713,0.443,113.6,145.5667,403065862687191.25,0,Excel-20210708_22-01-42
0.482518,4.97e-06,0.995938,0.265884,3.3177,849.3667,508.6667,368695001074053.7,1,Darkside-20210607_20-11-29
0.992088,-2.2e-07,0.995971,0.019026,3.6151,925.4667,1606.1333,50893675971869.41,0,Zip-20200420_15-44-56
0.132197,-3.463e-05,0.576355,0.174433,0.0641,16.4,268.0667,244618478849334.38,0,Firefox-20210618_00-12-16
0.123844,0.00011474,0.994922,0.227937,0.2227,57.2667,607.7333,345495572295827.8,0,Firefox-20210714_22-29-57
0.094777,0.00016332,0.994757,0.18717,0.2061,52.8,282.4333,371752623162540.6,0,Firefox-20210611_00-02-39
0.994171,-0.0,0.996127,0.008924,3.6634,937.8333,1190.0333,21376376539178.94,1,Cerber-20200729_03-46-38
0.974339,-6e-08,0.996272,0.111062,29.928,7662.2,7676.4333,353136215704024.9,1,GandCrab4-20200828_19-05-45
0.548612,6.16e-06,0.994498,0.184523,1.215,311.2333,586.3,2247965041353800.8,0,Excel-20210701_23-13-43
0.993248,-8e-08,0.995971,0.006351,2.1333,546.1333,763.4667,40102684541579.45,0,Zip-20200420_15-37-17
0.405802,-0.00028373,0.689391,0.22762,0.2056,53.4333,424.9,1044989759948190.0,0,Excel-20210702_00-22-07
0.992257,4e-08,0.996002,0.008581,11.0667,2833.0667,5060.8,130622205050380.36,0,Zip-20200427_17-46-52
0.874791,-3.2e-07,0.996179,0.223423,48.4899,12413.4667,7301.7333,1081449480361254.4,1,WannaCry-20200805_18-19-34
0.976092,-3e-07,0.996454,0.108386,9.8903,2532.0,2741.4,125960687042583.3,0,AESCrypt-20200427_16-36-30
0.975911,7e-07,0.996349,0.102852,15.5143,3991.0667,8015.1,824068421907788.5,1,GandCrab4-20200827_00-54-02
0.512595,8.3e-07,0.99495,0.168625,1.255,322.3333,1102.3333,1858454138198460.5,0,Excel-20210702_00-16-52
0.517101,-2.72e-06,0.571474,0.034172,0.1356,34.7333,0.5667,426338722473382.9,0,Firefox-20210617_22-15-49
0.54922,2.56e-06,0.996025,0.317369,6.8507,1753.8,1298.7667,2268203134860302.5,1,GandCrab4-20200828_00-52-49
0.5788,-7.69e-06,0.996221,0.269045,4.1245,1055.8667,257.8,199542416988136.16,1,Darkside-20210607_20-03-43
0.97878,1e-08,0.996218,0.098625,31.2842,8009.2,8051.6,375633895386658.7,1,GandCrab4-20200828_03-21-29
0.337029,0.0,0.995859,0.448022,128.2107,32831.9333,891.9667,463416524500933.2,0,SDelete-20200516_02-44-26
0.340442,0.0,0.995736,0.437697,105.5551,27033.3,776.6,604843268563216.8,0,SDelete-20200516_02-48-49
0.993869,-2.4e-07,0.995882,0.019529,0.2994,76.8667,318.7667,423846843859592.44,0,Zip-20201210_19-38-32
0.573617,-0.00010447,0.995784,0.310377,0.5266,134.8333,47.6667,2536216332081999.5,1,Cerber-20200806_18-31-25
0.08606,1.138e-05,0.994901,0.233311,0.4579,117.3333,48.2667,332942046748118.1,0,Firefox-20210714_22-16-14
0.749046,1.55e-06,0.996085,0.287556,4.0047,1025.2333,641.0,444306593340927.44,1,Cerber-20200806_21-45-41
0.396477,-0.00121165,0.697129,0.138714,0.0167,4.2667,33.5667,89844536621379.9,1,GandCrab4-20200829_01-29-54
0.993905,0.0,0.99631,0.016527,93.8029,24013.5667,23624.5,7324222027879.93,1,GandCrab4-20200828_01-46-43
0.525233,-8.77e-06,0.670227,0.100639,0.4961,127.1667,129.3,326600143960547.2,0,Excel-20210708_22-16-53
0.993654,1e-07,0.995944,0.024844,0.9069,232.3667,362.8,9440345439522386.0,0,Excel-20210708_23-34-51
0.597252,-1.222e-05,0.995927,0.318255,3.8481,1019.9667,380.8667,2814667575102592.5,1,Ryuk-20200821_20-44-58
0.532824,7.54e-06,0.814855,0.131128,0.4797,123.1333,211.8333,469029313435687.5,0,Excel-20210708_22-11-45
0.992697,-8e-08,0.996082,0.012507,2.7209,744.2333,33.6667,341536651534515.06,1,Sodinokibi-20210120_20-18-44
0.542399,1.419e-05,0.670677,0.079724,0.8284,212.2,243.5333,350855303186436.56,0,Excel-20210708_22-16-53
0.672085,1.91e-06,0.996132,0.307873,9.1111,2332.5333,3283.7333,553122920064059.94,1,Ryuk-20200821_01-48-08
0.957538,-6.7e-07,0.996032,0.152765,3.6679,939.2,1203.3,248821702122017.5,0,AESCrypt-20200526_00-44-12
0.458191,0.00064181,0.751294,0.124557,0.0125,3.2333,32.5667,3807985184725596.5,1,Ryuk-20200821_21-58-19
0.994109,-2e-08,0.996123,0.007028,3.0697,788.7,539.1,379393570701442.1,1,GandCrab4-20201124_20-25-48
0.993984,1e-08,0.996112,0.007689,5.5066,1417.6667,296.4667,310562269706710.94,1,GandCrab4-20201124_22-06-00
0.782924,1.2e-07,0.99636,0.297355,35.2368,9020.7333,17266.7667,1490736149431715.2,1,Sodinokibi-20200826_02-05-14
0.525816,-1.175e-05,0.995686,0.174134,1.1099,284.1667,324.2,8756732583932769.0,0,Excel-20210707_21-41-40
0.803796,-2.98e-06,0.99595,0.298138,1.8379,470.5333,327.5,226171316171138.75,1,Sodinokibi-20200825_21-09-25
0.963736,5e-08,0.996394,0.131606,32.5121,8323.1667,9220.0333,45816111705001.58,1,GandCrab4-20210126_23-01-21
0.502925,1.39e-06,0.946608,0.125928,0.9633,247.0333,613.9667,4691387256792717.0,0,Excel-20210707_19-49-55
0.63538,2.56e-06,0.996047,0.3139,5.9712,1528.6333,7616.9667,2106968984671742.2,1,Sodinokibi-20200826_00-28-28
0.421418,2.6e-06,0.994973,0.201938,1.3906,356.1667,41.7,1289773688591084.8,0,Firefox-20210610_22-54-18
0.602482,4.8e-07,0.995945,0.285874,6.2986,1612.5333,724.0667,398041106686447.3,1,Darkside-20210603_22-42-29
0.687811,-7.2e-07,0.99611,0.316437,12.4176,3178.9333,1456.0333,2326283248043022.5,1,Sodinokibi-20200825_18-03-43
0.974763,-2e-08,0.996635,0.107916,63.4484,16243.1333,6851.0333,51227851221015.68,1,WannaCry-20201029_22-08-13
0.436493,-7.11e-06,0.995953,0.225209,1.8546,474.8,40.3333,1067596988813333.0,0,Firefox-20210617_23-55-59
0.431731,-4.2e-07,0.991581,0.174975,1.5063,385.8,24.0,3241384631800810.5,0,Firefox-20210617_21-54-16
0.650593,-3.38e-06,0.995891,0.285212,3.9174,1002.9,512.8,309286586001955.4,1,Cerber-20210126_20-58-01
0.561394,7.31e-06,0.994105,0.203417,1.3959,357.5,313.7333,1404990344486055.8,0,Excel-20210701_22-50-01
0.211372,-4.94e-06,0.996197,0.361576,20.5819,5269.0,745.3667,621050742782787.9,1,WannaCry-20200422_16-12-56
0.337438,4e-08,0.995895,0.445829,38.9989,9987.8,310.1667,147029812406339.88,0,SDelete-20200427_15-52-59
0.57176,4.98e-06,0.996454,0.320521,7.1906,1840.8333,1297.1667,2410734642319112.0,1,GandCrab4-20200828_00-03-13
0.649948,-9.3e-07,0.996053,0.293961,11.7792,3015.4667,2372.4,1997750160157774.2,1,GandCrab4-20200828_19-22-15
0.26161,0.00028608,0.887543,0.145871,0.0536,13.7333,3.4667,2189920120339628.0,1,GandCrab4-20200829_04-21-02
0.101772,0.000269,0.994508,0.183437,0.1508,38.6,17.2333,418566369541465.25,0,Firefox-20210617_23-06-08
0.77716,-0.0001694,0.995839,0.360935,0.2598,66.5333,0.3333,346619684439985.75,1,Darkside-20210608_19-07-58
0.993489,-1.3e-07,0.995911,0.028223,0.7625,195.4,105.9667,892512942414390.4,0,Firefox-20210717_00-12-47
0.83717,-7.3e-07,0.996119,0.280809,19.2455,4927.6333,304.7,750460619584765.9,1,Ryuk-20200820_18-35-05
0.974815,-5e-08,0.996204,0.112443,31.2033,7988.5667,8043.3333,335840996904473.1,1,GandCrab4-20200828_02-47-58
0.97019,6e-08,0.996415,0.12116,26.6832,6831.3,8283.8333,760137718106939.0,1,Cerber-20200807_21-24-51
0.993364,3.5e-07,0.99584,0.029084,0.6646,170.8,418.8,2835005618903469.0,0,AESCrypt-20210120_23-01-42
0.993877,-1e-08,0.995938,0.020665,1.7232,441.5333,423.8333,5082329077181554.0,0,Firefox-20210716_23-34-19
0.608436,2.84e-06,0.996072,0.32737,6.3693,1630.6667,1026.1667,2224693020748489.5,1,Sodinokibi-20200824_18-47-50
0.521779,-2.208e-05,0.995912,0.169424,0.4685,119.9667,356.1,2315698464667037.0,0,Excel-20210707_21-01-51
0.364128,0.000115,0.784532,0.154993,0.1125,29.4333,105.2,609354217851774.0,1,Sodinokibi-20200824_20-38-24
0.993441,9e-08,0.995864,0.027776,0.3084,79.3,319.9,1494452335810093.8,0,Zip-20201210_19-33-30
0.085102,1.108e-05,0.994757,0.177737,0.1958,50.3333,3168.0333,346158839196217.6,0,Firefox-20210714_21-53-48
0.994,2e-08,0.996138,0.017839,1.9304,494.3333,181.0,5963893944944644.0,0,Firefox-20210717_00-00-24
0.943773,1.4e-07,0.996419,0.171839,43.9628,11255.2667,12421.0333,814103273208894.6,1,Ryuk-20201027_22-14-47
0.993849,7e-07,0.995964,0.019748,0.3165,81.3333,312.8667,1477028265563689.2,0,Zip-20201210_19-19-03
0.335769,0.0,0.995985,0.450658,119.0858,30486.2667,824.5333,161092839090948.56,0,SDelete-20201208_22-31-20
0.612068,-2e-07,0.996201,0.293375,15.5105,3970.7667,2216.4667,1591691873055626.5,1,Sodinokibi-20200824_20-38-24
0.961738,-1.4e-07,0.996452,0.142635,71.6189,18334.5667,15374.3333,231254712681316.16,1,Ryuk-20200820_23-50-38
0.99319,9.9e-07,0.995932,0.029587,0.4176,107.5,156.8667,1842287022330288.0,0,AESCrypt-20210120_22-49-06
0.663948,-5.03e-06,0.996063,0.289334,4.3404,1111.2667,551.3333,533318695744814.06,1,Cerber-20200729_04-01-34
0.99312,4.47e-06,0.995805,0.030272,0.12,31.1,237.3333,4066241813030911.0,0,Zip-20201210_19-28-46
0.99273,0.0,0.996224,0.035357,37.369,9567.0667,9846.8333,223844996351101.88,1,GandCrab4-20200827_00-54-02
0.991734,-4.6e-07,0.996,0.038571,0.1695,43.4,11.8,5109663417.25,0,AESCrypt-20200420_11-03-56
0.912074,3.9e-07,0.996315,0.212373,68.3815,17507.2333,30133.3667,527738509349277.94,1,Sodinokibi-20211004_23-50-38
0.994269,-0.0,0.996389,0.004724,24.3618,6242.7333,2527.7333,2895455575923044.0,1,Darkside-20210717_00-44-20
0.517984,-1.119e-05,0.995686,0.171001,1.3845,354.6,535.6667,1.0574882389924936e+16,0,Excel-20210708_18-09-42
0.9938,2.5e-07,0.995944,0.020927,0.7772,199.1,439.8333,8203612767601611.0,0,Excel-20210708_23-05-31
0.97345,-5e-08,0.996235,0.116352,16.6396,4259.8,4433.7,109906370339613.33,0,AESCrypt-20200420_11-12-26
0.994037,-9e-08,0.996021,0.01581,1.3987,358.3667,369.2333,4155798082061307.0,0,AESCrypt-20210120_22-31-13
0.645023,1.2e-07,0.99604,0.307658,5.7926,1482.9,1232.7333,3040558056277701.0,1,GandCrab4-20200827_17-27-08
0.971128,-2e-07,0.996331,0.119618,22.8839,5858.3,7031.9333,268586030187812.84,1,Sodinokibi-20200824_22-27-03
0.975157,1e-07,0.996207,0.108192,16.4611,4214.1,4423.5333,169676843980793.1,0,AESCrypt-20200420_11-41-59
0.529433,1.06e-06,0.991728,0.185804,1.2296,314.8,278.8333,1755547730946449.2,0,Excel-20210701_23-49-20
0.994042,-4e-08,0.995926,0.016047,1.4221,364.2333,352.4,8358972563063907.0,0,AESCrypt-20210120_22-09-27
0.338199,0.0,0.996069,0.443372,101.0182,25872.4333,753.9333,580824278361059.5,0,SDelete-20200526_02-10-52
